year,rank,title,stage4_row_key,tmdb_id,imdb_id_tmdb,tmdb_title,tmdb_release_date,tmdb_match_confidence,worldwide_gross,domestic_gross,foreign_gross,domestic_pct,foreign_pct,domestic_rank,foreign_rank,domestic_foreign_ratio,rank_gap_domestic_vs_worldwide,rank_gap_foreign_vs_worldwide,domestic_missing,foreign_missing,worldwide_missing,any_gross_missing,synopsis_en,source_url,subtitle_available,subtitle_language,subtitle_path,hero_name,hero_actor,villain_name,villain_actor,victim_name,victim_level,hero_victim_distance,conflict_scale,moral_scope_index,confidence,has_political_keyword,political_keyword_count,political_any_core,political_any_broad,polkw_core,polkw_broad,total_kw,polshare_core,polshare_broad,parsing_status,warning_message,error_message
1977,1,Star Wars: Episode IV - A New Hope,0,11.0,tt0076759,Star Wars,1977-05-25,MANUAL_ACCEPTED,307263857,307263857.0,,100.0,,1.0,,,0.0,,False,True,False,True,Princess Leia is captured and held hostage by the evil Imperial forces in their effort to take over the galactic Empire. Venturesome Luke Skywalker and dashing captain Han Solo team together with the loveable robot duo R2-D2 and C-3PO to rescue the beautiful princess and restore peace and justice in the Empire.,https://www.boxofficemojo.com/year/world/1977/,True,en,/Users/cedricroetheli/Desktop/BA Cédric/Input/Code/boxoffice-analysis-pipeline/data/raw/subtitles/1977_Star_Wars_Episode_IV_A_New_Hope_tt0076759_5242536.srt,Luke Skywalker,individual_civilian,Imperial forces,state_military,the Empire,2,2,2,4,medium,True,2,True,True,2,2,22,0.0909090909090909,0.0909090909090909,success,,
1977,2,Smokey and the Bandit,1,11006.0,tt0076729,Smokey and the Bandit,1977-05-27,HIGH,126748082,126737428.0,87.0,100.0,0.1,2.0,3.0,1456752.0459770116,0.0,1.0,False,False,False,False,"A race car driver tries to transport an illegal beer shipment from Texas to Atlanta in under 28 hours, picking up a reluctant bride-to-be on the way.",https://www.boxofficemojo.com/year/world/1977/,True,en,/Users/cedricroetheli/Desktop/BA Cédric/Input/Code/boxoffice-analysis-pipeline/data/raw/subtitles/1977_Smokey_and_the_Bandit_tt0076729_4933073.srt,the Bandit,individual_civilian,law enforcement pursuing the beer run,state_military,the Bandit and the illegal beer shipment mission,0,0,2,0,medium,True,1,False,True,0,1,23,0.0,0.0434782608695652,success,,
1977,3,Close Encounters of the Third Kind,2,840.0,tt0075860,Close Encounters of the Third Kind,1977-12-14,HIGH,116398937,116395460.0,2696.0,100.0,0.1,3.0,2.0,43173.390207715136,0.0,-1.0,False,False,False,False,"After an encounter with UFOs, an electricity linesman feels undeniably drawn to an isolated area in the wilderness where something spectacular is about to happen.",https://www.boxofficemojo.com/year/world/1977/,True,en,/Users/cedricroetheli/Desktop/BA Cédric/Input/Code/boxoffice-analysis-pipeline/data/raw/subtitles/1977_Close_Encounters_of_the_Third_Kind_tt0075860_7081274.srt,an electricity linesman,individual_civilian,UFOs,non_human,the electricity linesman,0,0,0,0,low,False,0,False,False,0,0,40,0.0,0.0,success,,
1977,4,Saturday Night Fever,3,11009.0,tt0076666,Saturday Night Fever,1977-12-16,HIGH,94214336,94213184.0,,100.0,,4.0,,,0.0,,False,True,False,True,Tony spends his Saturdays at a disco where his stylish moves raise his popularity among the patrons. But his life outside the disco is not easy and things change when he gets attracted to Stephanie.,https://www.boxofficemojo.com/year/world/1977/,True,en,/Users/cedricroetheli/Desktop/BA Cédric/Input/Code/boxoffice-analysis-pipeline/data/raw/subtitles/1977_Saturday_Night_Fever_tt0076666_591018.srt,Tony,individual_civilian,Tony's difficult life circumstances,none,Tony,0,0,0,0,medium,False,0,False,False,0,0,9,0.0,0.0,success_with_warnings,villain_actor unresolved (none),
1977,5,A Bridge Too Far,4,5902.0,tt0075784,A Bridge Too Far,1977-06-15,HIGH,50750000,50750000.0,,100.0,,5.0,,,0.0,,False,True,False,True,The story of Operation Market Garden—a failed attempt by the allies in the latter stages of WWII to end the war quickly by securing three bridges in Holland allowing access over the Rhine into Germany. A combination of poor allied intelligence and the presence of two crack German panzer divisions meant that the final part of this operation (the bridge in Arnhem over the Rhine) was doomed to failure.,https://www.boxofficemojo.com/year/world/1977/,True,en,/Users/cedricroetheli/Desktop/BA Cédric/Input/Code/boxoffice-analysis-pipeline/data/raw/subtitles/1977_A_Bridge_Too_Far_tt0075784_4638720.srt,the Allied forces in Operation Market Garden,state_military,"the German forces, especially the two panzer divisions at Arnhem",state_military,the Allied operation to secure the bridges into Germany,2,2,2,4,medium,True,3,True,True,1,3,15,0.0666666666666666,0.2,success,,
1977,6,The Deep,5,20416.0,tt0075925,The Deep,1977-06-17,HIGH,47346365,47346365.0,,100.0,,6.0,,,0.0,,False,True,False,True,A pair of young vacationers are involved in a dangerous conflict with treasure hunters when they discover a way into a deadly wreck in Bermuda waters.,https://www.boxofficemojo.com/year/world/1977/,True,en,/Users/cedricroetheli/Desktop/BA Cédric/Input/Code/boxoffice-analysis-pipeline/data/raw/subtitles/1977_The_Deep_tt0075925_2662364.srt,a pair of young vacationers,collective_civilian,treasure hunters,collective_civilian,a pair of young vacationers,0,0,0,0,medium,False,0,False,False,0,0,11,0.0,0.0,success,,
1977,7,The Spy Who Loved Me,6,691.0,tt0076752,The Spy Who Loved Me,1977-07-07,HIGH,46839295,46838673.0,,100.0,,7.0,,,0.0,,False,True,False,True,Russian and British submarines with nuclear missiles on board both vanish from sight without a trace. England and Russia both blame each other as James Bond tries to solve the riddle of the disappearing ships. But the KGB also has an agent on the case.,https://www.boxofficemojo.com/year/world/1977/,True,en,/Users/cedricroetheli/Desktop/BA Cédric/Input/Code/boxoffice-analysis-pipeline/data/raw/subtitles/1977_The_Spy_Who_Loved_Me_tt0076752_468088.srt,James Bond,state_military,the force behind the disappearing submarines,none,England and Russia,2,2,2,4,medium,True,3,True,True,2,3,28,0.0714285714285714,0.1071428571428571,success_with_warnings,villain_actor unresolved (none),
1977,8,"Oh, God!",7,24032.0,tt0076489,"Oh, God!",1977-10-07,HIGH,41687243,41687243.0,,100.0,,8.0,,,0.0,,False,True,False,True,"When God appears to an assistant grocery manager as a good natured old man, the Almighty selects him as his messenger for the modern world.",https://www.boxofficemojo.com/year/world/1977/,True,en,/Users/cedricroetheli/Desktop/BA Cédric/Input/Code/boxoffice-analysis-pipeline/data/raw/subtitles/1977_Oh_God_tt0076489_4572433.srt,the assistant grocery manager,individual_civilian,,none,the modern world,3,3,3,6,low,False,0,False,False,0,0,4,0.0,0.0,success_with_warnings,villain_actor unresolved (none),
1977,9,Annie Hall,8,703.0,tt0075686,Annie Hall,1977-04-19,HIGH,38258186,38251425.0,5771.0,100.0,0.1,9.0,1.0,6628.214347600069,0.0,-8.0,False,False,False,False,New York comedian Alvy Singer falls in love with the ditsy Annie Hall.,https://www.boxofficemojo.com/year/world/1977/,True,en,/Users/cedricroetheli/Desktop/BA Cédric/Input/Code/boxoffice-analysis-pipeline/data/raw/subtitles/1977_Annie_Hall_tt0075686_267048.srt,Alvy Singer,individual_civilian,the romantic relationship conflict between Alvy and Annie,none,Alvy and Annie Hall,1,0,0,1,medium,False,0,False,False,0,0,13,0.0,0.0,success_with_warnings,villain_actor unresolved (none),
1977,10,Semi-Tough,9,4988.0,tt0078227,Semi-Tough,1977-11-18,HIGH,37187139,37187139.0,,100.0,,10.0,,,0.0,,False,True,False,True,A three-way friendship between two free-spirited professional football players and the owner's daughter becomes compromised when two of them become romantically involved.,https://www.boxofficemojo.com/year/world/1977/,True,en,/Users/cedricroetheli/Desktop/BA Cédric/Input/Code/boxoffice-analysis-pipeline/data/raw/subtitles/1977_Semi_Tough_tt0078227_797875.srt,the three-way friendship,collective_civilian,the romantic involvement between two friends,individual_civilian,the friendship between the two football players and the owner's daughter,1,0,0,1,medium,False,0,False,False,0,0,2,0.0,0.0,success,,
1977,11,Pete's Dragon,10,11114.0,tt0076538,Pete's Dragon,1977-11-03,HIGH,35488000,35488000.0,,100.0,,11.0,,,0.0,,False,True,False,True,"Pete, a young orphan, runs away to a Maine fishing town with his best friend a lovable, sometimes invisible dragon named Elliott! When they are taken in by a kind lighthouse keeper, Nora, and her father, Elliott's prank playing lands them in big trouble. Then, when crooked salesmen try to capture Elliott for their own gain, Pete must attempt a daring rescue.",https://www.boxofficemojo.com/year/world/1977/,True,en,/Users/cedricroetheli/Desktop/BA Cédric/Input/Code/boxoffice-analysis-pipeline/data/raw/subtitles/1977_Pete_s_Dragon_tt0076538_703377.srt,Pete,individual_civilian,crooked salesmen,collective_civilian,Elliott,0,0,0,0,high,False,0,False,False,0,0,11,0.0,0.0,success,,
1977,12,Heroes,11,83061.0,tt0076138,Heroes,1977-11-04,HIGH,33500000,33500000.0,,100.0,,12.0,,,0.0,,False,True,False,True,A Vietnam veteran suffering from post traumatic stress disorder breaks out of a VA hospital and goes on a road trip with a sympathetic traveler to find out what became of the other men in his unit.,https://www.boxofficemojo.com/year/world/1977/,True,en,/Users/cedricroetheli/Desktop/BA Cédric/Input/Code/boxoffice-analysis-pipeline/data/raw/subtitles/1977_Heroes_tt0076138_4024817.srt,a Vietnam veteran suffering from post traumatic stress disorder,individual_civilian,post traumatic stress disorder and its aftermath,none,the veteran and the other men in his unit,1,0,0,1,medium,False,0,False,False,0,0,4,0.0,0.0,success_with_warnings,villain_actor unresolved (none),
1977,13,High Anxiety,12,12535.0,tt0076141,High Anxiety,1977-12-25,HIGH,31063038,31063038.0,,100.0,,13.0,,,0.0,,False,True,False,True,"A psychiatrist with intense acrophobia (fear of heights) goes to work for a mental institution run by doctors who appear to be crazier than their patients, and have secrets that they are willing to commit murder to keep.",https://www.boxofficemojo.com/year/world/1977/,True,en,/Users/cedricroetheli/Desktop/BA Cédric/Input/Code/boxoffice-analysis-pipeline/data/raw/subtitles/1977_High_Anxiety_tt0076141_635478.srt,the acrophobic psychiatrist,individual_civilian,the doctors running the mental institution,collective_civilian,the psychiatrist and others threatened by the institution's secrets,1,0,0,1,medium,False,0,False,False,0,0,8,0.0,0.0,success,,
1977,14,Exorcist II: The Heretic,13,11586.0,tt0076009,Exorcist II: The Heretic,1977-06-17,HIGH,30749142,30749142.0,,100.0,,14.0,,,0.0,,False,True,False,True,"Bizarre nightmares plague Regan MacNeil four years after her possession and exorcism. Has the demon returned? And if so, can the combined faith and knowledge of a Vatican investigator and a research specialist free her from its grasp?",https://www.boxofficemojo.com/year/world/1977/,True,en,/Users/cedricroetheli/Desktop/BA Cédric/Input/Code/boxoffice-analysis-pipeline/data/raw/subtitles/1977_Exorcist_II_The_Heretic_tt0076009_387662.srt,a Vatican investigator and a research specialist,collective_civilian,the demon,non_human,Regan MacNeil,0,1,0,1,high,False,0,False,False,0,0,18,0.0,0.0,success,,
1977,15,The Rescuers,14,11319.0,tt0076618,The Rescuers,1977-06-22,HIGH,29000120,29000000.0,,100.0,,15.0,,,0.0,,False,True,False,True,Two agents of the mouse-run International Rescue Aid Society search for a little orphan girl kidnapped by sinister treasure hunters.,https://www.boxofficemojo.com/year/world/1977/,True,en,/Users/cedricroetheli/Desktop/BA Cédric/Input/Code/boxoffice-analysis-pipeline/data/raw/subtitles/1977_The_Rescuers_tt0076618_1447553.srt,two agents of the International Rescue Aid Society,collective_civilian,sinister treasure hunters,collective_civilian,a little orphan girl,0,0,0,0,high,False,0,False,False,0,0,14,0.0,0.0,success,,
1977,16,Slap Shot,15,11590.0,tt0076723,Slap Shot,1977-02-25,HIGH,28000000,28000000.0,,100.0,,16.0,,,0.0,,False,True,False,True,"To build up attendance at their games, the management of a struggling minor-league hockey team signs up the Hanson Brothers, three hard-charging players whose job is to demolish the opposition.",https://www.boxofficemojo.com/year/world/1977/,True,en,/Users/cedricroetheli/Desktop/BA Cédric/Input/Code/boxoffice-analysis-pipeline/data/raw/subtitles/1977_Slap_Shot_tt0076723_629094.srt,the struggling minor-league hockey team management,corporate_institutional,the opposition,collective_civilian,the opposition,1,1,0,2,low,False,0,False,False,0,0,5,0.0,0.0,success,,
1977,17,Herbie Goes to Monte Carlo,16,14140.0,tt0076137,Herbie Goes to Monte Carlo,1977-06-24,HIGH,28000000,28000000.0,,100.0,,16.0,,,-1.0,,False,True,False,True,"Herbie, the Volkswagen Beetle with a mind of its own, is racing in the Monte Carlo Rally. But thieves have hidden a cache of stolen diamonds in Herbie's gas tank, and are now trying to get them back.",https://www.boxofficemojo.com/year/world/1977/,True,en,/Users/cedricroetheli/Desktop/BA Cédric/Input/Code/boxoffice-analysis-pipeline/data/raw/subtitles/1977_Herbie_Goes_to_Monte_Carlo_tt0076137_692459.srt,Herbie,non_human,the thieves,collective_civilian,Herbie,0,0,2,0,medium,False,0,False,False,0,0,7,0.0,0.0,success,,
1977,18,The Gauntlet,17,17689.0,tt0076070,The Gauntlet,1977-12-17,HIGH,26414658,26414658.0,,100.0,,18.0,,,0.0,,False,True,False,True,Phoenix cop Ben Shockley is well on his way to becoming a derelict when he is assigned to transport a witness from Las Vegas. The witness turns out to be a belligerent prostitute with mob ties—and incriminating information regarding a high-ranking official.,https://www.boxofficemojo.com/year/world/1977/,True,en,/Users/cedricroetheli/Desktop/BA Cédric/Input/Code/boxoffice-analysis-pipeline/data/raw/subtitles/1977_The_Gauntlet_tt0076070_620567.srt,Ben Shockley,state_military,a high-ranking official and associated corrupt forces,state_military,the witness,0,0,1,0,medium,False,0,False,False,0,0,29,0.0,0.0,success,,
1977,19,The Turning Point,18,61280.0,tt0076843,The Turning Point,1977-11-14,HIGH,25933445,25933445.0,,100.0,,19.0,,,0.0,,False,True,False,True,"As young dancers, they were best friends and fierce rivals. Deedee left the stage for marriage and motherhood, while Emma would become an international ballet icon. But when Deedee's teenage daughter is invited to join Emma's dance company and begins an affair with a young Russian star, the two women are forced to confront the choices they've made, the resentments they've hidden and the emotional truths they must face at the turning point.",https://www.boxofficemojo.com/year/world/1977/,True,en,/Users/cedricroetheli/Desktop/BA Cédric/Input/Code/boxoffice-analysis-pipeline/data/raw/subtitles/1977_The_Turning_Point_tt0076843_3818372.srt,Deedee and Emma,collective_civilian,their unresolved rivalry and personal resentments,none,"Deedee, Emma, and Deedee's daughter",1,0,0,1,medium,False,0,False,False,0,0,16,0.0,0.0,success_with_warnings,villain_actor unresolved (none),
1977,20,Freaky Friday,19,16084.0,tt0076054,Freaky Friday,1976-12-17,MED,25642000,25642000.0,,100.0,,20.0,,,0.0,,False,True,False,True,"School girl Annabel is hassled by her mother, and Mrs. Andrews is annoyed with her daughter, Annabel. They both think that the other has an easy life. On a normal Friday morning, both complain about each other and wish they could have the easy life of their daughter/mother for just one day and their wishes come true as a bit of magic puts Annabel in Mrs. Andrews' body and vice versa. They both have a Freaky Friday.",https://www.boxofficemojo.com/year/world/1977/,True,en,/Users/cedricroetheli/Desktop/BA Cédric/Input/Code/boxoffice-analysis-pipeline/data/raw/subtitles/1977_Freaky_Friday_tt0076054_4312575.srt,Annabel and Mrs. Andrews,collective_civilian,the body-swap magic / mutual mother-daughter conflict,non_human,Annabel and Mrs. Andrews,1,0,0,1,medium,False,0,False,False,0,0,7,0.0,0.0,success,,
1978,1,Grease,20,621.0,tt0077631,Grease,1978-06-16,HIGH,160018339,159978870.0,1179.0,100.0,0.1,1.0,4.0,135690.30534351146,0.0,3.0,False,False,False,False,"Australian good girl Sandy and greaser Danny fell in love over the summer. But when they unexpectedly discover they're now in the same high school, will they be able to rekindle their romance despite their eccentric friends?",https://www.boxofficemojo.com/year/world/1978/,True,en,/Users/cedricroetheli/Desktop/BA Cédric/Input/Code/boxoffice-analysis-pipeline/data/raw/subtitles/1978_Grease_tt0077631_4604669.srt,Sandy and Danny,collective_civilian,their eccentric friends and social pressures at high school,collective_civilian,Sandy and Danny's romance,0,0,0,0,medium,False,0,False,False,0,0,37,0.0,0.0,success,,
1978,2,Superman,21,1924.0,tt0078346,Superman,1978-12-14,HIGH,134220479,134218018.0,2461.0,100.0,0.1,2.0,3.0,54538.0,0.0,1.0,False,False,False,False,"Mild-mannered Clark Kent works as a reporter at the Daily Planet alongside his crush, Lois Lane. Clark must summon his superhero alter-ego when the nefarious Lex Luthor launches a plan to take over the world.",https://www.boxofficemojo.com/year/world/1978/,True,en,/Users/cedricroetheli/Desktop/BA Cédric/Input/Code/boxoffice-analysis-pipeline/data/raw/subtitles/1978_Superman_tt0078346_546322.srt,Clark Kent / Superman,individual_civilian,Lex Luthor,individual_civilian,the world,3,3,3,6,high,False,0,False,False,0,0,20,0.0,0.0,success,,
1978,3,National Lampoon's Animal House,22,8469.0,tt0077975,Animal House,1978-07-28,MANUAL_ACCEPTED,120098342,120091123.0,7219.0,100.0,0.1,3.0,2.0,16635.423604377338,0.0,-1.0,False,False,False,False,"At a 1962 College, Dean Vernon Wormer is determined to expel the entire Delta Tau Chi Fraternity, but those troublemakers have other plans for him.",https://www.boxofficemojo.com/year/world/1978/,True,en,/Users/cedricroetheli/Desktop/BA Cédric/Input/Code/boxoffice-analysis-pipeline/data/raw/subtitles/1978_National_Lampoon_s_Animal_House_tt0077975_513373.srt,Delta Tau Chi Fraternity,collective_civilian,Dean Vernon Wormer,corporate_institutional,Delta Tau Chi Fraternity,1,0,0,1,high,False,0,False,False,0,0,9,0.0,0.0,success,,
1978,4,Every Which Way But Loose,23,15417.0,tt0077523,Every Which Way but Loose,1978-12-16,HIGH,85196485,85196485.0,,100.0,,4.0,,,0.0,,False,True,False,True,"Philo Beddoe is your regular, easygoing, truck-driving guy. He's also the best bar-room brawler west of the Rockies. And he lives with a 165-pound orangutan named Clyde. Like other guys, Philo finally falls in love - with a flighty singer who leads him on a screwball chase across the American Southwest. Nothing's in the way except a motorcycle gang, some cops, and legendary brawler Tank Murdock.",https://www.boxofficemojo.com/year/world/1978/,True,en,/Users/cedricroetheli/Desktop/BA Cédric/Input/Code/boxoffice-analysis-pipeline/data/raw/subtitles/1978_Every_Which_Way_But_Loose_tt0077523_698530.srt,Philo Beddoe,individual_civilian,"a motorcycle gang, some cops, and Tank Murdock",collective_civilian,Philo Beddoe and his love pursuit,0,0,0,0,medium,False,0,False,False,0,0,19,0.0,0.0,success,,
1978,5,Heaven Can Wait,24,12185.0,tt0077663,Heaven Can Wait,1978-06-28,HIGH,81640278,81640278.0,,100.0,,5.0,,,0.0,,False,True,False,True,"Joe Pendleton is a quarterback preparing to lead his team to the superbowl when he is almost killed in an accident. An overanxious angel plucks him to heaven only to discover that he wasn't ready to die, and that his body has been cremated. A new body must be found, and that of a recently-murdered millionaire is chosen. His wife and accountant—the murderers—are confused by this development, as he buys the L.A. Rams in order to once again quarterback them into the Superbowl.",https://www.boxofficemojo.com/year/world/1978/,True,en,/Users/cedricroetheli/Desktop/BA Cédric/Input/Code/boxoffice-analysis-pipeline/data/raw/subtitles/1978_Heaven_Can_Wait_tt0077663_561505.srt,Joe Pendleton,individual_civilian,the millionaire's wife and accountant,collective_civilian,Joe Pendleton,0,0,0,0,medium,False,0,False,False,0,0,10,0.0,0.0,success,,
1978,6,Hooper,25,16214.0,tt0077696,Hooper,1978-07-28,HIGH,78000000,78000000.0,,100.0,,6.0,,,0.0,,False,True,False,True,"Legendary stunt man Sonny Hooper remains one of the top men in his field, but due to too many stressful impacts to the spine and the need to pop painkillers several times a day, he knows he should get out of the industry before he ends up permanently disabled.",https://www.boxofficemojo.com/year/world/1978/,True,en,/Users/cedricroetheli/Desktop/BA Cédric/Input/Code/boxoffice-analysis-pipeline/data/raw/subtitles/1978_Hooper_tt0077696_74565.srt,Sonny Hooper,individual_civilian,Sonny Hooper's physical decline and stunt-related injury risk,none,Sonny Hooper,0,0,0,0,medium,False,0,False,False,0,0,2,0.0,0.0,success_with_warnings,villain_actor unresolved (none),
1978,7,Jaws 2,26,579.0,tt0077766,Jaws 2,1978-06-16,HIGH,77737272,77737272.0,,100.0,,7.0,,,0.0,,False,True,False,True,Police chief Brody must protect the citizens of Amity after a second monstrous shark begins terrorizing the waters.,https://www.boxofficemojo.com/year/world/1978/,True,en,/Users/cedricroetheli/Desktop/BA Cédric/Input/Code/boxoffice-analysis-pipeline/data/raw/subtitles/1978_Jaws_2_tt0077766_745558.srt,Police chief Brody,state_military,a second monstrous shark,non_human,the citizens of Amity,2,1,0,3,high,True,1,True,True,1,1,20,0.05,0.05,success,,
1978,8,Revenge of the Pink Panther,27,6081.0,tt0078163,Revenge of the Pink Panther,1978-01-08,HIGH,49579269,49579269.0,,100.0,,8.0,,,0.0,,False,True,False,True,"Chief Inspector Jacques Clouseau is dead. At least that is what the world—and Charles Dreyfus—believe when a dead body is discovered in Clouseau's car after being shot off the road. Naturally, Clouseau knows differently and, taking advantage of not being alive, sets out to discover why an attempt was made on his life.",https://www.boxofficemojo.com/year/world/1978/,True,en,/Users/cedricroetheli/Desktop/BA Cédric/Input/Code/boxoffice-analysis-pipeline/data/raw/subtitles/1978_Revenge_of_the_Pink_Panther_tt0078163_1287010.srt,Chief Inspector Jacques Clouseau,state_military,the unknown would-be assassins targeting Clouseau,collective_civilian,Chief Inspector Jacques Clouseau,0,0,0,0,medium,False,0,False,False,0,0,4,0.0,0.0,success,,
1978,9,The Deer Hunter,28,11778.0,tt0077416,The Deer Hunter,1978-12-08,HIGH,48994659,48979328.0,12498.0,100.0,0.1,9.0,1.0,3918.973275724116,0.0,-8.0,False,False,False,False,"Three steelworkers enlist in the army and are sent to Vietnam, one leaving behind a rushed marriage, the others a shared love. What they encounter during the war changes their lives forever.",https://www.boxofficemojo.com/year/world/1978/,True,en,/Users/cedricroetheli/Desktop/BA Cédric/Input/Code/boxoffice-analysis-pipeline/data/raw/subtitles/1978_The_Deer_Hunter_tt0077416_8053699.srt,three steelworkers,collective_civilian,the Vietnam War,state_military,the three steelworkers and their loved ones,1,0,2,1,medium,False,0,False,False,0,0,22,0.0,0.0,success,,
1978,10,Halloween,29,948.0,tt0077651,Halloween,1978-10-24,HIGH,47001351,47000000.0,438.0,100.0,0.1,10.0,5.0,107305.93607305936,0.0,-5.0,False,False,False,False,"Fifteen years after murdering his sister on Halloween Night 1963, Michael Myers escapes from a mental hospital and returns to the small town of Haddonfield, Illinois to kill again.",https://www.boxofficemojo.com/year/world/1978/,True,en,/Users/cedricroetheli/Desktop/BA Cédric/Input/Code/boxoffice-analysis-pipeline/data/raw/subtitles/1978_Halloween_tt0077651_4884372.srt,Laurie Strode,individual_civilian,Michael Myers,individual_civilian,"the residents of Haddonfield, especially Laurie Strode and local teenagers",1,0,0,1,medium,True,1,False,True,0,1,13,0.0,0.0769230769230769,success,,
1978,11,Foul Play,30,15659.0,tt0077578,Foul Play,1978-07-14,HIGH,44999621,44999621.0,,100.0,,11.0,,,0.0,,False,True,False,True,"A shy San Francisco librarian and a bumbling cop fall in love as they solve a crime involving albinos, dwarves, and the Catholic Church.",https://www.boxofficemojo.com/year/world/1978/,True,en,/Users/cedricroetheli/Desktop/BA Cédric/Input/Code/boxoffice-analysis-pipeline/data/raw/subtitles/1978_Foul_Play_tt0077578_661314.srt,a shy San Francisco librarian and a bumbling cop,collective_civilian,"the crime involving albinos, dwarves, and the Catholic Church",collective_civilian,the targets of the crime,0,1,0,1,low,False,0,False,False,0,0,9,0.0,0.0,success,,
1978,12,The End,31,35976.0,tt0077504,The End,1978-05-10,HIGH,44917151,44917151.0,,100.0,,12.0,,,0.0,,False,True,False,True,"Wendell Lawson has only six months to live. Not wanting to endure his last few months of life waiting for the end, he decides to take matters into his own hands and enlists the help of a delusional mental patient to help him commit suicide.",https://www.boxofficemojo.com/year/world/1978/,True,en,/Users/cedricroetheli/Desktop/BA Cédric/Input/Code/boxoffice-analysis-pipeline/data/raw/subtitles/1978_The_End_tt0077504_4299617.srt,Wendell Lawson,individual_civilian,Wendell Lawson's terminal condition,non_human,Wendell Lawson,0,0,0,0,medium,False,0,False,False,0,0,9,0.0,0.0,success,,
1978,13,Up in Smoke,32,11455.0,tt0078446,Up in Smoke,1978-05-16,HIGH,44364244,44364244.0,,100.0,,13.0,,,0.0,,False,True,False,True,"An unemployed pot-smoking slacker and amateur drummer, Anthony Stoner ditches his strict parents and hits the road, eventually meeting kindred spirit Pedro de Pacas. While the drug-ingesting duo is soon arrested for possession of marijuana, Anthony and Pedro get released on a technicality, allowing them to continue their many misadventures and ultimately compete in a rock band contest, where they perform the raucous tune ""Earache My Eye.""",https://www.boxofficemojo.com/year/world/1978/,True,en,/Users/cedricroetheli/Desktop/BA Cédric/Input/Code/boxoffice-analysis-pipeline/data/raw/subtitles/1978_Up_in_Smoke_tt0078446_5317571.srt,Anthony Stoner and Pedro de Pacas,collective_civilian,law enforcement / marijuana possession charges,state_military,Anthony Stoner and Pedro de Pacas,0,0,0,0,medium,False,0,False,False,0,0,10,0.0,0.0,success,,
1978,14,Midnight Express,33,11327.0,tt0077928,Midnight Express,1978-08-31,HIGH,35000000,35000000.0,,100.0,,14.0,,,0.0,,False,True,False,True,"Billy Hayes is caught attempting to smuggle drugs out of Turkey. The Turkish courts decide to make an example of him, sentencing him to more than 30 years in prison. Hayes has two opportunities for release: the appeals made by his lawyer, his family, and the American government, or the ""Midnight Express"".",https://www.boxofficemojo.com/year/world/1978/,True,en,/Users/cedricroetheli/Desktop/BA Cédric/Input/Code/boxoffice-analysis-pipeline/data/raw/subtitles/1978_Midnight_Express_tt0077928_472197.srt,Billy Hayes,individual_civilian,the Turkish courts and prison system,state_military,Billy Hayes,0,0,1,0,high,True,3,True,True,1,3,29,0.0344827586206896,0.1034482758620689,success,,
1978,15,Coming Home,34,31657.0,tt0077362,Coming Home,1978-02-15,HIGH,32653905,32653905.0,,100.0,,15.0,,,0.0,,False,True,False,True,"In 1968 California, a Marine officer's wife falls in love with a former high school classmate who suffered a paralyzing combat injury in the war.",https://www.boxofficemojo.com/year/world/1978/,True,en,/Users/cedricroetheli/Desktop/BA Cédric/Input/Code/boxoffice-analysis-pipeline/data/raw/subtitles/1978_Coming_Home_tt0077362_1472816.srt,Sally Hyde,individual_civilian,the Vietnam War and its paralyzing combat injury,state_military,Luke Martin,0,0,1,0,medium,False,0,False,False,0,0,11,0.0,0.0,success,,
1978,16,The Lord of the Rings,35,123.0,tt0077869,The Lord of the Rings,1978-11-15,HIGH,30474857,30471420.0,,100.0,,16.0,,,0.0,,False,True,False,True,"Young Hobbit Frodo Baggins is thrown into an amazing adventure when he's tasked with destroying the One Ring, created by the dark lord Sauron. Frodo must travel in a small fellowship of nine warriors and accomplices. But it won't be an easy journey for the Fellowship of the Ring, on the ultimate quest to rid Middle-earth of evil.",https://www.boxofficemojo.com/year/world/1978/,True,en,/Users/cedricroetheli/Desktop/BA Cédric/Input/Code/boxoffice-analysis-pipeline/data/raw/subtitles/1978_The_Lord_of_the_Rings_tt0077869_277334.srt,Frodo Baggins,individual_civilian,Sauron,non_human,Middle-earth,2,3,2,5,high,False,0,False,False,0,0,13,0.0,0.0,success,,
1978,17,House Calls,36,36361.0,tt0077699,House Calls,1978-03-15,HIGH,28460702,28460702.0,,100.0,,17.0,,,0.0,,False,True,False,True,"Charley is a surgeon who's recently lost his wife; he embarks on a tragicomic romantic quest with one woman after another until he meets up with Ann, a singular woman, closer to his own age, who immediately and unexpectedly captures his heart.",https://www.boxofficemojo.com/year/world/1978/,True,en,/Users/cedricroetheli/Desktop/BA Cédric/Input/Code/boxoffice-analysis-pipeline/data/raw/subtitles/1978_House_Calls_tt0077699_4558842.srt,Charley,individual_civilian,,none,Charley,0,0,0,0,medium,False,0,False,False,0,0,2,0.0,0.0,success_with_warnings,villain_actor unresolved (none),
1978,18,Damien: Omen II,37,10766.0,tt0077394,Damien - Omen II,1978-06-09,HIGH,26518355,26518355.0,,100.0,,18.0,,,0.0,,False,True,False,True,"Since the sudden and suspicious deaths of his parents, young Damien has been in the charge of his wealthy aunt and uncle and enrolled in a military school. Widely feared to be the Antichrist, he relentlessly plots to seize control of his uncle's business empire — and the world.",https://www.boxofficemojo.com/year/world/1978/,True,en,/Users/cedricroetheli/Desktop/BA Cédric/Input/Code/boxoffice-analysis-pipeline/data/raw/subtitles/1978_Damien_Omen_II_tt0077394_562557.srt,Damien's aunt and uncle,collective_civilian,Damien,non_human,the world,3,3,3,6,medium,False,0,False,False,0,0,9,0.0,0.0,success,,
1978,19,Invasion of the Body Snatchers,38,11850.0,tt0077745,Invasion of the Body Snatchers,1978-12-20,HIGH,24947762,24946533.0,,100.0,,19.0,,,0.0,,False,True,False,True,"The residents of San Francisco are becoming drone-like shadows of their former selves, and as the phenomenon spreads, two Department of Health workers uncover the horrifying truth.",https://www.boxofficemojo.com/year/world/1978/,True,en,/Users/cedricroetheli/Desktop/BA Cédric/Input/Code/boxoffice-analysis-pipeline/data/raw/subtitles/1978_Invasion_of_the_Body_Snatchers_tt0077745_312437.srt,two Department of Health workers,state_military,the body snatching phenomenon,non_human,the residents of San Francisco,2,1,0,3,medium,True,1,True,True,1,1,16,0.0625,0.0625,success,,
1978,20,Convoy,39,9584.0,tt0077369,Convoy,1978-06-27,HIGH,22765081,22765081.0,,100.0,,20.0,,,0.0,,False,True,False,True,"Trucker Rubber Duck and his buddies Pig Pen, Widow Woman and Spider Mike use their CB radios to warn one another of the presence of cops. But conniving Sheriff Wallace is hip to the truckers' tactics, and begins tricking the drivers through his own CB broadcasts. Facing constant harassment from the law, Rubber Duck and his pals use their radios to coordinate a vast convoy and rule the road.",https://www.boxofficemojo.com/year/world/1978/,True,en,/Users/cedricroetheli/Desktop/BA Cédric/Input/Code/boxoffice-analysis-pipeline/data/raw/subtitles/1978_Convoy_tt0077369_633031.srt,Rubber Duck,individual_civilian,Sheriff Wallace,state_military,Rubber Duck and the truckers,1,0,0,1,high,True,2,True,True,1,2,16,0.0625,0.125,success,,
1979,1,Kramer vs. Kramer,40,12102.0,tt0079417,Kramer vs. Kramer,1979-12-07,HIGH,106260000,106260000.0,,100.0,,1.0,,,0.0,,False,True,False,True,"Ted Kramer is a career man for whom his work comes before his family. His wife Joanna cannot take this anymore, so she decides to leave him. Ted is now faced with the tasks of housekeeping and taking care of himself and their young son Billy.",https://www.boxofficemojo.com/year/world/1979/,True,en,/Users/cedricroetheli/Desktop/BA Cédric/Input/Code/boxoffice-analysis-pipeline/data/raw/subtitles/1979_Kramer_vs_Kramer_tt0079417_376951.srt,Ted Kramer,individual_civilian,Joanna's departure and the family breakup,individual_civilian,Billy Kramer,0,0,0,0,medium,False,0,False,False,0,0,13,0.0,0.0,success,,
1979,2,The Amityville Horror,41,11449.0,tt0078767,The Amityville Horror,1979-07-27,HIGH,86432000,86432000.0,,100.0,,2.0,,,0.0,,False,True,False,True,"George Lutz, his wife Kathy, and their three children have just moved into a beautiful, and improbably cheap, Victorian mansion nestled in the sleepy coastal town of Amityville, Long Island. However, their dream home is concealing a horrific past and soon each member of the Lutz family is plagued with increasingly strange and violent visions and impulses.",https://www.boxofficemojo.com/year/world/1979/,True,en,/Users/cedricroetheli/Desktop/BA Cédric/Input/Code/boxoffice-analysis-pipeline/data/raw/subtitles/1979_The_Amityville_Horror_tt0078767_1475397.srt,George Lutz and the Lutz family,collective_civilian,the haunted Amityville house and its supernatural evil,non_human,the Lutz family,1,0,0,1,high,False,0,False,False,0,0,16,0.0,0.0,success,,
1979,3,Rocky II,42,1367.0,tt0079817,Rocky II,1979-06-15,HIGH,85182160,85182160.0,,100.0,,3.0,,,0.0,,False,True,False,True,"After Rocky goes the distance with champ Apollo Creed, both try to put the fight behind them and move on. Rocky settles down with Adrian but can't put his life together outside the ring, while Creed seeks a rematch to restore his reputation. Soon enough, the ""Master of Disaster"" and the ""Italian Stallion"" are set on a collision course for a climactic battle that is brutal and unforgettable.",https://www.boxofficemojo.com/year/world/1979/,True,en,/Users/cedricroetheli/Desktop/BA Cédric/Input/Code/boxoffice-analysis-pipeline/data/raw/subtitles/1979_Rocky_II_tt0079817_383418.srt,Rocky Balboa,individual_civilian,Apollo Creed,individual_civilian,Rocky Balboa,0,0,0,0,medium,False,0,False,False,0,0,19,0.0,0.0,success,,
1979,4,Star Trek: The Motion Picture,43,152.0,tt0079945,Star Trek: The Motion Picture,1979-12-07,HIGH,82258612,82258456.0,,100.0,,4.0,,,0.0,,False,True,False,True,"When an unidentified alien destroys three powerful Klingon cruisers, Captain James T. Kirk returns to the newly transformed U.S.S. Enterprise to take command.",https://www.boxofficemojo.com/year/world/1979/,True,en,/Users/cedricroetheli/Desktop/BA Cédric/Input/Code/boxoffice-analysis-pipeline/data/raw/subtitles/1979_Star_Trek_The_Motion_Picture_tt0079945_7231470.srt,Captain James T. Kirk,state_military,an unidentified alien,non_human,the U.S.S. Enterprise and the threatened interstellar order,2,1,2,3,medium,False,0,False,False,0,0,15,0.0,0.0,success,,
1979,5,Apocalypse Now,44,28.0,tt0078788,Apocalypse Now,1979-05-19,HIGH,79046506,78784010.0,262496.0,99.7,0.3,6.0,1.0,300.134135377301,1.0,-4.0,False,False,False,False,"At the height of the Vietnam war, Captain Benjamin Willard is sent on a dangerous mission that, officially, ""does not exist, nor will it ever exist."" His goal is to locate - and eliminate - a mysterious Green Beret Colonel named Walter Kurtz, who has been leading his personal army on illegal guerrilla missions into enemy territory.",https://www.boxofficemojo.com/year/world/1979/,True,en,/Users/cedricroetheli/Desktop/BA Cédric/Input/Code/boxoffice-analysis-pipeline/data/raw/subtitles/1979_Apocalypse_Now_tt0078788_6742843.srt,Captain Benjamin Willard,state_military,Colonel Walter Kurtz,state_military,U.S. military command and the war zone under Kurtz's illegal operations,1,2,2,3,medium,True,3,False,True,0,3,27,0.0,0.1111111111111111,success,,
1979,6,Alien,45,348.0,tt0078748,Alien,1979-05-25,HIGH,79004989,78944891.0,60098.0,99.9,0.1,5.0,2.0,1313.6026323671338,-1.0,-4.0,False,False,False,False,"During its return to the earth, commercial spaceship Nostromo intercepts a distress signal from a distant planet. When a three-member team of the crew discovers a chamber containing thousands of eggs on the planet, a creature inside one of the eggs attacks an explorer. The entire crew is unaware of the impending nightmare set to descend upon them when the alien parasite planted inside its unfortunate host is birthed.",https://www.boxofficemojo.com/year/world/1979/,True,en,/Users/cedricroetheli/Desktop/BA Cédric/Input/Code/boxoffice-analysis-pipeline/data/raw/subtitles/1979_Alien_tt0078748_7086604.srt,the crew of the Nostromo,collective_civilian,the alien parasite,non_human,the crew of the Nostromo,1,0,0,1,high,False,0,False,False,0,0,16,0.0,0.0,success,,
1979,7,10,46,9051.0,tt0078721,10,1979-10-05,HIGH,74865517,74865517.0,,100.0,,7.0,,,0.0,,False,True,False,True,A Hollywood songwriter goes through a mid-life crisis and becomes infatuated with a sexy blonde newlywed.,https://www.boxofficemojo.com/year/world/1979/,True,en,/Users/cedricroetheli/Desktop/BA Cédric/Input/Code/boxoffice-analysis-pipeline/data/raw/subtitles/1979_10_tt0078721_1446707.srt,the Hollywood songwriter,individual_civilian,mid-life crisis and infatuation,none,the Hollywood songwriter,0,0,0,0,medium,True,1,False,True,0,1,10,0.0,0.1,success_with_warnings,villain_actor unresolved (none),
1979,8,The Jerk,47,6471.0,tt0079367,The Jerk,1979-12-14,HIGH,73691419,73691419.0,,100.0,,8.0,,,0.0,,False,True,False,True,"After discovering he's not really black like the rest of his family, likable dimwit Navin Johnson sets off on a hilarious misadventure that takes him from rags to riches and back again. The slaphappy jerk strikes it rich, but life in the fast lane isn't all it's cracked up to be and, in the end, all that really matters to Johnson is his true love.",https://www.boxofficemojo.com/year/world/1979/,True,en,/Users/cedricroetheli/Desktop/BA Cédric/Input/Code/boxoffice-analysis-pipeline/data/raw/subtitles/1979_The_Jerk_tt0079367_725096.srt,Navin Johnson,individual_civilian,,none,Navin Johnson,0,0,0,0,medium,False,0,False,False,0,0,5,0.0,0.0,success_with_warnings,villain_actor unresolved (none),
1979,9,Moonraker,48,698.0,tt0079574,Moonraker,1979-06-26,HIGH,70308533,70308099.0,,100.0,,9.0,,,0.0,,False,True,False,True,"After Drax Industries' Moonraker space shuttle is hijacked, secret agent James Bond is assigned to investigate, traveling to California to meet the company's owner, the mysterious Hugo Drax. With the help of scientist Dr. Holly Goodhead, Bond soon uncovers Drax's nefarious plans for humanity, all the while fending off an old nemesis, Jaws, and venturing to Venice, Rio, the Amazon...and even outer space.",https://www.boxofficemojo.com/year/world/1979/,True,en,/Users/cedricroetheli/Desktop/BA Cédric/Input/Code/boxoffice-analysis-pipeline/data/raw/subtitles/1979_Moonraker_tt0079574_7240779.srt,James Bond,state_military,Hugo Drax,corporate_institutional,humanity,3,3,3,6,high,False,0,False,False,0,0,20,0.0,0.0,success,,
1979,10,The Muppet Movie,49,11176.0,tt0079588,The Muppet Movie,1979-06-22,HIGH,65850687,65847930.0,,100.0,,10.0,,,0.0,,False,True,False,True,"The Muppets gather to watch their newly-finished big-budget rich-and-famous feature film: a talent agent persuades Kermit the Frog to leave the swamp to pursue a career in Hollywood. On his way there, he meets a bear, a pig, a whatever (his future muppet crew), and some special celebrity guest stars, while being chased by the desperate owner of a frog-leg restaurant!",https://www.boxofficemojo.com/year/world/1979/,True,en,/Users/cedricroetheli/Desktop/BA Cédric/Input/Code/boxoffice-analysis-pipeline/data/raw/subtitles/1979_The_Muppet_Movie_tt0079588_2703658.srt,Kermit the Frog,individual_civilian,the owner of a frog-leg restaurant,individual_civilian,Kermit the Frog,0,0,0,0,high,False,0,False,False,0,0,13,0.0,0.0,success,,
1979,11,The Electric Horseman,50,11145.0,tt0079100,The Electric Horseman,1979-12-21,HIGH,61801971,61801971.0,,100.0,,11.0,,,0.0,,False,True,False,True,"A former champion rodeo rider is reduced to using his saddle skills to promote a breakfast cereal in a gaudy Las Vegas show. When he's asked to perform with a $12 million horse, he discovers it is being doped to remain docile. He flees into the desert astride the beast in an act of defiance. A story-hungry female reporter gives chase.",https://www.boxofficemojo.com/year/world/1979/,True,en,/Users/cedricroetheli/Desktop/BA Cédric/Input/Code/boxoffice-analysis-pipeline/data/raw/subtitles/1979_The_Electric_Horseman_tt0079100_1447775.srt,the former champion rodeo rider,individual_civilian,the breakfast cereal promotion/corporate handlers doping the horse,corporate_institutional,the $12 million horse,0,0,0,0,high,False,0,False,False,0,0,5,0.0,0.0,success,,
1979,12,The China Syndrome,51,988.0,tt0078966,The China Syndrome,1979-03-16,HIGH,51718367,51718367.0,,100.0,,12.0,,,0.0,,False,True,False,True,"While doing a series of reports on alternative energy sources, opportunistic reporter Kimberly Wells witnesses an accident at a nuclear power plant. Wells is determined to publicize the incident, but soon finds herself entangled in a sinister conspiracy to keep the full impact of the incident a secret.",https://www.boxofficemojo.com/year/world/1979/,True,en,/Users/cedricroetheli/Desktop/BA Cédric/Input/Code/boxoffice-analysis-pipeline/data/raw/subtitles/1979_The_China_Syndrome_tt0078966_4503799.srt,Kimberly Wells,individual_civilian,the nuclear power plant conspiracy,corporate_institutional,the public near the nuclear power plant,2,1,0,3,medium,False,0,False,False,0,0,18,0.0,0.0,success,,
1979,13,Meatballs,52,14035.0,tt0079540,Meatballs,1979-06-28,HIGH,43046003,43046003.0,,100.0,,13.0,,,0.0,,False,True,False,True,"Tripper is the head counselor at a budget summer camp called Camp Northstar. In truth, he's young at heart and only marginally more mature than the campers themselves. Tripper befriends Rudy, a loner camper who has trouble fitting in. As Tripper inspires his young charges to defeat rival Camp Mohawk in the annual Olympiad competition, Rudy plays matchmaker between Tripper and Roxanne, a female counselor at Northstar.",https://www.boxofficemojo.com/year/world/1979/,True,en,/Users/cedricroetheli/Desktop/BA Cédric/Input/Code/boxoffice-analysis-pipeline/data/raw/subtitles/1979_Meatballs_tt0079540_752221.srt,Tripper,individual_civilian,Camp Mohawk,collective_civilian,Camp Northstar campers,1,1,0,2,high,False,0,False,False,0,0,9,0.0,0.0,success,,
1979,14,Escape from Alcatraz,53,10734.0,tt0079116,Escape from Alcatraz,1979-06-22,HIGH,43000000,43000000.0,,100.0,,14.0,,,0.0,,False,True,False,True,"San Francisco Bay, January 18, 1960. Frank Lee Morris is transferred to Alcatraz, a maximum security prison located on a rocky island. Although no one has ever managed to escape from there, Frank and other inmates begin to carefully prepare an escape plan.",https://www.boxofficemojo.com/year/world/1979/,True,en,/Users/cedricroetheli/Desktop/BA Cédric/Input/Code/boxoffice-analysis-pipeline/data/raw/subtitles/1979_Escape_from_Alcatraz_tt0079116_400706.srt,Frank Lee Morris,individual_civilian,Alcatraz prison system,state_military,Frank Lee Morris and the escaping inmates,1,0,0,1,medium,True,1,False,True,0,1,15,0.0,0.0666666666666666,success,,
1979,15,The Main Event,54,42176.0,tt0079510,The Main Event,1979-06-22,HIGH,42800000,42800000.0,,100.0,,15.0,,,0.0,,False,True,False,True,A bankrupt entrepreneur attempts to recoup some of her losses by getting a washed-out boxer she picked up as a tax loss back into the ring — an idea her protégé isn't fond of.,https://www.boxofficemojo.com/year/world/1979/,True,en,/Users/cedricroetheli/Desktop/BA Cédric/Input/Code/boxoffice-analysis-pipeline/data/raw/subtitles/1979_The_Main_Event_tt0079510_772641.srt,the bankrupt entrepreneur,individual_civilian,bankruptcy and the washed-out boxer's decline,none,the bankrupt entrepreneur,0,0,0,0,medium,False,0,False,False,0,0,7,0.0,0.0,success_with_warnings,villain_actor unresolved (none),
1979,16,Manhattan,55,696.0,tt0079522,Manhattan,1979-04-25,HIGH,39949579,39946780.0,2799.0,100.0,0.1,16.0,7.0,14271.804215791351,0.0,-9.0,False,False,False,False,Manhattan explores how the life of a middle-aged television writer dating a teenage girl is further complicated when he falls in love with his best friend's mistress.,https://www.boxofficemojo.com/year/world/1979/,True,en,/Users/cedricroetheli/Desktop/BA Cédric/Input/Code/boxoffice-analysis-pipeline/data/raw/subtitles/1979_Manhattan_tt0079522_474615.srt,the middle-aged television writer,individual_civilian,romantic entanglements involving his best friend's mistress,individual_civilian,the middle-aged television writer's romantic life,0,0,0,0,medium,False,0,False,False,0,0,14,0.0,0.0,success,,
1979,17,All That Jazz,56,16858.0,tt0078754,All That Jazz,1979-12-16,HIGH,37826028,37823676.0,,100.0,,17.0,,,0.0,,False,True,False,True,"Joe Gideon is at the top of the heap, one of the most successful directors and choreographers in musical theater. But he can feel his world slowly collapsing around him - his obsession with work has almost destroyed his personal life, and only his bottles of pills keep him going.",https://www.boxofficemojo.com/year/world/1979/,True,en,/Users/cedricroetheli/Desktop/BA Cédric/Input/Code/boxoffice-analysis-pipeline/data/raw/subtitles/1979_All_That_Jazz_tt0078754_554774.srt,Joe Gideon,individual_civilian,Joe Gideon's self-destructive obsession with work and dependence on pills,individual_civilian,Joe Gideon,0,0,0,0,medium,False,0,False,False,0,0,15,0.0,0.0,success,,
1979,18,The Black Stallion,57,17264.0,tt0078872,The Black Stallion,1979-10-13,HIGH,37799643,37799643.0,,100.0,,18.0,,,0.0,,False,True,False,True,"While traveling with his father, young Alec becomes fascinated by a mysterious Arabian stallion that is brought on board and stabled in the ship he is sailing on. When it tragically sinks both he and the horse survive only to be stranded on a deserted island. He befriends it, so when finally rescued both return to his home where they soon meet Henry Dailey, a once successful trainer. Together they begin training the horse to race against the fastest ones in the world.",https://www.boxofficemojo.com/year/world/1979/,True,en,/Users/cedricroetheli/Desktop/BA Cédric/Input/Code/boxoffice-analysis-pipeline/data/raw/subtitles/1979_The_Black_Stallion_tt0078872_3445325.srt,Alec,individual_civilian,rival racehorses and the challenge of competition,collective_civilian,the Black Stallion,0,0,0,0,medium,False,0,False,False,0,0,14,0.0,0.0,success,,
1979,19,The Black Hole,58,9570.0,tt0078869,The Black Hole,1979-12-18,HIGH,35841901,35841901.0,,100.0,,19.0,,,0.0,,False,True,False,True,"The explorer craft USS Palomino is returning to Earth after a fruitless 18-month search for extra-terrestrial life when the crew comes upon a supposedly lost ship, the USS Cygnus, hovering near a black hole. The ship is controlled by Dr. Hans Reinhardt and his monstrous robot companion, but the initial wonderment and awe the Palomino crew feel for the ship and its resistance to the power of the black hole turn to horror as they uncover Reinhardt's plans.",https://www.boxofficemojo.com/year/world/1979/,True,en,/Users/cedricroetheli/Desktop/BA Cédric/Input/Code/boxoffice-analysis-pipeline/data/raw/subtitles/1979_The_Black_Hole_tt0078869_739508.srt,the crew of the USS Palomino,state_military,Dr. Hans Reinhardt and his robot companion,individual_civilian,the crew of the USS Palomino,1,0,2,1,medium,False,0,False,False,0,0,8,0.0,0.0,success,,
1979,20,Starting Over,59,54663.0,tt0079948,Starting Over,1979-10-05,HIGH,35649012,35649012.0,,100.0,,20.0,,,0.0,,False,True,False,True,"After divorcing his ambitious singer wife, a middle-aged man begins a new relationship with a teacher.",https://www.boxofficemojo.com/year/world/1979/,True,en,/Users/cedricroetheli/Desktop/BA Cédric/Input/Code/boxoffice-analysis-pipeline/data/raw/subtitles/1979_Starting_Over_tt0079948_136915.srt,the middle-aged man,individual_civilian,divorce and romantic instability,none,the middle-aged man,0,0,0,0,medium,False,0,False,False,0,0,5,0.0,0.0,success_with_warnings,villain_actor unresolved (none),
1980,1,Star Wars: Episode V - The Empire Strikes Back,60,1891.0,tt0080684,The Empire Strikes Back,1980-05-20,MANUAL_ACCEPTED,209398025,209398025.0,,100.0,,1.0,,,0.0,,False,True,False,True,"The epic saga continues as Luke Skywalker, in hopes of defeating the evil Galactic Empire, learns the ways of the Jedi from aging master Yoda. But Darth Vader is more determined than ever to capture Luke. Meanwhile, rebel leader Princess Leia, cocky Han Solo, Chewbacca, and droids C-3PO and R2-D2 are thrown into various stages of capture, betrayal and despair.",https://www.boxofficemojo.com/year/world/1980/,True,en,/Users/cedricroetheli/Desktop/BA Cédric/Input/Code/boxoffice-analysis-pipeline/data/raw/subtitles/1980_Star_Wars_Episode_V_The_Empire_Strikes_Back_tt0080684_5242388.srt,Luke Skywalker,individual_civilian,the Galactic Empire led by Darth Vader,state_military,the Rebel Alliance,2,2,2,4,medium,True,1,True,True,1,1,15,0.0666666666666666,0.0666666666666666,success,,
1980,2,9 to 5,61,19494.0,tt0080319,Nine to Five,1980-12-18,MANUAL_ACCEPTED,103290500,103290500.0,,100.0,,2.0,,,0.0,,False,True,False,True,"Three female employees of a sexist, egotistical, lying, hypocritical bigot find a way to turn the tables on him.",https://www.boxofficemojo.com/year/world/1980/,True,en,/Users/cedricroetheli/Desktop/BA Cédric/Input/Code/boxoffice-analysis-pipeline/data/raw/subtitles/1980_9_to_5_tt0080319_683934.srt,Three female employees,collective_civilian,"their sexist, egotistical boss",individual_civilian,Three female employees,1,0,0,1,high,False,0,False,False,0,0,5,0.0,0.0,success,,
1980,3,Stir Crazy,62,21629.0,tt0081562,Stir Crazy,1980-12-12,HIGH,101300000,101300000.0,,100.0,,3.0,,,0.0,,False,True,False,True,"New Yorkers Skip Donahue and Harry Monroe have no jobs and no prospects, so they decide to flee the city and find work elsewhere, landing jobs wearing woodpecker costumes to promote the opening of a bank. When their feathery costumes are stolen and used in a bank robbery, they no longer have to worry about employment — they're sent to prison.",https://www.boxofficemojo.com/year/world/1980/,True,en,/Users/cedricroetheli/Desktop/BA Cédric/Input/Code/boxoffice-analysis-pipeline/data/raw/subtitles/1980_Stir_Crazy_tt0081562_1457466.srt,Skip Donahue and Harry Monroe,collective_civilian,the real bank robbers,collective_civilian,Skip Donahue and Harry Monroe,0,0,0,0,medium,False,0,False,False,0,0,5,0.0,0.0,success,,
1980,4,Airplane!,63,813.0,tt0080339,Airplane!,1980-06-27,HIGH,83455109,83453539.0,,100.0,,4.0,,,0.0,,False,True,False,True,An ex-fighter pilot forced to take over the controls of an airliner when the flight crew succumbs to food poisoning.,https://www.boxofficemojo.com/year/world/1980/,True,en,/Users/cedricroetheli/Desktop/BA Cédric/Input/Code/boxoffice-analysis-pipeline/data/raw/subtitles/1980_Airplane_tt0080339_10794834.srt,an ex-fighter pilot,individual_civilian,food poisoning,non_human,the airliner passengers and crew,1,1,0,2,high,False,0,False,False,0,0,29,0.0,0.0,success,,
1980,5,Any Which Way You Can,64,17169.0,tt0080377,Any Which Way You Can,1980-12-17,HIGH,70687344,70687344.0,,100.0,,5.0,,,0.0,,False,True,False,True,"Philo takes part in a bare knuckle fight – as he does – to make more money than he can earn from his car repair business. He decides to retire, but when the Mafia come along and arrange another fight, he's pushed into it. A motorcycle gang and an orangutan called Clyde all add to the 'fun'.",https://www.boxofficemojo.com/year/world/1980/,True,en,/Users/cedricroetheli/Desktop/BA Cédric/Input/Code/boxoffice-analysis-pipeline/data/raw/subtitles/1980_Any_Which_Way_You_Can_tt0080377_3436759.srt,Philo,individual_civilian,the Mafia,collective_civilian,Philo,0,0,0,0,medium,False,0,False,False,0,0,10,0.0,0.0,success,,
1980,6,Private Benjamin,65,10765.0,tt0081375,Private Benjamin,1980-10-06,HIGH,69847348,69847348.0,,100.0,,6.0,,,0.0,,False,True,False,True,A sheltered young high society woman joins the US Army on a whim and finds herself in a more difficult situation than she ever expected.,https://www.boxofficemojo.com/year/world/1980/,True,en,/Users/cedricroetheli/Desktop/BA Cédric/Input/Code/boxoffice-analysis-pipeline/data/raw/subtitles/1980_Private_Benjamin_tt0081375_685251.srt,the sheltered young high society woman,individual_civilian,the US Army,state_military,the sheltered young high society woman,0,0,0,0,medium,True,2,True,True,1,2,19,0.0526315789473684,0.1052631578947368,success,,
1980,7,Coal Miner's Daughter,66,16769.0,tt0080549,Coal Miner's Daughter,1980-03-07,HIGH,67182787,67182787.0,,100.0,,7.0,,,0.0,,False,True,False,True,"Biography of Loretta Lynn, a country and western singer that came from poverty to fame.",https://www.boxofficemojo.com/year/world/1980/,True,en,/Users/cedricroetheli/Desktop/BA Cédric/Input/Code/boxoffice-analysis-pipeline/data/raw/subtitles/1980_Coal_Miner_s_Daughter_tt0080549_1433481.srt,Loretta Lynn,individual_civilian,poverty,none,Loretta Lynn,0,0,0,0,medium,False,0,False,False,0,0,13,0.0,0.0,success_with_warnings,villain_actor unresolved (none),
1980,8,Smokey and the Bandit II,67,12705.0,tt0081529,Smokey and the Bandit II,1980-08-15,HIGH,66132626,66132626.0,,100.0,,8.0,,,0.0,,False,True,False,True,"The Bandit goes on another cross-country run, transporting an elephant from Florida to Texas. And, once again, Sheriff Buford T. Justice is on his tail.",https://www.boxofficemojo.com/year/world/1980/,True,en,/Users/cedricroetheli/Desktop/BA Cédric/Input/Code/boxoffice-analysis-pipeline/data/raw/subtitles/1980_Smokey_and_the_Bandit_II_tt0081529_733537.srt,The Bandit,individual_civilian,Sheriff Buford T. Justice,state_military,the elephant being transported,0,0,2,0,medium,False,0,False,False,0,0,12,0.0,0.0,success,,
1980,9,The Blue Lagoon,68,5689.0,tt0080453,The Blue Lagoon,1980-07-05,HIGH,58853243,58853106.0,,100.0,,9.0,,,0.0,,False,True,False,True,"Two small children and a ship's cook survive a shipwreck and find safety on an idyllic tropical island. Soon, however, the cook dies and the young boy and girl are left on their own. Days become years and Emmeline and Richard make a home for themselves surrounded by exotic creatures and nature's beauty. But will they ever see civilization again?",https://www.boxofficemojo.com/year/world/1980/,True,en,/Users/cedricroetheli/Desktop/BA Cédric/Input/Code/boxoffice-analysis-pipeline/data/raw/subtitles/1980_The_Blue_Lagoon_tt0080453_4487378.srt,Emmeline and Richard,collective_civilian,isolation and the island survival conditions,non_human,Emmeline and Richard,0,0,0,0,medium,False,0,False,False,0,0,13,0.0,0.0,success,,
1980,10,The Blues Brothers,69,525.0,tt0080455,The Blues Brothers,1980-06-16,HIGH,57261529,57229890.0,691.0,99.9,0.1,10.0,6.0,82821.83791606367,0.0,-4.0,False,False,False,False,"Jake Blues, just released from prison, puts his old band back together to save the Catholic home where he and his brother Elwood were raised.",https://www.boxofficemojo.com/year/world/1980/,True,en,/Users/cedricroetheli/Desktop/BA Cédric/Input/Code/boxoffice-analysis-pipeline/data/raw/subtitles/1980_The_Blues_Brothers_tt0080455_5353649.srt,Jake Blues and Elwood Blues,collective_civilian,financial threat to the Catholic home,corporate_institutional,the Catholic home where Jake and Elwood were raised,1,0,0,1,medium,True,1,False,True,0,1,24,0.0,0.0416666666666666,success,,
1980,11,Ordinary People,70,16619.0,tt0081283,Ordinary People,1980-09-19,HIGH,54766923,54766923.0,,100.0,,11.0,,,0.0,,False,True,False,True,"Beth, Calvin, and their son Conrad are living in the aftermath of the death of the other son. Conrad is overcome by grief and misplaced guilt to the extent of a suicide attempt. He is in therapy. Beth had always preferred his brother and is having difficulty being supportive to Conrad. Calvin is trapped between the two trying to hold the family together.",https://www.boxofficemojo.com/year/world/1980/,True,en,/Users/cedricroetheli/Desktop/BA Cédric/Input/Code/boxoffice-analysis-pipeline/data/raw/subtitles/1980_Ordinary_People_tt0081283_700155.srt,Conrad,individual_civilian,family grief and emotional dysfunction,none,Conrad,0,0,0,0,medium,True,1,True,True,1,1,18,0.0555555555555555,0.0555555555555555,success_with_warnings,villain_actor unresolved (none),
1980,12,Popeye,71,11335.0,tt0081353,Popeye,1980-12-12,HIGH,49825005,49823037.0,,100.0,,12.0,,,0.0,,False,True,False,True,"Popeye is a super-strong, spinach-scarfing sailor man who's searching for his father. During a storm that wrecks his ship, Popeye washes ashore and winds up rooming at the Oyl household, where he meets Olive. Before he can win her heart, he must first contend with Olive's fiancé, Bluto.",https://www.boxofficemojo.com/year/world/1980/,True,en,/Users/cedricroetheli/Desktop/BA Cédric/Input/Code/boxoffice-analysis-pipeline/data/raw/subtitles/1980_Popeye_tt0081353_4591016.srt,Popeye,individual_civilian,Bluto,individual_civilian,Olive,0,0,0,0,medium,False,0,False,False,0,0,12,0.0,0.0,success,,
1980,13,Urban Cowboy,72,17496.0,tt0081696,Urban Cowboy,1980-06-06,HIGH,46918287,46918287.0,,100.0,,13.0,,,0.0,,False,True,False,True,"After moving to Pasadena, Texas, country boy Bud Davis starts hanging around a bar called Gilley's, where he falls in love with Sissy, a cowgirl who believes the sexes are equal. They eventually marry, but their relationship is turbulent due to Bud's traditional view of gender roles. Jealousy over his rival leads to their separation, but Bud attempts to win Sissy back by triumphing at Gilley's mechanical bull-riding competition.",https://www.boxofficemojo.com/year/world/1980/,True,en,/Users/cedricroetheli/Desktop/BA Cédric/Input/Code/boxoffice-analysis-pipeline/data/raw/subtitles/1980_Urban_Cowboy_tt0081696_3811438.srt,Bud Davis,individual_civilian,"Bud and Sissy's marital conflict, intensified by Bud's jealousy and traditional gender views",individual_civilian,Sissy and Bud's marriage,0,0,0,0,medium,False,0,False,False,0,0,6,0.0,0.0,success,,
1980,14,The Shining,73,694.0,tt0081505,The Shining,1980-05-23,HIGH,44196099,44017374.0,178600.0,99.6,0.4,14.0,1.0,246.45786114221724,0.0,-13.0,False,False,False,False,"Jack Torrance accepts a caretaker job at the Overlook Hotel, where he, along with his wife Wendy and their son Danny, must live isolated from the rest of the world for the winter. But they aren't prepared for the madness that lurks within.",https://www.boxofficemojo.com/year/world/1980/,True,en,/Users/cedricroetheli/Desktop/BA Cédric/Input/Code/boxoffice-analysis-pipeline/data/raw/subtitles/1980_The_Shining_tt0081505_11818935.srt,Wendy Torrance and Danny Torrance,collective_civilian,the madness within the Overlook Hotel,non_human,Wendy Torrance and Danny Torrance,1,0,0,1,medium,False,0,False,False,0,0,57,0.0,0.0,success,,
1980,15,Seems Like Old Times,74,28124.0,tt0081480,Seems Like Old Times,1980-12-19,HIGH,43995918,43995918.0,,100.0,,15.0,,,0.0,,False,True,False,True,"After being falsely accused of robbing a bank, a writer seeks the help of his lawyer ex-wife to clear his name. However, hilarity ensues when he must hide from her husband, who’s throwing a party for law enforcement officials.",https://www.boxofficemojo.com/year/world/1980/,True,en,/Users/cedricroetheli/Desktop/BA Cédric/Input/Code/boxoffice-analysis-pipeline/data/raw/subtitles/1980_Seems_Like_Old_Times_tt0081480_3978066.srt,the writer falsely accused of bank robbery,individual_civilian,the false bank-robbery accusation and pursuing law enforcement threat,state_military,the writer,0,0,0,0,medium,False,0,False,False,0,0,5,0.0,0.0,success,,
1980,16,Cheech and Chong's Next Movie,75,13612.0,tt0080520,Cheech & Chong's Next Movie,1980-07-18,MED,41675194,41675194.0,,100.0,,16.0,,,0.0,,False,True,False,True,"Perennially stoned Cheech and Chong tear through the city of Los Angeles, causing trouble wherever they go. After Cheech loses his job, the two pot enthusiasts head to the welfare offices where Cheech's girlfriend, Donna, works. Instead of collecting unemployment, they find themselves thrown back on the streets, searching for a way to earn new income. But when Cheech's cousin, ""Red"" Mendoza, arrives, things get even crazier.",https://www.boxofficemojo.com/year/world/1980/,True,en,/Users/cedricroetheli/Desktop/BA Cédric/Input/Code/boxoffice-analysis-pipeline/data/raw/subtitles/1980_Cheech_and_Chong_s_Next_Movie_tt0080520_3944661.srt,Cheech and Chong,collective_civilian,economic hardship and chaotic misadventures,none,Cheech and Chong,0,0,0,0,medium,False,0,False,False,0,0,1,0.0,0.0,success_with_warnings,villain_actor unresolved (none),
1980,17,Caddyshack,76,11977.0,tt0080487,Caddyshack,1980-07-25,HIGH,39846344,39846344.0,,100.0,,17.0,,,0.0,,False,True,False,True,"At an exclusive country club, an ambitious young caddy, Danny Noonan, eagerly pursues a caddy scholarship in hopes of attending college and, in turn, avoiding a job at the lumber yard. In order to succeed, he must first win the favour of the elitist Judge Smails, and then the caddy golf tournament which Smails sponsors.",https://www.boxofficemojo.com/year/world/1980/,True,en,/Users/cedricroetheli/Desktop/BA Cédric/Input/Code/boxoffice-analysis-pipeline/data/raw/subtitles/1980_Caddyshack_tt0080487_452961.srt,Danny Noonan,individual_civilian,Judge Smails,individual_civilian,Danny Noonan,0,0,0,0,high,False,0,False,False,0,0,10,0.0,0.0,success,,
1980,18,Friday the 13th,77,4488.0,tt0080761,Friday the 13th,1980-05-09,HIGH,39761854,39754601.0,,100.0,,18.0,,,0.0,,False,True,False,True,Camp counselors are stalked and murdered by an unknown assailant while trying to reopen a summer camp that was the site of a child's drowning.,https://www.boxofficemojo.com/year/world/1980/,True,en,/Users/cedricroetheli/Desktop/BA Cédric/Input/Code/boxoffice-analysis-pipeline/data/raw/subtitles/1980_Friday_the_13th_tt0080761_4518409.srt,the camp counselors,collective_civilian,an unknown assailant,individual_civilian,the camp counselors,1,0,0,1,medium,False,0,False,False,0,0,21,0.0,0.0,success,,
1980,19,Brubaker,78,1623.0,tt0080474,Brubaker,1980-06-20,HIGH,37121708,37121708.0,,100.0,,19.0,,,0.0,,False,True,False,True,The new warden of a small prison farm in Arkansas tries to clean it up of corruption after initially posing as an inmate.,https://www.boxofficemojo.com/year/world/1980/,True,en,/Users/cedricroetheli/Desktop/BA Cédric/Input/Code/boxoffice-analysis-pipeline/data/raw/subtitles/1980_Brubaker_tt0080474_1430429.srt,the new warden,state_military,corruption in the prison farm,state_military,the prison farm inmates,1,1,0,2,medium,True,1,False,True,0,1,13,0.0,0.0769230769230769,success,,
1980,20,Little Darlings,79,27458.0,tt0081060,Little Darlings,1980-03-21,HIGH,34326249,34326249.0,,100.0,,20.0,,,0.0,,False,True,False,True,Two 15-year-old girls from different sides of the tracks compete to see who will be first to lose their virginity while at camp.,https://www.boxofficemojo.com/year/world/1980/,True,en,/Users/cedricroetheli/Desktop/BA Cédric/Input/Code/boxoffice-analysis-pipeline/data/raw/subtitles/1980_Little_Darlings_tt0081060_6688782.srt,the two 15-year-old girls,collective_civilian,their rivalry over losing their virginity first,collective_civilian,the two girls,0,0,0,0,medium,False,0,False,False,0,0,6,0.0,0.0,success,,
1981,1,Superman II,80,8536.0,tt0081573,Superman II,1980-12-12,MED,216385706,108185706.0,108200000.0,50.0,50.0,3.0,1.0,0.9998678927911276,2.0,0.0,False,False,False,False,"Three Kryptonian criminals led by General Zod team up with Lex Luthor to conquer Earth, forcing a depowered Superman to regain his strength and stop them.",https://www.boxofficemojo.com/year/world/1981/,True,en,/Users/cedricroetheli/Desktop/BA Cédric/Input/Code/boxoffice-analysis-pipeline/data/raw/subtitles/1981_Superman_II_tt0081573_399477.srt,Superman,non_human,"General Zod, the Kryptonian criminals, and Lex Luthor",collective_civilian,Earth,3,3,3,6,high,False,0,False,False,0,0,25,0.0,0.0,success,,
1981,2,Raiders of the Lost Ark,81,85.0,tt0082971,Raiders of the Lost Ark,1981-06-12,HIGH,212222025,212222025.0,,100.0,,1.0,,,-1.0,,False,True,False,True,"When Dr. Indiana Jones – the tweed-suited professor who just happens to be a celebrated archaeologist – is hired by the government to locate the legendary Ark of the Covenant, he finds himself up against the entire Nazi regime.",https://www.boxofficemojo.com/year/world/1981/,True,en,/Users/cedricroetheli/Desktop/BA Cédric/Input/Code/boxoffice-analysis-pipeline/data/raw/subtitles/1981_Raiders_of_the_Lost_Ark_tt0082971_195169.srt,Dr. Indiana Jones,individual_civilian,the Nazi regime,state_military,the government seeking the Ark and those threatened by Nazi acquisition of it,2,2,2,4,medium,False,0,False,False,0,0,26,0.0,0.0,success,,
1981,3,On Golden Pond,82,11816.0,tt0082846,On Golden Pond,1981-12-04,HIGH,119285432,119285432.0,,100.0,,2.0,,,-1.0,,False,True,False,True,"For Norman and Ethel Thayer, this summer on golden pond is filled with conflict and resolution. When their daughter Chelsea arrives, the family is forced to renew the bonds of love and overcome the generational friction that has existed for years.",https://www.boxofficemojo.com/year/world/1981/,True,en,/Users/cedricroetheli/Desktop/BA Cédric/Input/Code/boxoffice-analysis-pipeline/data/raw/subtitles/1981_On_Golden_Pond_tt0082846_1431538.srt,Norman and Ethel Thayer,collective_civilian,generational friction within the family,collective_civilian,the Thayer family,1,0,0,1,medium,False,0,False,False,0,0,11,0.0,0.0,success,,
1981,4,Arthur,83,13665.0,tt0082031,Arthur,1981-07-17,HIGH,95461682,95461682.0,,100.0,,4.0,,,0.0,,False,True,False,True,Arthur is a 30-year-old child who will inherit $750 million if he complies with his family's demands and marries the woman of their choosing.,https://www.boxofficemojo.com/year/world/1981/,True,en,/Users/cedricroetheli/Desktop/BA Cédric/Input/Code/boxoffice-analysis-pipeline/data/raw/subtitles/1981_Arthur_tt0082031_596831.srt,Arthur,individual_civilian,Arthur's family,collective_civilian,Arthur,0,0,0,0,medium,False,0,False,False,0,0,7,0.0,0.0,success,,
1981,5,Stripes,84,10890.0,tt0083131,Stripes,1981-06-26,HIGH,85297000,85297000.0,,100.0,,5.0,,,0.0,,False,True,False,True,"Hard-luck cabbie John Winger, directionless after being fired from his job and dumped by his girlfriend, enlists in the U.S. Army with his close pal, Russell Ziskey. After his barely satisfactory performance in basic training, the irreverent Winger emerges as the figurehead for a ragtag band of misfits. However, his hijinks threaten to cause an international scandal when he inadvertently commandeers a military assault vehicle behind enemy lines.",https://www.boxofficemojo.com/year/world/1981/,True,en,/Users/cedricroetheli/Desktop/BA Cédric/Input/Code/boxoffice-analysis-pipeline/data/raw/subtitles/1981_Stripes_tt0083131_661252.srt,John Winger,individual_civilian,enemy forces behind enemy lines,state_military,the U.S. Army and U.S. national interests,2,2,2,4,medium,True,1,True,True,1,1,11,0.0909090909090909,0.0909090909090909,success,,
1981,6,The Cannonball Run,85,11286.0,tt0082136,The Cannonball Run,1981-06-19,HIGH,72179579,72179579.0,,100.0,,6.0,,,0.0,,False,True,False,True,"A cross-country road race is based on an actual event, the Cannonball Baker Sea to Shining Sea Memorial Trophy Dash, organized by Brock Yates to protest the 55 mph speed limit then in effect in the U.S. The Cannonball was named for Erwin G. ""Cannonball"" Baker, who in the roaring 20's rode his motorcycle across the country. Many of the characters are based on ruses developed by real Cannonball racers over the several years that the event was run.",https://www.boxofficemojo.com/year/world/1981/,True,en,/Users/cedricroetheli/Desktop/BA Cédric/Input/Code/boxoffice-analysis-pipeline/data/raw/subtitles/1981_The_Cannonball_Run_tt0082136_632740.srt,Cannonball race participants,collective_civilian,the 55 mph speed limit and its enforcement regime,state_military,Cannonball race participants,1,0,1,1,medium,False,0,False,False,0,0,1,0.0,0.0,success,,
1981,7,Chariots of Fire,86,9443.0,tt0082158,Chariots of Fire,1981-05-15,HIGH,58974508,58972904.0,,100.0,,7.0,,,0.0,,False,True,False,True,"In the class-obsessed and religiously divided UK of the early 1920s, two determined young runners train for the 1924 Paris Olympics. Eric Liddell, a devout Christian born to Scottish missionaries in China, sees running as part of his worship of God's glory and refuses to train or compete on the Sabbath. Harold Abrahams overcomes anti-Semitism and class bias, but neglects his beloved sweetheart in his single-minded quest.",https://www.boxofficemojo.com/year/world/1981/,True,en,/Users/cedricroetheli/Desktop/BA Cédric/Input/Code/boxoffice-analysis-pipeline/data/raw/subtitles/1981_Chariots_of_Fire_tt0082158_191641.srt,Eric Liddell and Harold Abrahams,collective_civilian,"class prejudice, anti-Semitism, and religious constraints",collective_civilian,Eric Liddell and Harold Abrahams,0,0,2,0,medium,True,1,True,True,1,1,22,0.0454545454545454,0.0454545454545454,success,,
1981,8,For Your Eyes Only,87,699.0,tt0082398,For Your Eyes Only,1981-06-24,HIGH,54812948,54812802.0,,100.0,,8.0,,,0.0,,False,True,False,True,A British spy ship has sunk and on board was a hi-tech encryption device. James Bond is sent to find the device that holds British launching instructions before the enemy Soviets get to it first.,https://www.boxofficemojo.com/year/world/1981/,True,en,/Users/cedricroetheli/Desktop/BA Cédric/Input/Code/boxoffice-analysis-pipeline/data/raw/subtitles/1981_For_Your_Eyes_Only_tt0082398_498961.srt,James Bond,state_military,the enemy Soviets,state_military,Britain,2,2,2,4,high,True,2,True,True,1,2,24,0.0416666666666666,0.0833333333333333,success,,
1981,9,The Four Seasons,88,25113.0,tt0082405,The Four Seasons,1981-05-22,HIGH,50427646,50427646.0,,100.0,,9.0,,,0.0,,False,True,False,True,"Three middle-aged wealthy couples take vacations together in Spring, Summer, Autumn and Winter. Along the way we are treated to mid-life, marital, parental and other crises.",https://www.boxofficemojo.com/year/world/1981/,True,en,/Users/cedricroetheli/Desktop/BA Cédric/Input/Code/boxoffice-analysis-pipeline/data/raw/subtitles/1981_The_Four_Seasons_tt0082405_65913.srt,three middle-aged wealthy couples,collective_civilian,"mid-life, marital, parental and other crises",none,the three couples and their families,1,0,0,1,medium,False,0,False,False,0,0,2,0.0,0.0,success_with_warnings,villain_actor unresolved (none),
1981,10,Time Bandits,89,36819.0,tt0081633,Time Bandits,1981-07-13,HIGH,42365581,42365581.0,,100.0,,10.0,,,0.0,,False,True,False,True,"Young history buff Kevin can scarcely believe it when six dwarfs emerge from his closet one night. Former employees of the Supreme Being, they've purloined a map charting all of the holes in the fabric of time and are using it to steal treasures from different historical eras. Taking Kevin with them, they variously drop in on Napoleon, Robin Hood and King Agamemnon before the Supreme Being catches up with them.",https://www.boxofficemojo.com/year/world/1981/,True,en,/Users/cedricroetheli/Desktop/BA Cédric/Input/Code/boxoffice-analysis-pipeline/data/raw/subtitles/1981_Time_Bandits_tt0081633_402083.srt,Kevin,individual_civilian,the time-traveling dwarfs,collective_civilian,historical figures and people robbed across time,1,3,2,4,medium,False,0,False,False,0,0,21,0.0,0.0,success,,
1981,11,Clash of the Titans,90,10323.0,tt0082186,Clash of the Titans,1981-06-12,HIGH,41092328,41092328.0,,100.0,,11.0,,,0.0,,False,True,False,True,"To win the right to marry his love, the beautiful princess Andromeda, and fulfil his destiny, half-God-half-mortal Perseus must complete various tasks including taming Pegasus, capturing Medusa's head and battling the feared Kraken.",https://www.boxofficemojo.com/year/world/1981/,True,en,/Users/cedricroetheli/Desktop/BA Cédric/Input/Code/boxoffice-analysis-pipeline/data/raw/subtitles/1981_Clash_of_the_Titans_tt0082186_524354.srt,Perseus,individual_civilian,the Kraken,non_human,Andromeda,0,0,0,0,medium,False,0,False,False,0,0,24,0.0,0.0,success,,
1981,12,Absence of Malice,91,19429.0,tt0081974,Absence of Malice,1981-11-19,HIGH,40716963,40716963.0,,100.0,,12.0,,,0.0,,False,True,False,True,"Megan Carter is a reporter duped into running an untrue story on Michael Gallagher, a suspected racketeer. He has an alibi for the time his crime was allegedly committed—but it involves an innocent party. When he tells Carter the truth and the newspaper runs it, tragedy follows, forcing Carter to face up to the responsibilities of her job when she is confronted by Gallagher.",https://www.boxofficemojo.com/year/world/1981/,True,en,/Users/cedricroetheli/Desktop/BA Cédric/Input/Code/boxoffice-analysis-pipeline/data/raw/subtitles/1981_Absence_of_Malice_tt0081974_449539.srt,Michael Gallagher,individual_civilian,the newspaper and Megan Carter's false reporting,corporate_institutional,Michael Gallagher and the innocent party tied to his alibi,1,0,0,1,medium,False,0,False,False,0,0,5,0.0,0.0,success,,
1981,13,Reds,92,18254.0,tt0082979,Reds,1981-12-25,HIGH,40383050,40382659.0,129.0,100.0,0.1,13.0,9.0,313043.8682170543,0.0,-4.0,False,False,False,False,"An account of the revolutionary years of the legendary American journalist John Reed, who shared his adventurous professional life with his radical commitment to the socialist revolution in Russia, his dream of spreading its principles among the members of the American working class, and his troubled romantic relationship with the writer Louise Bryant.",https://www.boxofficemojo.com/year/world/1981/,True,en,/Users/cedricroetheli/Desktop/BA Cédric/Input/Code/boxoffice-analysis-pipeline/data/raw/subtitles/1981_Reds_tt0082979_3710492.srt,John Reed,individual_civilian,the anti-socialist political order opposing revolution,collective_civilian,the American working class,1,2,2,3,medium,True,1,True,True,1,1,18,0.0555555555555555,0.0555555555555555,success,,
1981,14,The Fox and the Hound,93,10948.0,tt0082406,The Fox and the Hound,1981-07-10,HIGH,39900000,39900000.0,,100.0,,14.0,,,0.0,,False,True,False,True,"When a feisty little fox named Tod is adopted into a farm family, he quickly becomes friends with a fun and adorable hound puppy named Copper. Life is full of hilarious adventures until Copper is expected to take on his role as a hunting dog -- and the object of his search is his best friend!",https://www.boxofficemojo.com/year/world/1981/,True,en,/Users/cedricroetheli/Desktop/BA Cédric/Input/Code/boxoffice-analysis-pipeline/data/raw/subtitles/1981_The_Fox_and_the_Hound_tt0082406_633218.srt,Tod,non_human,Copper's role as a hunting dog,non_human,Tod,0,0,0,0,medium,False,0,False,False,0,0,9,0.0,0.0,success,,
1981,15,Tarzan the Ape Man,94,26325.0,tt0083170,Tarzan the Ape Man,1981-08-07,HIGH,36565280,36565280.0,,100.0,,15.0,,,0.0,,False,True,False,True,"The Tarzan story from Jane's point of view. Jane Parker visits her father in Africa where she joins him on an expedition. A couple of brief encounters with Tarzan establish a (sexual) bond between her and Tarzan. When the expedition is captured by savages, Tarzan comes to the rescue.",https://www.boxofficemojo.com/year/world/1981/,True,en,/Users/cedricroetheli/Desktop/BA Cédric/Input/Code/boxoffice-analysis-pipeline/data/raw/subtitles/1981_Tarzan_the_Ape_Man_tt0083170_672369.srt,Tarzan,individual_civilian,the savages,collective_civilian,Jane Parker and her father's expedition,1,0,0,1,medium,False,0,False,False,0,0,4,0.0,0.0,success,,
1981,16,Taps,95,10627.0,tt0083169,Taps,1981-12-20,HIGH,35856053,35856053.0,,100.0,,16.0,,,0.0,,False,True,False,True,Military cadets take extreme measures to ensure the future of their academy when its existence is threatened by local condo developers.,https://www.boxofficemojo.com/year/world/1981/,True,en,/Users/cedricroetheli/Desktop/BA Cédric/Input/Code/boxoffice-analysis-pipeline/data/raw/subtitles/1981_Taps_tt0083169_614444.srt,the military cadets,state_military,local condo developers,corporate_institutional,their academy,1,0,0,1,high,False,0,False,False,0,0,8,0.0,0.0,success,,
1981,17,Sharky's Machine,96,14664.0,tt0083064,Sharky's Machine,1981-12-18,HIGH,35610100,35610100.0,,100.0,,17.0,,,0.0,,False,True,False,True,"Police officer Tom Sharky gets busted back to working vice, where he happens upon a scandalous conspiracy involving a local politician. Sharky's new 'machine' gathers evidence while Sharky falls in love with a woman he has never met.",https://www.boxofficemojo.com/year/world/1981/,True,en,/Users/cedricroetheli/Desktop/BA Cédric/Input/Code/boxoffice-analysis-pipeline/data/raw/subtitles/1981_Sharky_s_Machine_tt0083064_57565.srt,Tom Sharky,state_military,a local politician and associated conspiracy,collective_civilian,the woman Sharky falls in love with,0,0,0,0,medium,True,1,False,True,0,1,13,0.0,0.0769230769230769,success,,
1981,18,Excalibur,97,11527.0,tt0082348,Excalibur,1981-04-10,HIGH,34968405,34967437.0,,100.0,,18.0,,,0.0,,False,True,False,True,"Arthur fulfills his fate by bringing together the Knights of the Round Table at Camelot and unifying the country. However, this flawed monarch faces greater tests ahead in pursuit of love, the Holy Grail, and his nation's survival.",https://www.boxofficemojo.com/year/world/1981/,True,en,/Users/cedricroetheli/Desktop/BA Cédric/Input/Code/boxoffice-analysis-pipeline/data/raw/subtitles/1981_Excalibur_tt0082348_7321003.srt,Arthur,individual_civilian,threats to Arthur's kingdom and nation's survival,collective_civilian,Arthur's nation,2,2,1,4,medium,True,1,False,True,0,1,21,0.0,0.0476190476190476,success,,
1981,19,Endless Love,98,19114.0,tt0082329,Endless Love,1981-07-17,HIGH,32492674,31184024.0,1308650.0,96.0,4.0,22.0,2.0,23.82915523631223,3.0,-17.0,False,False,False,False,"As their romance unfolds, Jade and David's growing love for one another becomes the scorn of Jade's father. However, when Jade's grades begin to drop, her father forbids the young couple from seeing each other for 30 days. Driven insane with frustration and desire, David attempts to reverse the decision, with catastrophic results.",https://www.boxofficemojo.com/year/world/1981/,True,en,/Users/cedricroetheli/Desktop/BA Cédric/Input/Code/boxoffice-analysis-pipeline/data/raw/subtitles/1981_Endless_Love_tt0082329_4569869.srt,David,individual_civilian,Jade's father,individual_civilian,Jade and David's relationship,0,0,0,0,medium,False,0,False,False,0,0,6,0.0,0.0,success,,
1981,20,History of the World: Part I,99,10156.0,tt0082517,History of the World: Part I,1981-06-12,HIGH,31672907,31672907.0,,100.0,,19.0,,,-1.0,,False,True,False,True,"An uproarious version of history that proves nothing is sacred – not even the Roman Empire, the French Revolution and the Spanish Inquisition.",https://www.boxofficemojo.com/year/world/1981/,True,en,/Users/cedricroetheli/Desktop/BA Cédric/Input/Code/boxoffice-analysis-pipeline/data/raw/subtitles/1981_History_of_the_World_Part_I_tt0082517_4462879.srt,,none,,none,historical societies and institutions being satirized,2,,2,,low,False,0,False,False,0,0,18,0.0,0.0,success_with_warnings,hero_actor unresolved (none) | villain_actor unresolved (none) | hero_victim_distance unresolved (none),
1982,1,E.T. the Extra-Terrestrial,100,601.0,tt0083866,E.T. the Extra-Terrestrial,1982-06-11,HIGH,359307315,359197037.0,102303.0,100.0,0.1,1.0,4.0,3511.109517804952,0.0,3.0,False,False,False,False,"An alien is left behind on Earth and saved by the 10-year-old Elliott who decides to keep him hidden in his home. While a task force hunts for the extra-terrestrial, Elliott, his brother, and his little sister Gertie form an emotional bond with their new friend, and try to help him find his way home.",https://www.boxofficemojo.com/year/world/1982/,True,en,/Users/cedricroetheli/Desktop/BA Cédric/Input/Code/boxoffice-analysis-pipeline/data/raw/subtitles/1982_E_T_the_Extra_Terrestrial_tt0083866_556871.srt,Elliott,individual_civilian,the task force hunting E.T.,state_military,E.T.,0,0,0,0,high,False,0,False,False,0,0,18,0.0,0.0,success,,
1982,2,Tootsie,101,9576.0,tt0084805,Tootsie,1982-12-17,HIGH,177200000,177200000.0,,100.0,,2.0,,,0.0,,False,True,False,True,"When struggling, out of work actor Michael Dorsey secretly adopts a female alter ego – Dorothy Michaels – in order to land a part in a daytime drama, he unwittingly becomes a feminist icon and ends up in a romantic pickle.",https://www.boxofficemojo.com/year/world/1982/,True,en,/Users/cedricroetheli/Desktop/BA Cédric/Input/Code/boxoffice-analysis-pipeline/data/raw/subtitles/1982_Tootsie_tt0084805_572998.srt,Michael Dorsey / Dorothy Michaels,individual_civilian,Michael Dorsey's deception and resulting social complications,individual_civilian,Michael Dorsey and the people entangled in his false identity,1,0,0,1,medium,False,0,False,False,0,0,14,0.0,0.0,success,,
1982,3,An Officer and a Gentleman,102,2623.0,tt0084434,An Officer and a Gentleman,1982-07-28,HIGH,129795554,129795554.0,,100.0,,3.0,,,0.0,,False,True,False,True,"Zack Mayo is an aloof, taciturn man who aspires to be a navy pilot. Once he arrives at training camp for his 13-week officer's course, Mayo runs afoul of abrasive, no-nonsense drill Sergeant Emil Foley. Mayo is an excellent cadet, but a little cold around the heart, so Foley rides him mercilessly, sensing that the young man would be prime officer material if he weren't so self-involved. Zack's affair with a working girl is likewise compromised by his unwillingness to give of himself.",https://www.boxofficemojo.com/year/world/1982/,True,en,/Users/cedricroetheli/Desktop/BA Cédric/Input/Code/boxoffice-analysis-pipeline/data/raw/subtitles/1982_An_Officer_and_a_Gentleman_tt0084434_601602.srt,Zack Mayo,individual_civilian,Emil Foley,state_military,Zack Mayo,0,0,0,0,medium,False,0,False,False,0,0,2,0.0,0.0,success,,
1982,4,Rocky III,103,1371.0,tt0084602,Rocky III,1982-05-28,HIGH,124146897,124146897.0,,100.0,,4.0,,,0.0,,False,True,False,True,Following Rocky Balboa's intense battle with his most powerful adversary yet – the ferocious Clubber Lang – Rocky joins forces with former rival Apollo Creed in an effort to get back his fighting spirit.,https://www.boxofficemojo.com/year/world/1982/,True,en,/Users/cedricroetheli/Desktop/BA Cédric/Input/Code/boxoffice-analysis-pipeline/data/raw/subtitles/1982_Rocky_III_tt0084602_370874.srt,Rocky Balboa,individual_civilian,Clubber Lang,individual_civilian,Rocky Balboa,0,0,0,0,high,False,0,False,False,0,0,22,0.0,0.0,success,,
1982,5,Porky's,104,10246.0,tt0084522,Porky's,1982-03-19,HIGH,105492483,105492483.0,,100.0,,5.0,,,0.0,,False,True,False,True,"In 1954 Florida, a group of high school boys head to a strip club in the Everglades in an attempt to lose their collective virginity. When the club's owner and his sheriff brother swindle them out of their money and embarrass them, the boys plan revenge.",https://www.boxofficemojo.com/year/world/1982/,True,en,/Users/cedricroetheli/Desktop/BA Cédric/Input/Code/boxoffice-analysis-pipeline/data/raw/subtitles/1982_Porky_s_tt0084522_618333.srt,a group of high school boys,collective_civilian,the strip club owner and his sheriff brother,collective_civilian,the high school boys,1,0,0,1,high,True,1,True,True,1,1,20,0.05,0.05,success,,
1982,6,Star Trek II: The Wrath of Khan,105,154.0,tt0084726,Star Trek II: The Wrath of Khan,1982-06-04,HIGH,78913882,78912963.0,,100.0,,6.0,,,0.0,,False,True,False,True,"The starship Enterprise and its crew is pulled back into action when old nemesis, Khan, steals a top secret device called Project Genesis.",https://www.boxofficemojo.com/year/world/1982/,True,en,/Users/cedricroetheli/Desktop/BA Cédric/Input/Code/boxoffice-analysis-pipeline/data/raw/subtitles/1982_Star_Trek_II_The_Wrath_of_Khan_tt0084726_459373.srt,the starship Enterprise and its crew,state_military,Khan,individual_civilian,the Enterprise and its crew,1,0,2,1,medium,False,0,False,False,0,0,33,0.0,0.0,success,,
1982,7,48 Hrs.,106,150.0,tt0083511,48 Hrs.,1982-12-07,HIGH,78868508,78868508.0,,100.0,,7.0,,,0.0,,False,True,False,True,"A hard-nosed cop reluctantly teams up with a wise-cracking criminal temporarily paroled to him, in order to track down a killer.",https://www.boxofficemojo.com/year/world/1982/,True,en,/Users/cedricroetheli/Desktop/BA Cédric/Input/Code/boxoffice-analysis-pipeline/data/raw/subtitles/1982_48_Hrs_tt0083511_595923.srt,a hard-nosed cop and a temporarily paroled criminal,collective_civilian,a killer,individual_civilian,the killer's targets,0,3,0,3,medium,True,1,False,True,0,1,12,0.0,0.0833333333333333,success,,
1982,8,Poltergeist,107,609.0,tt0084516,Poltergeist,1982-06-04,HIGH,76607576,76606280.0,,100.0,,8.0,,,0.0,,False,True,False,True,"The Freelings' suburban home becomes the center of paranormal activity that opens a portal to the 'other side'. With help, they must cross over to get their daughter back.",https://www.boxofficemojo.com/year/world/1982/,True,en,/Users/cedricroetheli/Desktop/BA Cédric/Input/Code/boxoffice-analysis-pipeline/data/raw/subtitles/1982_Poltergeist_tt0084516_4511765.srt,the Freelings,collective_civilian,the paranormal force opening the portal to the 'other side',non_human,their daughter,0,0,0,0,high,False,0,False,False,0,0,20,0.0,0.0,success,,
1982,9,The Best Little Whorehouse in Texas,108,16363.0,tt0083642,The Best Little Whorehouse in Texas,1982-07-23,HIGH,69702172,69701637.0,,100.0,,9.0,,,0.0,,False,True,False,True,"When a Conservative TV crusader threatens to shut down beloved brothel, the Chicken Ranch, proprietress Miss Mona Stangley and her girls won't go down without a fight.",https://www.boxofficemojo.com/year/world/1982/,True,en,/Users/cedricroetheli/Desktop/BA Cédric/Input/Code/boxoffice-analysis-pipeline/data/raw/subtitles/1982_The_Best_Little_Whorehouse_in_Texas_tt0083642_3372455.srt,Miss Mona Stangley and her girls,collective_civilian,the Conservative TV crusader,individual_civilian,the Chicken Ranch,1,0,0,1,high,True,2,True,True,2,2,17,0.1176470588235294,0.1176470588235294,success,,
1982,10,Annie,109,15739.0,tt0083564,Annie,1982-05-21,HIGH,61038097,57059003.0,3979094.0,93.5,6.5,10.0,1.0,14.339697177297143,0.0,-9.0,False,False,False,False,"An orphan in a facility run by the mean Miss Hannigan, Annie believes that her parents left her there by mistake. When a rich man named Oliver ""Daddy"" Warbucks decides to let an orphan live at his home to promote his image, Annie is selected. While Annie gets accustomed to living in Warbucks' mansion, she still longs to meet her parents. So Warbucks announces a search for them and a reward, which brings out many frauds.",https://www.boxofficemojo.com/year/world/1982/,True,en,/Users/cedricroetheli/Desktop/BA Cédric/Input/Code/boxoffice-analysis-pipeline/data/raw/subtitles/1982_Annie_tt0083564_1450206.srt,Annie,individual_civilian,Miss Hannigan,individual_civilian,Annie,0,0,0,0,medium,True,1,False,True,0,1,15,0.0,0.0666666666666666,success,,
1982,11,The Verdict,110,24226.0,tt0084855,The Verdict,1982-12-08,HIGH,53977250,53977250.0,,100.0,,11.0,,,0.0,,False,True,False,True,"Frank Galvin is a down-on-his-luck lawyer and reduced to drinking and ambulance chasing, when a former associate reminds him of his obligations in a medical malpractice suit by serving it to Galvin on a silver platter—all parties are willing to settle out of court. Blundering his way through the preliminaries, Galvin suddenly realizes that the case should actually go to court—to punish the guilty, to get a decent settlement for his clients... and to restore his standing as a lawyer.",https://www.boxofficemojo.com/year/world/1982/,True,en,/Users/cedricroetheli/Desktop/BA Cédric/Input/Code/boxoffice-analysis-pipeline/data/raw/subtitles/1982_The_Verdict_tt0084855_599486.srt,Frank Galvin,individual_civilian,the guilty parties in the medical malpractice suit,corporate_institutional,Galvin's clients in the malpractice case,0,1,0,1,medium,True,1,True,True,1,1,13,0.0769230769230769,0.0769230769230769,success,,
1982,12,Gandhi,111,783.0,tt0083987,Gandhi,1982-12-01,HIGH,52769114,52767889.0,,100.0,,12.0,,,0.0,,False,True,False,True,"In the early years of the 20th century, Mohandas K. Gandhi, a British-trained lawyer, forsakes all worldly possessions to take up the cause of Indian independence. Faced with armed resistance from the British government, Gandhi adopts a policy of 'passive resistance', endeavouring to win freedom for his people without resorting to bloodshed.",https://www.boxofficemojo.com/year/world/1982/,True,en,/Users/cedricroetheli/Desktop/BA Cédric/Input/Code/boxoffice-analysis-pipeline/data/raw/subtitles/1982_Gandhi_tt0083987_4471630.srt,Mohandas K. Gandhi,individual_civilian,the British government,state_military,the Indian people,2,2,1,4,high,True,7,True,True,7,7,26,0.2692307692307692,0.2692307692307692,success,,
1982,13,First Blood,112,1368.0,tt0083944,First Blood,1982-10-22,HIGH,47212904,47212904.0,,100.0,,13.0,,,0.0,,False,True,False,True,"When former Green Beret John Rambo is harassed by local law enforcement and arrested for vagrancy, he is forced to flee into the mountains and wage an escalating one-man war against his pursuers.",https://www.boxofficemojo.com/year/world/1982/,True,en,/Users/cedricroetheli/Desktop/BA Cédric/Input/Code/boxoffice-analysis-pipeline/data/raw/subtitles/1982_First_Blood_tt0083944_5070306.srt,John Rambo,individual_civilian,local law enforcement,state_military,John Rambo,0,0,0,0,high,True,2,False,True,0,2,32,0.0,0.0625,success,,
1982,14,The Toy,113,23805.0,tt0084809,The Toy,1982-12-10,HIGH,47118057,47118057.0,,100.0,,14.0,,,0.0,,False,True,False,True,"On one of his bratty son Eric's annual visits, the plutocrat U.S. Bates takes him to his department store and offers him anything in it as a gift. Eric chooses a black janitor who has made him laugh with his antics. At first the man suffers many indignities as Eric's ""toy"", but gradually teaches the lonely boy what it is like to have and to be a friend.",https://www.boxofficemojo.com/year/world/1982/,True,en,/Users/cedricroetheli/Desktop/BA Cédric/Input/Code/boxoffice-analysis-pipeline/data/raw/subtitles/1982_The_Toy_tt0084809_3180205.srt,the black janitor,individual_civilian,U.S. Bates and Eric's treatment of the janitor as a toy,individual_civilian,the black janitor,0,0,0,0,medium,False,0,False,False,0,0,5,0.0,0.0,success,,
1982,15,Firefox,114,10724.0,tt0083943,Firefox,1982-06-18,HIGH,46708276,46708276.0,,100.0,,15.0,,,0.0,,False,True,False,True,"The Soviets have developed a revolutionary new jet fighter, called 'Firefox'. Worried that the jet will be used as a first-strike weapon—as there are rumours that it is undetectable by radar—the British send ex-Vietnam War pilot, Mitchell Gant on a covert mission into the Soviet Union to steal the Firefox.",https://www.boxofficemojo.com/year/world/1982/,True,en,/Users/cedricroetheli/Desktop/BA Cédric/Input/Code/boxoffice-analysis-pipeline/data/raw/subtitles/1982_Firefox_tt0083943_4567887.srt,Mitchell Gant,individual_civilian,the Soviets and the Firefox first-strike threat,state_military,Britain and the Western alliance,2,2,2,4,medium,True,1,True,True,1,1,8,0.125,0.125,success,,
1982,16,The Dark Crystal,115,11639.0,tt0083791,The Dark Crystal,1982-12-17,HIGH,43570752,40577001.0,2992898.0,93.1,6.9,16.0,2.0,13.557762743668512,0.0,-14.0,False,False,False,False,"On another planet in the distant past, a Gelfling embarks on a quest to find the missing shard of a magical crystal and restore order to his world, before the grotesque race of Skeksis find and use the crystal for evil.",https://www.boxofficemojo.com/year/world/1982/,True,en,/Users/cedricroetheli/Desktop/BA Cédric/Input/Code/boxoffice-analysis-pipeline/data/raw/subtitles/1982_The_Dark_Crystal_tt0083791_4483527.srt,a Gelfling,non_human,the Skeksis,non_human,his world,2,3,3,5,high,False,0,False,False,0,0,15,0.0,0.0,success,,
1982,17,Conan the Barbarian,116,9387.0,tt0082198,Conan the Barbarian,1982-03-16,HIGH,39566761,39565475.0,,100.0,,17.0,,,0.0,,False,True,False,True,"A horde of rampaging warriors massacre the parents of young Conan and enslave the young child for years on The Wheel of Pain. As the sole survivor of the childhood massacre, Conan is released from slavery and taught the ancient arts of fighting. Transforming himself into a killing machine, Conan travels into the wilderness to seek vengeance on Thulsa Doom, the man responsible for killing his family. In the wilderness, Conan takes up with the thieves Valeria and Subotai. The group comes upon King Osric, who wants the trio of warriors to help rescue his daughter who has joined Doom in the hills.",https://www.boxofficemojo.com/year/world/1982/,True,en,/Users/cedricroetheli/Desktop/BA Cédric/Input/Code/boxoffice-analysis-pipeline/data/raw/subtitles/1982_Conan_the_Barbarian_tt0082198_8586876.srt,Conan,individual_civilian,Thulsa Doom,individual_civilian,King Osric's daughter,0,1,0,1,medium,False,0,False,False,0,0,22,0.0,0.0,success,,
1982,18,The Sword and the Sorcerer,117,13945.0,tt0084749,The Sword and the Sorcerer,1982-04-01,HIGH,39103425,39103425.0,,100.0,,18.0,,,0.0,,False,True,False,True,A mercenary with a three-bladed sword rediscovers his royal heritage when he is recruited to help a princess foil a brutal tyrant and a powerful sorcerer's plans to conquer the land.,https://www.boxofficemojo.com/year/world/1982/,True,en,/Users/cedricroetheli/Desktop/BA Cédric/Input/Code/boxoffice-analysis-pipeline/data/raw/subtitles/1982_The_Sword_and_the_Sorcerer_tt0084749_3766798.srt,the mercenary with a three-bladed sword,individual_civilian,the brutal tyrant and the powerful sorcerer,collective_civilian,the land,2,2,1,4,medium,False,0,False,False,0,0,15,0.0,0.0,success,,
1982,19,Best Friends,118,45840.0,tt0083641,Best Friends,1982-12-17,HIGH,36821203,36821203.0,,100.0,,19.0,,,0.0,,False,True,False,True,"When a professional couple, who have lived and worked together for many years, finally decide to marry, their sudden betrothal causes many unexpected difficulties. They soon find that being married is often quite different from being ""best friends.""",https://www.boxofficemojo.com/year/world/1982/,True,en,/Users/cedricroetheli/Desktop/BA Cédric/Input/Code/boxoffice-analysis-pipeline/data/raw/subtitles/1982_Best_Friends_tt0083641_756459.srt,the professional couple,collective_civilian,the difficulties arising from their marriage,none,the professional couple,0,0,0,0,medium,False,0,False,False,0,0,14,0.0,0.0,success_with_warnings,villain_actor unresolved (none),
1982,20,Richard Pryor: Live on the Sunset Strip,119,21923.0,tt0084597,Richard Pryor: Live on the Sunset Strip,1982-03-12,HIGH,36299720,36299720.0,,100.0,,20.0,,,0.0,,False,True,False,True,"Richard Pryor's stand-up act includes his frank discussion about his freebasing addiction, as well as the infamous night on June 9, 1980 that he caught on fire.",https://www.boxofficemojo.com/year/world/1982/,True,en,/Users/cedricroetheli/Desktop/BA Cédric/Input/Code/boxoffice-analysis-pipeline/data/raw/subtitles/1982_Richard_Pryor_Live_on_the_Sunset_Strip_tt0084597_3744994.srt,Richard Pryor,individual_civilian,Richard Pryor's freebasing addiction,none,Richard Pryor,0,0,0,0,medium,False,0,False,False,0,0,1,0.0,0.0,success_with_warnings,villain_actor unresolved (none),
1983,1,Star Wars: Episode VI - Return of the Jedi,120,1892.0,tt0086190,Return of the Jedi,1983-05-25,MANUAL_ACCEPTED,252601637,252583617.0,18020.0,100.0,0.1,1.0,6.0,14016.848890122086,0.0,5.0,False,False,False,False,"Luke Skywalker leads a mission to rescue his friend Han Solo from the clutches of Jabba the Hutt, the Emperor prepares to crush the Rebellion with a more powerful Death Star, and the Rebel fleet mounts a massive attack on the space station. Luke Skywalker confronts Darth Vader in a final climactic duel before the evil Emperor.",https://www.boxofficemojo.com/year/world/1983/,True,en,/Users/cedricroetheli/Desktop/BA Cédric/Input/Code/boxoffice-analysis-pipeline/data/raw/subtitles/1983_Star_Wars_Episode_VI_Return_of_the_Jedi_tt0086190_5241874.srt,Luke Skywalker and the Rebel Alliance,collective_civilian,the Emperor and the Galactic Empire,state_military,the Rebellion,2,2,2,4,medium,False,0,False,False,0,0,15,0.0,0.0,success,,
1983,2,Terms of Endearment,121,11050.0,tt0086425,Terms of Endearment,1983-11-20,HIGH,108423489,108423489.0,,100.0,,2.0,,,0.0,,False,True,False,True,"Aurora, a finicky woman, is in search of true love while her daughter faces marital issues. Together, they help each other deal with problems and find reasons to live a joyful life.",https://www.boxofficemojo.com/year/world/1983/,True,en,/Users/cedricroetheli/Desktop/BA Cédric/Input/Code/boxoffice-analysis-pipeline/data/raw/subtitles/1983_Terms_of_Endearment_tt0086425_428080.srt,Aurora,individual_civilian,personal and marital problems,none,Aurora and her daughter,1,0,0,1,medium,False,0,False,False,0,0,14,0.0,0.0,success_with_warnings,villain_actor unresolved (none),
1983,3,Flashdance,122,535.0,tt0085549,Flashdance,1983-04-14,HIGH,92921203,92921203.0,,100.0,,3.0,,,0.0,,False,True,False,True,"Alex Owens, a young woman juggling between two odd jobs, aspires to become a successful ballet dancer. Nick, who is her boss and lover, supports and encourages her to fulfil her dream.",https://www.boxofficemojo.com/year/world/1983/,True,en,/Users/cedricroetheli/Desktop/BA Cédric/Input/Code/boxoffice-analysis-pipeline/data/raw/subtitles/1983_Flashdance_tt0085549_501263.srt,Alex Owens,individual_civilian,Alex's obstacles to becoming a ballet dancer,none,Alex Owens,0,0,0,0,medium,False,0,False,False,0,0,3,0.0,0.0,success_with_warnings,villain_actor unresolved (none),
1983,4,Trading Places,123,1621.0,tt0086465,Trading Places,1983-06-07,HIGH,90404800,90404800.0,,100.0,,4.0,,,0.0,,False,True,False,True,A snobbish investor and a wily street con-artist find their positions reversed as part of a bet by two callous millionaires.,https://www.boxofficemojo.com/year/world/1983/,True,en,/Users/cedricroetheli/Desktop/BA Cédric/Input/Code/boxoffice-analysis-pipeline/data/raw/subtitles/1983_Trading_Places_tt0086465_4499110.srt,Louis Winthorpe III and Billy Ray Valentine,collective_civilian,the two callous millionaires,corporate_institutional,Louis Winthorpe III and Billy Ray Valentine,0,0,0,0,medium,False,0,False,False,0,0,29,0.0,0.0,success,,
1983,5,Superman III,124,9531.0,tt0086393,Superman III,1983-06-17,HIGH,80250623,59950623.0,20300000.0,74.7,25.3,12.0,1.0,2.9532326600985224,7.0,-4.0,False,False,False,False,"Aiming to defeat the Man of Steel, wealthy executive Ross Webster hires bumbling but brilliant Gus Gorman to develop synthetic kryptonite, which yields some unexpected psychological effects. Between rekindling romance with his high school sweetheart and saving himself, Superman must contend with a powerful supercomputer.",https://www.boxofficemojo.com/year/world/1983/,True,en,/Users/cedricroetheli/Desktop/BA Cédric/Input/Code/boxoffice-analysis-pipeline/data/raw/subtitles/1983_Superman_III_tt0086393_2905026.srt,Superman,non_human,Ross Webster and his supercomputer,corporate_institutional,Superman,0,0,0,0,medium,False,0,False,False,0,0,11,0.0,0.0,success,,
1983,6,WarGames,125,860.0,tt0086567,WarGames,1983-06-03,HIGH,79567667,79567667.0,,100.0,,5.0,,,-1.0,,False,True,False,True,"High school student David Lightman has a talent for hacking. But while trying to hack into a computer system to play unreleased video games, he unwittingly taps into the Department of Defense's war computer and initiates a confrontation of global proportions. Together with his friend and a wizardly computer genius, David must race against time to outwit his opponent and prevent a nuclear Armageddon.",https://www.boxofficemojo.com/year/world/1983/,True,en,/Users/cedricroetheli/Desktop/BA Cédric/Input/Code/boxoffice-analysis-pipeline/data/raw/subtitles/1983_WarGames_tt0086567_78413.srt,David Lightman,individual_civilian,the Department of Defense war computer,non_human,humanity,3,3,3,6,high,True,3,True,True,3,3,15,0.2,0.2,success,,
1983,7,Octopussy,126,700.0,tt0086034,Octopussy,1983-06-05,HIGH,67917359,67893619.0,23475.0,100.0,0.1,6.0,4.0,2892.1669435569756,-1.0,-3.0,False,False,False,False,James Bond is sent to investigate after a fellow “00” agent is found dead with a priceless Indian Fabergé egg. Bond follows the mystery and uncovers a smuggling scandal and a Russian General who wants to provoke a new World War.,https://www.boxofficemojo.com/year/world/1983/,True,en,/Users/cedricroetheli/Desktop/BA Cédric/Input/Code/boxoffice-analysis-pipeline/data/raw/subtitles/1983_Octopussy_tt0086034_358620.srt,James Bond,state_military,a Russian General,state_military,the world,3,3,3,6,high,True,1,True,True,1,1,13,0.0769230769230769,0.0769230769230769,success,,
1983,8,Sudden Impact,127,10650.0,tt0086383,Sudden Impact,1983-12-08,HIGH,67642693,67642693.0,,100.0,,7.0,,,-1.0,,False,True,False,True,"When a young rape victim takes justice into her own hands and becomes a serial killer, it's up to Dirty Harry Callahan, on suspension from the SFPD, to bring her to justice.",https://www.boxofficemojo.com/year/world/1983/,True,en,/Users/cedricroetheli/Desktop/BA Cédric/Input/Code/boxoffice-analysis-pipeline/data/raw/subtitles/1983_Sudden_Impact_tt0086383_625432.srt,Dirty Harry Callahan,individual_civilian,the young rape victim turned serial killer,individual_civilian,the serial killer's murder victims,0,3,0,3,high,False,0,False,False,0,0,8,0.0,0.0,success,,
1983,9,Staying Alive,128,10805.0,tt0086361,Staying Alive,1983-07-11,HIGH,64893329,64892670.0,,100.0,,8.0,,,-1.0,,False,True,False,True,It's five years later and Tony Manero's Saturday Night Fever is still burning. Now he's strutting toward his biggest challenger yet - making it as a dancer on the Broadway stage.,https://www.boxofficemojo.com/year/world/1983/,True,en,/Users/cedricroetheli/Desktop/BA Cédric/Input/Code/boxoffice-analysis-pipeline/data/raw/subtitles/1983_Staying_Alive_tt0086361_746540.srt,Tony Manero,individual_civilian,the challenge of succeeding on the Broadway stage,none,Tony Manero,0,0,0,0,medium,False,0,False,False,0,0,5,0.0,0.0,success_with_warnings,villain_actor unresolved (none),
1983,10,Mr. Mom,129,13105.0,tt0085970,Mr. Mom,1983-07-22,HIGH,64783827,64783827.0,,100.0,,9.0,,,-1.0,,False,True,False,True,"Jack and Caroline are a couple making a decent living when Jack suddenly loses his job. They agree that he should stay at home and look after the house while Caroline works. It's just that he's never done it before, and really doesn't have a clue...",https://www.boxofficemojo.com/year/world/1983/,True,en,/Users/cedricroetheli/Desktop/BA Cédric/Input/Code/boxoffice-analysis-pipeline/data/raw/subtitles/1983_Mr_Mom_tt0085970_4154588.srt,Jack,individual_civilian,job loss and domestic inexperience,none,Jack and Caroline's family,1,0,0,1,medium,False,0,False,False,0,0,6,0.0,0.0,success_with_warnings,villain_actor unresolved (none),
1983,11,Risky Business,130,9346.0,tt0086200,Risky Business,1983-08-05,HIGH,63541828,63541777.0,51.0,100.0,0.1,10.0,11.0,1245917.196078431,-1.0,0.0,False,False,False,False,"Meet Joel Goodson, an industrious, college-bound 17-year-old and a responsible, trustworthy son. However, when his parents go away and leave him home alone in the wealthy Chicago suburbs with the Porsche at his disposal he quickly decides he has been good for too long and it is time to enjoy himself. After an unfortunate incident with the Porsche Joel must raise some cash, in a risky way.",https://www.boxofficemojo.com/year/world/1983/,True,en,/Users/cedricroetheli/Desktop/BA Cédric/Input/Code/boxoffice-analysis-pipeline/data/raw/subtitles/1983_Risky_Business_tt0086200_560165.srt,Joel Goodson,individual_civilian,the financial crisis caused by the damaged Porsche,none,Joel Goodson,0,0,0,0,medium,False,0,False,False,0,0,6,0.0,0.0,success_with_warnings,villain_actor unresolved (none),
1983,12,National Lampoon's Vacation,131,11153.0,tt0085995,National Lampoon's Vacation,1983-07-29,HIGH,61399851,61399552.0,,100.0,,11.0,,,-1.0,,False,True,False,True,"Clark Griswold is on a quest to take his family to the Walley World theme park for a vacation, but things don't go exactly as planned.",https://www.boxofficemojo.com/year/world/1983/,True,en,/Users/cedricroetheli/Desktop/BA Cédric/Input/Code/boxoffice-analysis-pipeline/data/raw/subtitles/1983_National_Lampoon_s_Vacation_tt0085995_630293.srt,Clark Griswold,individual_civilian,travel mishaps and obstacles on the trip,none,the Griswold family vacation,1,0,1,1,medium,False,0,False,False,0,0,11,0.0,0.0,success_with_warnings,villain_actor unresolved (none),
1983,13,The Big Chill,132,12560.0,tt0085244,The Big Chill,1983-09-30,HIGH,56342768,56342711.0,,100.0,,13.0,,,0.0,,False,True,False,True,Seven old college friends gather for a weekend reunion after the funeral of one of their own.,https://www.boxofficemojo.com/year/world/1983/,True,en,/Users/cedricroetheli/Desktop/BA Cédric/Input/Code/boxoffice-analysis-pipeline/data/raw/subtitles/1983_The_Big_Chill_tt0085244_500880.srt,seven old college friends,collective_civilian,the death of their friend and the resulting emotional crisis,none,the seven old college friends,1,0,0,1,medium,False,0,False,False,0,0,17,0.0,0.0,success_with_warnings,villain_actor unresolved (none),
1983,14,Never Say Never Again,133,36670.0,tt0086006,Never Say Never Again,1983-10-07,HIGH,55433185,55432841.0,,100.0,,14.0,,,0.0,,False,True,False,True,"James Bond returns as the secret agent 007 to battle the evil organization SPECTRE. Bond must defeat Largo, who has stolen two atomic warheads for nuclear blackmail. But Bond has an ally in Largo's girlfriend, the willowy Domino, who falls for Bond and seeks revenge.",https://www.boxofficemojo.com/year/world/1983/,True,en,/Users/cedricroetheli/Desktop/BA Cédric/Input/Code/boxoffice-analysis-pipeline/data/raw/subtitles/1983_Never_Say_Never_Again_tt0086006_498117.srt,James Bond,state_military,Largo and SPECTRE,collective_civilian,countries threatened by nuclear blackmail,2,2,2,4,high,True,1,False,True,0,1,7,0.0,0.1428571428571428,success,,
1983,15,Jaws 3-D,134,17692.0,tt0085750,Jaws 3-D,1983-07-22,HIGH,45517055,45517055.0,,100.0,,15.0,,,0.0,,False,True,False,True,A giant thirty-five-foot shark becomes trapped in a SeaWorld theme park and it's up to the sons of police chief Brody to rescue everyone.,https://www.boxofficemojo.com/year/world/1983/,True,en,/Users/cedricroetheli/Desktop/BA Cédric/Input/Code/boxoffice-analysis-pipeline/data/raw/subtitles/1983_Jaws_3_D_tt0085750_746023.srt,the sons of police chief Brody,collective_civilian,a giant thirty-five-foot shark,non_human,everyone in the SeaWorld theme park,1,1,0,2,high,False,0,False,False,0,0,16,0.0,0.0,success,,
1983,16,Scarface,135,111.0,tt0086250,Scarface,1983-12-09,HIGH,45233518,45227398.0,501.0,100.0,0.1,16.0,9.0,90274.24750499002,0.0,-7.0,False,False,False,False,"After getting a green card in exchange for assassinating a Cuban government official, Tony Montana stakes a claim on the drug trade in Miami. Viciously murdering anyone who stands in his way, Tony eventually becomes the biggest drug lord in the state, controlling nearly all the cocaine that comes through Miami. But increased pressure from the police, wars with Colombian drug cartels and his own drug-fueled paranoia serve to fuel the flames of his eventual downfall.",https://www.boxofficemojo.com/year/world/1983/,True,en,/Users/cedricroetheli/Desktop/BA Cédric/Input/Code/boxoffice-analysis-pipeline/data/raw/subtitles/1983_Scarface_tt0086250_5047139.srt,Tony Montana,individual_civilian,Tony Montana's own criminal rise and the opposing drug-war forces around him,collective_civilian,Tony Montana,0,0,0,0,medium,True,1,True,True,1,1,18,0.0555555555555555,0.0555555555555555,success,,
1983,17,Blue Thunder,136,6341.0,tt0085255,Blue Thunder,1983-02-05,HIGH,42313354,42313354.0,,100.0,,17.0,,,0.0,,False,True,False,True,"Los Angeles, California. Officer Murphy, a veteran Metropolitan Police helicopter pilot suffering from severe trauma due to his harsh experiences during the Vietnam War, and Lymangood, his resourceful new partner, are tasked with testing an advanced and heavily armed experimental chopper known as Blue Thunder.",https://www.boxofficemojo.com/year/world/1983/,True,en,/Users/cedricroetheli/Desktop/BA Cédric/Input/Code/boxoffice-analysis-pipeline/data/raw/subtitles/1983_Blue_Thunder_tt0085255_603639.srt,Officer Murphy,state_military,,none,,,,0,,low,False,0,False,False,0,0,10,0.0,0.0,success_with_warnings,villain_actor unresolved (none) | hero_victim_distance unresolved (none) | victim_level unresolved (none),
1983,18,Yentl,137,10269.0,tt0086619,Yentl,1983-11-18,HIGH,40219251,40218899.0,,100.0,,18.0,,,0.0,,False,True,False,True,"In a time when girls were forbidden to study religious scriptures, a Jewish girl masquerades as a boy to enter religious training and unexpectedly finds love along the way.",https://www.boxofficemojo.com/year/world/1983/,True,en,/Users/cedricroetheli/Desktop/BA Cédric/Input/Code/boxoffice-analysis-pipeline/data/raw/subtitles/1983_Yentl_tt0086619_4594972.srt,Yentl,individual_civilian,patriarchal religious restrictions on women's study,collective_civilian,Yentl,0,0,0,0,medium,False,0,False,False,0,0,6,0.0,0.0,success,,
1983,19,Silkwood,138,12502.0,tt0086312,Silkwood,1983-12-14,HIGH,35616970,35615609.0,,100.0,,19.0,,,0.0,,False,True,False,True,"Like most of the people in her town, Karen Silkwood works at the local nuclear plant producing highly radioactive plutonium. Exposed one day to a lethal dose of radiation, Karen faces the blank walls of corporate indifference and denial. As her illness increases, her protest grows louder and she becomes an obvious danger to the powers that be.",https://www.boxofficemojo.com/year/world/1983/,True,en,/Users/cedricroetheli/Desktop/BA Cédric/Input/Code/boxoffice-analysis-pipeline/data/raw/subtitles/1983_Silkwood_tt0086312_1456223.srt,Karen Silkwood,individual_civilian,the local nuclear plant and its corporate management,corporate_institutional,Karen Silkwood,0,0,0,0,high,False,0,False,False,0,0,19,0.0,0.0,success,,
1983,20,Psycho II,139,10576.0,tt0086154,Psycho II,1983-06-03,HIGH,34725614,34725000.0,,100.0,,20.0,,,0.0,,False,True,False,True,"Norman Bates is declared sane and released from the facility in which he was being held, despite the complaints of Lila Loomis, sister of his most famous victim. Is he really cured, or will he kill again?",https://www.boxofficemojo.com/year/world/1983/,True,en,/Users/cedricroetheli/Desktop/BA Cédric/Input/Code/boxoffice-analysis-pipeline/data/raw/subtitles/1983_Psycho_II_tt0086154_713148.srt,Norman Bates,individual_civilian,Norman Bates,individual_civilian,people around Norman Bates,1,1,0,2,medium,False,0,False,False,0,0,11,0.0,0.0,success,,
1984,1,Beverly Hills Cop,140,90.0,tt0086960,Beverly Hills Cop,1984-12-05,HIGH,234760911,234760478.0,,100.0,,1.0,,,0.0,,False,True,False,True,"Fast-talking, quick-thinking Detroit street cop Axel Foley has bent more than a few rules and regs in his time, but when his best friend is murdered, he heads to sunny Beverly Hills to work the case like only he can.",https://www.boxofficemojo.com/year/world/1984/,True,en,/Users/cedricroetheli/Desktop/BA Cédric/Input/Code/boxoffice-analysis-pipeline/data/raw/subtitles/1984_Beverly_Hills_Cop_tt0086960_5329980.srt,Axel Foley,state_military,the murderer of Axel Foley's best friend,individual_civilian,Axel Foley's best friend,0,0,0,0,medium,False,0,False,False,0,0,29,0.0,0.0,success,,
1984,2,Ghostbusters,141,620.0,tt0087332,Ghostbusters,1984-06-08,HIGH,229379484,229242989.0,122597.0,99.9,0.1,2.0,5.0,1869.890690636802,0.0,3.0,False,False,False,False,"After losing their university jobs, three parapsychologists start a ghost-catching business in New York City and uncover a supernatural threat that could destroy the world.",https://www.boxofficemojo.com/year/world/1984/,True,en,/Users/cedricroetheli/Desktop/BA Cédric/Input/Code/boxoffice-analysis-pipeline/data/raw/subtitles/1984_Ghostbusters_tt0087332_461714.srt,the Ghostbusters,collective_civilian,the supernatural threat,non_human,the world,3,3,3,6,high,False,0,False,False,0,0,31,0.0,0.0,success,,
1984,3,Indiana Jones and the Temple of Doom,142,87.0,tt0087469,Indiana Jones and the Temple of Doom,1984-05-23,HIGH,179877399,179870271.0,,100.0,,3.0,,,0.0,,False,True,False,True,"After arriving in India, Indiana Jones is asked by a desperate village to find a mystical stone. He agrees – and stumbles upon a secret cult plotting a terrible plan in the catacombs of an ancient palace.",https://www.boxofficemojo.com/year/world/1984/,True,en,/Users/cedricroetheli/Desktop/BA Cédric/Input/Code/boxoffice-analysis-pipeline/data/raw/subtitles/1984_Indiana_Jones_and_the_Temple_of_Doom_tt0087469_523023.srt,Indiana Jones,individual_civilian,the secret cult,collective_civilian,the desperate village,1,1,0,2,high,False,0,False,False,0,0,22,0.0,0.0,success,,
1984,4,Gremlins,143,927.0,tt0087363,Gremlins,1984-06-08,HIGH,159699500,148168459.0,11519905.0,92.8,7.2,4.0,1.0,12.861951465745594,0.0,-3.0,False,False,False,False,"After receiving an exotic small animal as a Christmas gift, a young man inadvertently breaks three important rules concerning his new pet, which unleashes a horde of malevolently mischievous creatures on a small town.",https://www.boxofficemojo.com/year/world/1984/,True,en,/Users/cedricroetheli/Desktop/BA Cédric/Input/Code/boxoffice-analysis-pipeline/data/raw/subtitles/1984_Gremlins_tt0087363_427322.srt,a young man,individual_civilian,a horde of malevolently mischievous creatures,non_human,a small town,2,1,0,3,high,True,1,True,True,1,1,24,0.0416666666666666,0.0416666666666666,success,,
1984,5,The Karate Kid,144,1885.0,tt0087538,The Karate Kid,1984-06-22,HIGH,90829379,90815558.0,,100.0,,5.0,,,0.0,,False,True,False,True,"New Jersey teen Daniel LaRusso moves to Los Angeles with his mother, and soon strikes up a relationship with Ali. He quickly finds himself the target of bullying by a group of thugs, led by Ali's ex-boyfriend Johnny, who study karate at the Cobra Kai dojo under ruthless sensei John Kreese. Fortunately, Daniel befriends Mr. Miyagi, an unassuming repairman who just happens to be a martial arts master himself. Miyagi takes Daniel under his wing, training him in a more compassionate form of karate for self-defense and, later, preparing him to compete against the brutal Cobra Kai.",https://www.boxofficemojo.com/year/world/1984/,True,en,/Users/cedricroetheli/Desktop/BA Cédric/Input/Code/boxoffice-analysis-pipeline/data/raw/subtitles/1984_The_Karate_Kid_tt0087538_5082378.srt,Daniel LaRusso,individual_civilian,Johnny and the Cobra Kai under John Kreese,collective_civilian,Daniel LaRusso,0,0,0,0,high,False,0,False,False,0,0,28,0.0,0.0,success,,
1984,6,Police Academy,145,9336.0,tt0087928,Police Academy,1984-03-22,HIGH,81198894,81198894.0,,100.0,,6.0,,,0.0,,False,True,False,True,"New rules enforced by the Lady Mayoress mean that sex, weight, height and intelligence need no longer be a factor for joining the Police Force. This opens the floodgates for all and sundry to enter the Police Academy, much to the chagrin of the instructors. Not everyone is there through choice, though. Social misfit Mahoney has been forced to sign up as the only alternative to a jail sentence and it doesn't take long before he falls foul of the boorish Lieutenant Harris. But before long, Mahoney realises that he is enjoying being a police cadet and decides he wants to stay... while Harris decides he wants Mahoney out!",https://www.boxofficemojo.com/year/world/1984/,True,en,/Users/cedricroetheli/Desktop/BA Cédric/Input/Code/boxoffice-analysis-pipeline/data/raw/subtitles/1984_Police_Academy_tt0087928_525580.srt,Mahoney,individual_civilian,Lieutenant Harris,state_military,Mahoney,0,0,0,0,high,False,0,False,False,0,0,4,0.0,0.0,success,,
1984,7,Footloose,146,1788.0,tt0087277,Footloose,1984-02-17,HIGH,80040794,80035402.0,,100.0,,7.0,,,0.0,,False,True,False,True,"When teenager Ren and his family move from big-city Chicago to a small town in the West, he's in for a real case of culture shock after discovering he's living in a place where music and dancing are illegal.",https://www.boxofficemojo.com/year/world/1984/,True,en,/Users/cedricroetheli/Desktop/BA Cédric/Input/Code/boxoffice-analysis-pipeline/data/raw/subtitles/1984_Footloose_tt0087277_6517048.srt,Ren,individual_civilian,the small town's anti-dancing authority and norms,collective_civilian,Ren and the town's teenagers,1,0,0,1,medium,False,0,False,False,0,0,6,0.0,0.0,success,,
1984,8,Romancing the Stone,147,9326.0,tt0088011,Romancing the Stone,1984-03-30,HIGH,76574562,76572238.0,137.0,100.0,0.1,8.0,14.0,558921.4452554744,0.0,6.0,False,False,False,False,"Though she can spin wild tales of passionate romance, novelist Joan Wilder has no life of her own. Then one day adventure comes her way in the form of a mysterious package. It turns out that the parcel is the ransom she'll need to free her abducted sister, so Joan flies to South America to hand it over. But she gets on the wrong bus and winds up hopelessly stranded in the jungle.",https://www.boxofficemojo.com/year/world/1984/,True,en,/Users/cedricroetheli/Desktop/BA Cédric/Input/Code/boxoffice-analysis-pipeline/data/raw/subtitles/1984_Romancing_the_Stone_tt0088011_497571.srt,Joan Wilder,individual_civilian,the abductors of Joan's sister,collective_civilian,Joan Wilder's sister,0,0,2,0,medium,True,1,False,True,0,1,26,0.0,0.0384615384615384,success,,
1984,9,Star Trek III: The Search for Spock,148,157.0,tt0088170,Star Trek III: The Search for Spock,1984-06-01,HIGH,76551989,76471046.0,80943.0,99.9,0.1,9.0,7.0,944.7518130042127,0.0,-2.0,False,False,False,False,A surprise visit from Spock's father provides a startling revelation: McCoy is harboring Spock's living essence.,https://www.boxofficemojo.com/year/world/1984/,True,en,/Users/cedricroetheli/Desktop/BA Cédric/Input/Code/boxoffice-analysis-pipeline/data/raw/subtitles/1984_Star_Trek_III_The_Search_for_Spock_tt0088170_6885054.srt,McCoy,individual_civilian,,none,Spock,0,0,,0,low,False,0,False,False,0,0,22,0.0,0.0,success_with_warnings,villain_actor unresolved (none) | conflict_scale unresolved (none),
1984,10,Splash,149,2619.0,tt0088161,Splash,1984-03-09,HIGH,69821334,69821334.0,,100.0,,10.0,,,0.0,,False,True,False,True,"A successful businessman falls in love with the girl of his dreams. There's one big complication though; he's fallen hook, line and sinker for a mermaid.",https://www.boxofficemojo.com/year/world/1984/,True,en,/Users/cedricroetheli/Desktop/BA Cédric/Input/Code/boxoffice-analysis-pipeline/data/raw/subtitles/1984_Splash_tt0088161_4566121.srt,a successful businessman,individual_civilian,the complication of the mermaid identity,non_human,the businessman and the mermaid's relationship,0,0,0,0,low,False,0,False,False,0,0,6,0.0,0.0,success,,
1984,11,Purple Rain,150,13763.0,tt0087957,Purple Rain,1984-07-27,HIGH,68400971,68392977.0,,100.0,,11.0,,,0.0,,False,True,False,True,"A victim of his own anger, the Kid is a Minneapolis musician on the rise with his band, the Revolution, escaping a tumultuous home life through music. While trying to avoid making the same mistakes as his truculent father, the Kid navigates the club scene and a rocky relationship with a captivating singer, Apollonia. But another musician, Morris, looks to steal the Kid's spotlight -- and his girl.",https://www.boxofficemojo.com/year/world/1984/,True,en,/Users/cedricroetheli/Desktop/BA Cédric/Input/Code/boxoffice-analysis-pipeline/data/raw/subtitles/1984_Purple_Rain_tt0087957_631748.srt,the Kid,individual_civilian,Morris,individual_civilian,the Kid,0,0,0,0,high,False,0,False,False,0,0,7,0.0,0.0,success,,
1984,12,Amadeus,151,279.0,tt0086879,Amadeus,1984-09-19,HIGH,51571889,51564280.0,,100.0,,12.0,,,0.0,,False,True,False,True,Disciplined Italian composer Antonio Salieri becomes consumed by jealousy and resentment towards the hedonistic and remarkably talented young Salzburger composer Wolfgang Amadeus Mozart.,https://www.boxofficemojo.com/year/world/1984/,True,en,/Users/cedricroetheli/Desktop/BA Cédric/Input/Code/boxoffice-analysis-pipeline/data/raw/subtitles/1984_Amadeus_tt0086879_5330221.srt,Antonio Salieri,individual_civilian,Antonio Salieri's jealousy toward Mozart,individual_civilian,Wolfgang Amadeus Mozart,0,0,0,0,medium,False,0,False,False,0,0,18,0.0,0.0,success,,
1984,13,Tightrope,152,11707.0,tt0088272,Tightrope,1984-08-17,HIGH,48143579,48143579.0,,100.0,,13.0,,,0.0,,False,True,False,True,Wes Block is a detective who's put on the case of a serial killer whose victims are young and pretty women. The murders are getting personal when the killer chooses victims who are acquaintances of Block. Even his daughters are threatened.,https://www.boxofficemojo.com/year/world/1984/,True,en,/Users/cedricroetheli/Desktop/BA Cédric/Input/Code/boxoffice-analysis-pipeline/data/raw/subtitles/1984_Tightrope_tt0088272_2430939.srt,Wes Block,state_military,the serial killer,individual_civilian,Wes Block's daughters and women close to him,1,0,0,1,high,False,0,False,False,0,0,5,0.0,0.0,success,,
1984,14,The Natural,153,11393.0,tt0087781,The Natural,1984-05-11,HIGH,47951979,47951979.0,,100.0,,14.0,,,0.0,,False,True,False,True,An unknown middle-aged batter named Roy Hobbs with a mysterious past appears out of nowhere to take a losing 1930s baseball team to the top of the league.,https://www.boxofficemojo.com/year/world/1984/,True,en,/Users/cedricroetheli/Desktop/BA Cédric/Input/Code/boxoffice-analysis-pipeline/data/raw/subtitles/1984_The_Natural_tt0087781_723857.srt,Roy Hobbs,individual_civilian,the losing circumstances facing the team,none,the losing 1930s baseball team,1,1,0,2,medium,True,1,True,True,1,1,10,0.1,0.1,success_with_warnings,villain_actor unresolved (none),
1984,15,"Greystoke: The Legend of Tarzan, Lord of the Apes",154,11002.0,tt0087365,"Greystoke: The Legend of Tarzan, Lord of the Apes",1984-03-30,HIGH,45858563,45858563.0,,100.0,,15.0,,,0.0,,False,True,False,True,"A shipping disaster in the 19th Century has stranded a man and woman in the wilds of Africa. The lady is pregnant, and gives birth to a son in their tree house. Soon after, a family of apes stumble across the house and in the ensuing panic, both parents are killed. A female ape takes the tiny boy as a replacement for her own dead infant, and raises him as her son. Twenty years later, Captain Phillippe D'Arnot discovers the man who thinks he is an ape. Evidence in the tree house leads him to believe that he is the direct descendant of the Earl of Greystoke, and thus takes it upon himself to return the man to civilization.",https://www.boxofficemojo.com/year/world/1984/,True,en,/Users/cedricroetheli/Desktop/BA Cédric/Input/Code/boxoffice-analysis-pipeline/data/raw/subtitles/1984_Greystoke_The_Legend_of_Tarzan_Lord_of_the_Apes_tt0087365_605017.srt,Tarzan / the Greystoke heir,individual_civilian,the African wilderness and circumstances of his stranding,non_human,Tarzan / the Greystoke heir,0,0,0,0,medium,False,0,False,False,0,0,7,0.0,0.0,success,,
1984,16,Revenge of the Nerds,155,14052.0,tt0088000,Revenge of the Nerds,1984-07-20,HIGH,40874452,40874452.0,,100.0,,16.0,,,0.0,,False,True,False,True,"At Adams College, the jocks rule the school from their house on high, the Alpha Beta fraternity. So when a group of socially-challenged misfits try to go Greek, they're instantly rejected by every house on campus. Deciding to start their own fraternity to protect their outcast brothers, the campus nerds soon find themselves in a battle royale as the Alpha Betas try to crush their new rivals.",https://www.boxofficemojo.com/year/world/1984/,True,en,/Users/cedricroetheli/Desktop/BA Cédric/Input/Code/boxoffice-analysis-pipeline/data/raw/subtitles/1984_Revenge_of_the_Nerds_tt0088000_487993.srt,the campus nerds,collective_civilian,the Alpha Betas,collective_civilian,the campus nerds and their fraternity,1,0,0,1,high,False,0,False,False,0,0,7,0.0,0.0,success,,
1984,17,2010: The Year We Make Contact,156,4437.0,tt0086837,2010,1984-12-06,MANUAL_ACCEPTED,40400657,40400657.0,,100.0,,17.0,,,0.0,,False,True,False,True,"While planet Earth poises on the brink of nuclear self-destruction, a team of Russian and American scientists aboard the Leonov hurtles to a rendezvous with the still-orbiting Discovery spacecraft and its sole known survivor, the homicidal computer HAL.",https://www.boxofficemojo.com/year/world/1984/,True,en,/Users/cedricroetheli/Desktop/BA Cédric/Input/Code/boxoffice-analysis-pipeline/data/raw/subtitles/1984_2010_The_Year_We_Make_Contact_tt0086837_4675122.srt,a team of Russian and American scientists aboard the Leonov,collective_civilian,HAL,non_human,Earth,2,2,2,4,medium,False,0,False,False,0,0,12,0.0,0.0,success,,
1984,18,Breakin',157,15259.0,tt0086998,Breakin',1984-05-04,HIGH,38684362,38682707.0,,100.0,,18.0,,,0.0,,False,True,False,True,A struggling young dancer joins forces with two breakdancers and together they become a street sensation.,https://www.boxofficemojo.com/year/world/1984/,True,en,/Users/cedricroetheli/Desktop/BA Cédric/Input/Code/boxoffice-analysis-pipeline/data/raw/subtitles/1984_Breakin_tt0086998_1493219.srt,a struggling young dancer and two breakdancers,collective_civilian,,none,the dance trio,0,0,0,0,low,False,0,False,False,0,0,9,0.0,0.0,success_with_warnings,villain_actor unresolved (none),
1984,19,Bachelor Party,158,12309.0,tt0086927,Bachelor Party,1984-06-29,HIGH,38435947,38435947.0,,100.0,,19.0,,,0.0,,False,True,False,True,"On the eve of his wedding to his longtime girlfriend, unassuming nice guy Rick is dragged out for a night of debauchery by his friends.",https://www.boxofficemojo.com/year/world/1984/,True,en,/Users/cedricroetheli/Desktop/BA Cédric/Input/Code/boxoffice-analysis-pipeline/data/raw/subtitles/1984_Bachelor_Party_tt0086927_612949.srt,Rick,individual_civilian,his friends' night of debauchery,collective_civilian,Rick and his relationship with his longtime girlfriend,0,0,0,0,medium,False,0,False,False,0,0,5,0.0,0.0,success,,
1984,20,The Terminator,159,218.0,tt0088247,The Terminator,1984-10-26,HIGH,38389632,38371200.0,411.0,100.0,0.1,21.0,13.0,93360.58394160584,1.0,-7.0,False,False,False,False,"In the post-apocalyptic future, reigning tyrannical supercomputers teleport a cyborg assassin known as the ""Terminator"" back to 1984 to kill Sarah Connor, whose unborn son is destined to lead insurgents against 21st century mechanical hegemony. Meanwhile, the human-resistance movement dispatches a lone warrior to safeguard Sarah. Can he stop the virtually indestructible killing machine?",https://www.boxofficemojo.com/year/world/1984/,True,en,/Users/cedricroetheli/Desktop/BA Cédric/Input/Code/boxoffice-analysis-pipeline/data/raw/subtitles/1984_The_Terminator_tt0088247_4627053.srt,the lone warrior from the human resistance,individual_civilian,the Terminator,non_human,Sarah Connor,0,0,0,0,high,False,0,False,False,0,0,21,0.0,0.0,success,,
1985,1,Out of Africa,160,606.0,tt0089755,Out of Africa,1985-12-20,HIGH,224260502,87071205.0,137188277.0,38.8,61.2,5.0,1.0,0.6346840043774294,4.0,0.0,False,False,False,False,"Tells the life story of Danish author Karen Blixen, who at the beginning of the 20th century moved to Africa to build a new life for herself. The film is based on her 1937 autobiographical novel.",https://www.boxofficemojo.com/year/world/1985/,True,en,/Users/cedricroetheli/Desktop/BA Cédric/Input/Code/boxoffice-analysis-pipeline/data/raw/subtitles/1985_Out_of_Africa_tt0089755_4662335.srt,Karen Blixen,individual_civilian,,none,Karen Blixen,0,0,0,0,low,False,0,False,False,0,0,23,0.0,0.0,success_with_warnings,villain_actor unresolved (none),
1985,2,Back to the Future,161,105.0,tt0088763,Back to the Future,1985-07-03,HIGH,222670392,212326307.0,10344085.0,95.4,4.6,1.0,2.0,20.52634979314265,-1.0,0.0,False,False,False,False,"Eighties teenager Marty McFly is accidentally sent back in time to 1955, inadvertently disrupting his parents' first meeting and attracting his mother's romantic interest. Marty must repair the damage to history by rekindling his parents' romance and - with the help of his eccentric inventor friend Doc Brown - return to 1985.",https://www.boxofficemojo.com/year/world/1985/,True,en,/Users/cedricroetheli/Desktop/BA Cédric/Input/Code/boxoffice-analysis-pipeline/data/raw/subtitles/1985_Back_to_the_Future_tt0088763_6904071.srt,Marty McFly,individual_civilian,the disrupted timeline caused by Marty's accidental interference,none,Marty McFly and his family history,0,0,0,0,medium,True,1,True,True,1,1,25,0.04,0.04,success_with_warnings,villain_actor unresolved (none),
1985,3,Rambo: First Blood Part II,162,1369.0,tt0089880,Rambo: First Blood Part II,1985-05-21,HIGH,150415432,150415432.0,,100.0,,2.0,,,-1.0,,False,True,False,True,John Rambo is released from prison by the government for a top-secret covert mission to the last place on Earth he'd want to return - the jungles of Vietnam.,https://www.boxofficemojo.com/year/world/1985/,True,en,/Users/cedricroetheli/Desktop/BA Cédric/Input/Code/boxoffice-analysis-pipeline/data/raw/subtitles/1985_Rambo_First_Blood_Part_II_tt0089880_5314671.srt,John Rambo,individual_civilian,the covert mission's opposing forces in Vietnam,none,,,,2,,low,True,3,True,True,1,3,27,0.037037037037037,0.1111111111111111,success_with_warnings,villain_actor unresolved (none) | hero_victim_distance unresolved (none) | victim_level unresolved (none),
1985,4,Rocky IV,163,1374.0,tt0089927,Rocky IV,1985-11-21,HIGH,127899161,127873716.0,17637.0,100.0,0.1,3.0,7.0,7250.309916652492,-1.0,3.0,False,False,False,False,"Rocky Balboa holds the world heavyweight championship, but a new challenger has stepped forward: Drago, a six-foot-four, 261-pound fighter who has the backing of the Soviet Union. This time, Rocky's training regimen takes him to Siberia, where he prepares for a globally televised match in the heart of Moscow. But nothing can truly prepare him for what he's about to face – a fight to the finish, in which he must defend not only himself, but also the honor of his country!",https://www.boxofficemojo.com/year/world/1985/,True,en,/Users/cedricroetheli/Desktop/BA Cédric/Input/Code/boxoffice-analysis-pipeline/data/raw/subtitles/1985_Rocky_IV_tt0089927_399574.srt,Rocky Balboa,individual_civilian,Ivan Drago,state_military,the honor of the United States,2,2,2,4,medium,True,2,True,True,2,2,19,0.1052631578947368,0.1052631578947368,success,,
1985,5,The Color Purple,164,873.0,tt0088939,The Color Purple,1985-12-18,HIGH,94175854,94175854.0,,100.0,,4.0,,,-1.0,,False,True,False,True,"An epic tale spanning forty years in the life of Celie, an African-American woman living in the South who survives incredible abuse and bigotry. After Celie's abusive father marries her off to the equally debasing 'Mister' Albert Johnson, things go from bad to worse, leaving Celie to find companionship anywhere she can. She perseveres, holding on to her dream of one day being reunited with her sister in Africa.",https://www.boxofficemojo.com/year/world/1985/,True,en,/Users/cedricroetheli/Desktop/BA Cédric/Input/Code/boxoffice-analysis-pipeline/data/raw/subtitles/1985_The_Color_Purple_tt0088939_4475810.srt,Celie,individual_civilian,Mister Albert Johnson and the abusive patriarchal system around Celie,collective_civilian,Celie,0,0,0,0,medium,True,2,True,True,1,2,29,0.0344827586206896,0.0689655172413793,success,,
1985,6,Cocoon,165,10328.0,tt0088933,Cocoon,1985-06-21,HIGH,76113124,76113124.0,,100.0,,6.0,,,0.0,,False,True,False,True,"When a group of trespassing seniors swim in a pool containing alien cocoons, they find themselves energized with youthful vigor.",https://www.boxofficemojo.com/year/world/1985/,True,en,/Users/cedricroetheli/Desktop/BA Cédric/Input/Code/boxoffice-analysis-pipeline/data/raw/subtitles/1985_Cocoon_tt0088933_624878.srt,a group of trespassing seniors,collective_civilian,alien cocoons,non_human,a group of trespassing seniors,1,0,0,1,low,False,0,False,False,0,0,23,0.0,0.0,success,,
1985,7,The Jewel of the Nile,166,10303.0,tt0089370,The Jewel of the Nile,1985-08-01,HIGH,75973200,75973200.0,,100.0,,7.0,,,0.0,,False,True,False,True,"Joan Wilder is thrust back into a world of murder, chases, foreign intrigue... and love. This time out she's duped by a duplicitous Arab dignitary who brings her to the Middle East, ostensibly to write a book about his life. Of course, he's up to no good, and Joan is just another pawn in his wicked game. But Jack Colton and his sidekick Ralph show up to help our intrepid heroine save the day.",https://www.boxofficemojo.com/year/world/1985/,True,en,/Users/cedricroetheli/Desktop/BA Cédric/Input/Code/boxoffice-analysis-pipeline/data/raw/subtitles/1985_The_Jewel_of_the_Nile_tt0089370_397335.srt,Joan Wilder,individual_civilian,the duplicitous Arab dignitary,individual_civilian,Joan Wilder,0,0,2,0,medium,True,1,True,True,1,1,21,0.0476190476190476,0.0476190476190476,success,,
1985,8,Witness,167,9281.0,tt0090329,Witness,1985-02-08,HIGH,68706993,68706993.0,,100.0,,8.0,,,0.0,,False,True,False,True,"While protecting an Amish boy – the sole witness to a brutal murder – and his mother, a detective is forced to seek refuge within their community when his own life comes under threat.",https://www.boxofficemojo.com/year/world/1985/,True,en,/Users/cedricroetheli/Desktop/BA Cédric/Input/Code/boxoffice-analysis-pipeline/data/raw/subtitles/1985_Witness_tt0090329_594036.srt,the detective,individual_civilian,the murderers threatening the witness and detective,collective_civilian,the Amish boy and his mother,1,0,0,1,medium,True,1,True,True,1,1,10,0.1,0.1,success,,
1985,9,The Goonies,168,9340.0,tt0089218,The Goonies,1985-06-07,HIGH,61427762,61389680.0,2770.0,99.9,0.1,9.0,8.0,22162.339350180504,0.0,-1.0,False,False,False,False,"Young teen Mikey Walsh and his friends set off on a quest to find Pirate One-Eyed Willie's treasure in hopes of saving their homes from demolition. However, on their quest to find the treasure, they run into a family of recently escaped criminals, determined to capture the kids and reach the treasure first.",https://www.boxofficemojo.com/year/world/1985/,True,en,/Users/cedricroetheli/Desktop/BA Cédric/Input/Code/boxoffice-analysis-pipeline/data/raw/subtitles/1985_The_Goonies_tt0089218_580562.srt,Mikey Walsh and his friends,collective_civilian,the family of recently escaped criminals,collective_civilian,Mikey Walsh and his friends' homes,1,0,0,1,high,True,1,True,True,1,1,14,0.0714285714285714,0.0714285714285714,success,,
1985,10,Spies Like Us,169,9080.0,tt0090056,Spies Like Us,1985-12-06,HIGH,60088980,60088980.0,,100.0,,10.0,,,0.0,,False,True,False,True,"Two bumbling government employees think they are U.S. spies, only to discover that they are actually decoys for nuclear war.",https://www.boxofficemojo.com/year/world/1985/,True,en,/Users/cedricroetheli/Desktop/BA Cédric/Input/Code/boxoffice-analysis-pipeline/data/raw/subtitles/1985_Spies_Like_Us_tt0090056_744878.srt,two bumbling government employees,state_military,the U.S. government decoy operation leading toward nuclear war,state_military,humanity,3,3,3,6,medium,True,4,True,True,2,4,7,0.2857142857142857,0.5714285714285714,success,,
1985,11,Police Academy 2: Their First Assignment,170,10157.0,tt0089822,Police Academy 2: Their First Assignment,1985-03-28,HIGH,55600000,55600000.0,,100.0,,11.0,,,0.0,,False,True,False,True,"Officer Carey Mahoney and his cohorts have finally graduated from the Police Academy and are about to hit the streets on their first assignment. Question is, are they ready to do battle with a band of graffiti-tagging terrorists? Time will tell, but don't sell short this cheerful band of doltish boys in blue.",https://www.boxofficemojo.com/year/world/1985/,True,en,/Users/cedricroetheli/Desktop/BA Cédric/Input/Code/boxoffice-analysis-pipeline/data/raw/subtitles/1985_Police_Academy_2_Their_First_Assignment_tt0089822_4517127.srt,Officer Carey Mahoney and his cohorts,collective_civilian,a band of graffiti-tagging terrorists,collective_civilian,the city community,1,1,0,2,medium,True,1,False,True,0,1,7,0.0,0.1428571428571428,success,,
1985,12,Fletch,171,9749.0,tt0089155,Fletch,1985-05-31,HIGH,50612888,50612888.0,,100.0,,12.0,,,0.0,,False,True,False,True,"When investigative reporter Irwin ""Fletch"" Fletcher goes undercover to write a piece on the drug trade at a local beach, he's approached by wealthy businessman Alan Stanwyk, who offers him $50,000 to murder him. With sarcastic wit and a knack for disguises, Fletch sets out to uncover Stanwyk's story.",https://www.boxofficemojo.com/year/world/1985/,True,en,/Users/cedricroetheli/Desktop/BA Cédric/Input/Code/boxoffice-analysis-pipeline/data/raw/subtitles/1985_Fletch_tt0089155_637127.srt,"Irwin ""Fletch"" Fletcher",individual_civilian,Alan Stanwyk,individual_civilian,"Irwin ""Fletch"" Fletcher",0,0,0,0,medium,False,0,False,False,0,0,14,0.0,0.0,success,,
1985,13,A View to a Kill,172,707.0,tt0090264,A View to a Kill,1985-05-24,HIGH,50328158,50327960.0,,100.0,,13.0,,,0.0,,False,True,False,True,A newly-developed microchip designed by Zorin Industries for the British Government that can survive the electromagnetic radiation caused by a nuclear explosion has landed in the hands of the KGB. James Bond must find out how and why. His suspicions soon lead him to big industry leader Max Zorin who forms a plan to destroy his only competition in Silicon Valley by triggering a massive earthquake in the San Francisco Bay.,https://www.boxofficemojo.com/year/world/1985/,True,en,/Users/cedricroetheli/Desktop/BA Cédric/Input/Code/boxoffice-analysis-pipeline/data/raw/subtitles/1985_A_View_to_a_Kill_tt0090264_6544966.srt,James Bond,individual_civilian,Max Zorin,corporate_institutional,Silicon Valley and the San Francisco Bay area,2,3,0,5,high,True,1,True,True,1,1,29,0.0344827586206896,0.0344827586206896,success,,
1985,14,National Lampoon's European Vacation,173,11418.0,tt0089670,National Lampoon's European Vacation,1985-07-25,HIGH,49364621,49364621.0,,100.0,,14.0,,,0.0,,False,True,False,True,"The Griswolds win a vacation to Europe on a game show, and so pack their bags for the continent. They do their best to catch the flavor of Europe, but they just don't know how to be be good tourists. Besides, they have trouble taking holidays in countries where they CAN speak the language.",https://www.boxofficemojo.com/year/world/1985/,True,en,/Users/cedricroetheli/Desktop/BA Cédric/Input/Code/boxoffice-analysis-pipeline/data/raw/subtitles/1985_National_Lampoon_s_European_Vacation_tt0089670_4560307.srt,the Griswolds,collective_civilian,their ineptitude and travel mishaps,none,the Griswolds,1,0,2,1,medium,False,0,False,False,0,0,12,0.0,0.0,success_with_warnings,villain_actor unresolved (none),
1985,15,Mask,174,11177.0,tt0089560,Mask,1985-03-08,HIGH,48230162,48230162.0,,100.0,,15.0,,,0.0,,False,True,False,True,A significantly deformed but highly intelligent teenage boy and his biker gang mother attempt to live as normal a life as possible under the circumstances.,https://www.boxofficemojo.com/year/world/1985/,True,en,/Users/cedricroetheli/Desktop/BA Cédric/Input/Code/boxoffice-analysis-pipeline/data/raw/subtitles/1985_Mask_tt0089560_594087.srt,the deformed teenage boy,individual_civilian,social prejudice and the boy's condition,none,the deformed teenage boy and his mother,1,0,0,1,medium,False,0,False,False,0,0,8,0.0,0.0,success_with_warnings,villain_actor unresolved (none),
1985,16,The Breakfast Club,175,2108.0,tt0088847,The Breakfast Club,1985-02-15,HIGH,45881216,45875171.0,,100.0,,16.0,,,0.0,,False,True,False,True,"Five high school students from different walks of life endure a Saturday detention under a power-hungry principal. The disparate group includes rebel John, princess Claire, outcast Allison, brainy Brian and Andrew, the jock. Each has a chance to tell his or her story, making the others see them a little differently -- and when the day ends, they question whether school will ever be the same.",https://www.boxofficemojo.com/year/world/1985/,True,en,/Users/cedricroetheli/Desktop/BA Cédric/Input/Code/boxoffice-analysis-pipeline/data/raw/subtitles/1985_The_Breakfast_Club_tt0088847_638581.srt,Five high school students in detention,collective_civilian,the power-hungry principal,corporate_institutional,Five high school students in detention,1,0,0,1,high,True,1,False,True,0,1,9,0.0,0.1111111111111111,success,,
1985,17,White Nights,176,16082.0,tt0090319,White Nights,1985-11-22,HIGH,42160849,42160849.0,,100.0,,17.0,,,0.0,,False,True,False,True,"After his plane crashes in Siberia, a Russian dancer, who defected to the West, is held prisoner in the Soviet Union. The KGB keeps him under watch and tries to convince him to become a dancer for the Kirov Academy of Ballet again. Determined to escape, he befriends a black American expatriate and his pregnant Russian wife, who agree to help him escape to the American Embassy.",https://www.boxofficemojo.com/year/world/1985/,True,en,/Users/cedricroetheli/Desktop/BA Cédric/Input/Code/boxoffice-analysis-pipeline/data/raw/subtitles/1985_White_Nights_tt0090319_4564673.srt,the Russian defector dancer,individual_civilian,the KGB and Soviet authorities,state_military,the Russian defector dancer,0,0,1,0,high,True,1,True,True,1,1,8,0.125,0.125,success,,
1985,18,Pale Rider,177,8879.0,tt0089767,Pale Rider,1985-06-28,HIGH,41410568,41410568.0,,100.0,,18.0,,,0.0,,False,True,False,True,A mysterious preacher protects a humble prospector village from a greedy mining company trying to encroach on their land.,https://www.boxofficemojo.com/year/world/1985/,True,en,/Users/cedricroetheli/Desktop/BA Cédric/Input/Code/boxoffice-analysis-pipeline/data/raw/subtitles/1985_Pale_Rider_tt0089767_489961.srt,the mysterious preacher,individual_civilian,the greedy mining company,corporate_institutional,the prospector village,1,1,0,2,high,True,1,True,True,1,1,14,0.0714285714285714,0.0714285714285714,success,,
1985,19,Pee-wee's Big Adventure,178,5683.0,tt0089791,Pee-wee's Big Adventure,1985-07-26,HIGH,40941948,40940662.0,,100.0,,19.0,,,0.0,,False,True,False,True,"The eccentric and childish Pee-wee Herman embarks on a big adventure when his beloved bicycle is stolen. Armed with information from a fortune-teller and a relentless obsession with his prized possession, Pee-wee encounters a host of odd characters and bizarre situations as he treks across the country to recover his bike.",https://www.boxofficemojo.com/year/world/1985/,True,en,/Users/cedricroetheli/Desktop/BA Cédric/Input/Code/boxoffice-analysis-pipeline/data/raw/subtitles/1985_Pee_wee_s_Big_Adventure_tt0089791_548914.srt,Pee-wee Herman,individual_civilian,the bicycle thief,individual_civilian,Pee-wee Herman and his bicycle,0,0,2,0,medium,False,0,False,False,0,0,11,0.0,0.0,success,,
1985,20,Brewster's Millions,179,11064.0,tt0088850,Brewster's Millions,1985-05-22,HIGH,40833132,40833132.0,,100.0,,20.0,,,0.0,,False,True,False,True,"Monty Brewster, an aging minor-league baseball player, stands to inherit $300 million if he can successfully spend $30 million in 30 days without anything to show for it, and without telling anyone what he's up to... A task that's a lot harder than it sounds!",https://www.boxofficemojo.com/year/world/1985/,True,en,/Users/cedricroetheli/Desktop/BA Cédric/Input/Code/boxoffice-analysis-pipeline/data/raw/subtitles/1985_Brewster_s_Millions_tt0088850_684415.srt,Monty Brewster,individual_civilian,the inheritance spending challenge,none,Monty Brewster,0,0,0,0,medium,False,0,False,False,0,0,15,0.0,0.0,success_with_warnings,villain_actor unresolved (none),
1986,1,Top Gun,180,744.0,tt0092099,Top Gun,1986-05-16,HIGH,176916025,176781728.0,130056.0,99.9,0.1,1.0,7.0,1359.2739127760349,0.0,6.0,False,False,False,False,"For Lieutenant Pete 'Maverick' Mitchell and his friend and co-pilot Nick 'Goose' Bradshaw, being accepted into an elite training school for fighter pilots is a dream come true. But a tragedy, as well as personal demons, will threaten Pete's dreams of becoming an ace pilot.",https://www.boxofficemojo.com/year/world/1986/,True,en,/Users/cedricroetheli/Desktop/BA Cédric/Input/Code/boxoffice-analysis-pipeline/data/raw/subtitles/1986_Top_Gun_tt0092099_6606365.srt,Lieutenant Pete 'Maverick' Mitchell,state_military,personal demons and tragedy,none,Pete 'Maverick' Mitchell's fighter pilot career and aspirations,0,0,0,0,medium,False,0,False,False,0,0,20,0.0,0.0,success_with_warnings,villain_actor unresolved (none),
1986,2,Crocodile Dundee,181,9671.0,tt0090555,Crocodile Dundee,1986-09-26,HIGH,174938874,174803506.0,135368.0,99.9,0.1,2.0,6.0,1291.3207404999705,0.0,4.0,False,False,False,False,"When a New York reporter plucks crocodile hunter Mick Dundee from the Australian Outback for a visit to the Big Apple, it's a clash of cultures and a recipe for good-natured comedy as naïve Dundee negotiates the concrete jungle. He proves that his instincts are quite useful in the city and adeptly handles everything from wily muggers to high-society snoots without breaking a sweat.",https://www.boxofficemojo.com/year/world/1986/,True,en,/Users/cedricroetheli/Desktop/BA Cédric/Input/Code/boxoffice-analysis-pipeline/data/raw/subtitles/1986_Crocodile_Dundee_tt0090555_497099.srt,Mick Dundee,individual_civilian,urban threats in New York,collective_civilian,Mick Dundee and his companions,1,0,0,1,medium,False,0,False,False,0,0,18,0.0,0.0,success,,
1986,3,Platoon,182,792.0,tt0091763,Platoon,1986-12-19,HIGH,138545632,138530565.0,15067.0,100.0,0.1,3.0,9.0,9194.303112762993,0.0,6.0,False,False,False,False,"As a young and naive recruit in Vietnam, Chris Taylor faces a moral crisis when confronted with the horrors of war and the duality of man.",https://www.boxofficemojo.com/year/world/1986/,True,en,/Users/cedricroetheli/Desktop/BA Cédric/Input/Code/boxoffice-analysis-pipeline/data/raw/subtitles/1986_Platoon_tt0091763_4880832.srt,Chris Taylor,state_military,the horrors of war in Vietnam,state_military,Chris Taylor and his platoon,1,0,2,1,medium,True,4,True,True,1,4,38,0.0263157894736842,0.1052631578947368,success,,
1986,4,The Karate Kid Part II,183,8856.0,tt0091326,The Karate Kid Part II,1986-06-18,HIGH,115103979,115103979.0,,100.0,,4.0,,,0.0,,False,True,False,True,"Summoned by his dying father, Miyagi returns to his homeland of Okinawa, with Daniel, after a 40-year exile. There he must confront Yukie, the love of his youth, and Sato, his former best friend turned vengeful rival. Sato is bent on a fight to the death, even if it means the destruction of their village. Daniel finds his own love in Yukia's niece, Kumiko, and his own enemy in Sato's nephew, the vicious Chozen. Now, far away from the tournaments, cheering crowds and safety of home, Daniel will face his greatest challenge ever when the cost of honor is life itself.",https://www.boxofficemojo.com/year/world/1986/,True,en,/Users/cedricroetheli/Desktop/BA Cédric/Input/Code/boxoffice-analysis-pipeline/data/raw/subtitles/1986_The_Karate_Kid_Part_II_tt0091326_6564846.srt,Daniel,individual_civilian,Chozen,individual_civilian,Daniel,0,0,0,0,medium,False,0,False,False,0,0,22,0.0,0.0,success,,
1986,5,Star Trek IV: The Voyage Home,184,168.0,tt0092007,Star Trek IV: The Voyage Home,1986-11-26,HIGH,109713132,109713132.0,,100.0,,5.0,,,0.0,,False,True,False,True,"When a huge alien probe enters the galaxy and begins to vaporize Earth's oceans, Kirk and his crew must travel back in time in order to bring back whales and save the planet.",https://www.boxofficemojo.com/year/world/1986/,True,en,/Users/cedricroetheli/Desktop/BA Cédric/Input/Code/boxoffice-analysis-pipeline/data/raw/subtitles/1986_Star_Trek_IV_The_Voyage_Home_tt0092007_4487358.srt,Kirk and his crew,collective_civilian,the alien probe,non_human,Earth,3,3,3,6,high,False,0,False,False,0,0,34,0.0,0.0,success,,
1986,6,Back to School,185,15596.0,tt0090685,Back to School,1986-06-13,HIGH,91258000,91258000.0,,100.0,,6.0,,,0.0,,False,True,False,True,"Self-made millionaire Thornton Melon decides to get a better education and enrolls at his son Jason's college. While Jason tries to fit in with his fellow students, Thornton struggles to gain his son's respect, giving way to hilarious antics.",https://www.boxofficemojo.com/year/world/1986/,True,en,/Users/cedricroetheli/Desktop/BA Cédric/Input/Code/boxoffice-analysis-pipeline/data/raw/subtitles/1986_Back_to_School_tt0090685_638749.srt,Thornton Melon,individual_civilian,Thornton's lack of his son Jason's respect,none,Thornton Melon and Jason's father-son relationship,1,0,0,1,medium,True,1,True,True,1,1,8,0.125,0.125,success_with_warnings,villain_actor unresolved (none),
1986,7,Aliens,186,679.0,tt0090605,Aliens,1986-07-18,HIGH,85188891,85160248.0,10472.0,100.0,0.1,7.0,11.0,8132.18563789152,0.0,4.0,False,False,False,False,"Ripley, the sole survivor of the Nostromo's deadly encounter with the monstrous Alien, returns to Earth after drifting through space in hypersleep for 57 years. Although her story is initially met with skepticism, she agrees to accompany a team of Colonial Marines back to LV-426.",https://www.boxofficemojo.com/year/world/1986/,True,en,/Users/cedricroetheli/Desktop/BA Cédric/Input/Code/boxoffice-analysis-pipeline/data/raw/subtitles/1986_Aliens_tt0090605_9722441.srt,Ripley,individual_civilian,the Alien,non_human,the Colonial Marines on LV-426,1,1,0,2,medium,True,1,True,True,1,1,29,0.0344827586206896,0.0344827586206896,success,,
1986,8,The Golden Child,187,10136.0,tt0091129,The Golden Child,1986-12-12,HIGH,79817937,79817937.0,,100.0,,8.0,,,0.0,,False,True,False,True,"After a Tibetan boy, the mystical Golden Child, is kidnapped by the evil Sardo Numspa, humankind's fate hangs in the balance. On the other side of the world in Los Angeles, the priestess Kee Nang seeks the Chosen One, who will save the boy from death. When Nang sees social worker Chandler Jarrell on television discussing his ability to find missing children, she solicits his expertise, despite his skepticism over being ""chosen.""",https://www.boxofficemojo.com/year/world/1986/,True,en,/Users/cedricroetheli/Desktop/BA Cédric/Input/Code/boxoffice-analysis-pipeline/data/raw/subtitles/1986_The_Golden_Child_tt0091129_395806.srt,Chandler Jarrell,individual_civilian,Sardo Numspa,individual_civilian,humankind,3,3,3,6,high,False,0,False,False,0,0,16,0.0,0.0,success,,
1986,9,Ruthless People,188,12151.0,tt0091877,Ruthless People,1986-06-26,HIGH,71624879,71624879.0,,100.0,,9.0,,,0.0,,False,True,False,True,"Sam Stone hates his wife Barbara so much that he wants her dead. He's ecstatic when she's taken by a duo of kidnappers who want $500,000 ransom in exchange for her life. Fully intending to ignore every one of the kidnappers' demands in the hopes that they do him a favor and murder her for him, the two confused kidnappers have to figure out how they're going get their money, and what they're going to do with the overbearing Barbara.",https://www.boxofficemojo.com/year/world/1986/,True,en,/Users/cedricroetheli/Desktop/BA Cédric/Input/Code/boxoffice-analysis-pipeline/data/raw/subtitles/1986_Ruthless_People_tt0091877_532056.srt,the kidnappers,collective_civilian,Sam Stone,individual_civilian,Barbara Stone,0,1,0,1,medium,False,0,False,False,0,0,6,0.0,0.0,success,,
1986,10,Ferris Bueller's Day Off,189,9377.0,tt0091042,Ferris Bueller's Day Off,1986-06-11,HIGH,70741522,70136369.0,576308.0,99.1,0.8,10.0,3.0,121.69945411134324,0.0,-7.0,False,False,False,False,"After high school slacker Ferris Bueller successfully fakes an illness in order to skip school for the day, he goes on a series of adventures throughout Chicago with his girlfriend Sloane and best friend Cameron, all the while trying to outwit his wily school principal and fed-up sister.",https://www.boxofficemojo.com/year/world/1986/,True,en,/Users/cedricroetheli/Desktop/BA Cédric/Input/Code/boxoffice-analysis-pipeline/data/raw/subtitles/1986_Ferris_Bueller_s_Day_Off_tt0091042_607832.srt,Ferris Bueller,individual_civilian,Principal Rooney,corporate_institutional,Ferris Bueller,0,0,0,0,high,False,0,False,False,0,0,19,0.0,0.0,success,,
1986,11,Down and Out in Beverly Hills,190,9941.0,tt0090966,Down and Out in Beverly Hills,1986-01-31,HIGH,62134225,62134225.0,,100.0,,11.0,,,0.0,,False,True,False,True,Beverly Hills couple Barbara and Dave Whiteman find their lives altered by the arrival of a vagrant who tries to drown himself in their swimming pool.,https://www.boxofficemojo.com/year/world/1986/,True,en,/Users/cedricroetheli/Desktop/BA Cédric/Input/Code/boxoffice-analysis-pipeline/data/raw/subtitles/1986_Down_and_Out_in_Beverly_Hills_tt0090966_2731747.srt,Barbara and Dave Whiteman,collective_civilian,the vagrant,individual_civilian,Barbara and Dave Whiteman,0,0,0,0,medium,False,0,False,False,0,0,11,0.0,0.0,success,,
1986,12,Stand by Me,191,235.0,tt0092005,Stand by Me,1986-08-08,HIGH,52301211,52287414.0,13286.0,100.0,0.1,13.0,10.0,3935.5271714586784,1.0,-2.0,False,False,False,False,"After learning that a boy their age has been accidentally killed near their rural homes, four boys decide to go see the body. Gordie, Vern, Chris, and Teddy encounter a mean junk man and a marsh full of leeches, but they also learn more about one another and their very different home lives. Just a lark at first, the boys' adventure evolves into a defining event in their lives.",https://www.boxofficemojo.com/year/world/1986/,True,en,/Users/cedricroetheli/Desktop/BA Cédric/Input/Code/boxoffice-analysis-pipeline/data/raw/subtitles/1986_Stand_by_Me_tt0092005_450688.srt,"Gordie, Vern, Chris, and Teddy",collective_civilian,the journey's hazards and antagonistic adults,collective_civilian,Ray Brower,0,2,0,2,medium,False,0,False,False,0,0,20,0.0,0.0,success,,
1986,13,The Color of Money,192,11873.0,tt0090863,The Color of Money,1986-10-17,HIGH,52293982,52293982.0,,100.0,,12.0,,,-1.0,,False,True,False,True,"Former pool hustler ""Fast Eddie"" Felson decides he wants to return to the game by taking a pupil. He meets talented but green Vincent Lauria and proposes a partnership. As they tour pool halls, Eddie teaches Vincent the tricks of scamming, but he eventually grows frustrated with Vincent's showboat antics, leading to an argument and a falling-out. Eddie takes up playing again and soon crosses paths with Vincent as an opponent.",https://www.boxofficemojo.com/year/world/1986/,True,en,/Users/cedricroetheli/Desktop/BA Cédric/Input/Code/boxoffice-analysis-pipeline/data/raw/subtitles/1986_The_Color_of_Money_tt0090863_312151.srt,Fast Eddie Felson,individual_civilian,Vincent Lauria,individual_civilian,Fast Eddie Felson,0,0,0,0,medium,False,0,False,False,0,0,6,0.0,0.0,success,,
1986,14,Legal Eagles,193,9930.0,tt0091396,Legal Eagles,1986-06-18,HIGH,49851591,49851591.0,,100.0,,14.0,,,0.0,,False,True,False,True,"District Attorney Tom Logan is set for higher office, at least until he becomes involved with defence lawyer Laura Kelly and her unpredictable client Chelsea Deardon. It seems the least of Chelsea's crimes is the theft of a very valuable painting, but as the women persuade Logan to investigate further and to cut some official corners, a much more sinister scenario starts to emerge.",https://www.boxofficemojo.com/year/world/1986/,True,en,/Users/cedricroetheli/Desktop/BA Cédric/Input/Code/boxoffice-analysis-pipeline/data/raw/subtitles/1986_Legal_Eagles_tt0091396_585247.srt,Tom Logan,individual_civilian,the sinister criminal scheme behind the painting theft,collective_civilian,Chelsea Deardon,0,1,0,1,medium,False,0,False,False,0,0,4,0.0,0.0,success,,
1986,15,Cobra,194,9874.0,tt0090859,Cobra,1986-01-01,HIGH,49042224,49042224.0,,100.0,,15.0,,,0.0,,False,True,False,True,A tough-on-crime street cop must protect the only surviving witness to a strange murderous cult with far reaching plans.,https://www.boxofficemojo.com/year/world/1986/,True,en,/Users/cedricroetheli/Desktop/BA Cédric/Input/Code/boxoffice-analysis-pipeline/data/raw/subtitles/1986_Cobra_tt0090859_373441.srt,a tough-on-crime street cop,individual_civilian,a strange murderous cult,collective_civilian,the only surviving witness,0,0,0,0,high,True,1,False,True,0,1,13,0.0,0.0769230769230769,success,,
1986,16,An American Tail,195,4978.0,tt0090633,An American Tail,1986-11-21,HIGH,47483002,47483002.0,,100.0,,16.0,,,0.0,,False,True,False,True,"A young mouse named Fievel and his family decide to migrate to America, a ""land without cats,"" at the turn of the 20th century. But somehow, Fievel ends up in the New World alone and must fend off not only the felines he never thought he'd have to deal with again but also the loneliness of being away from home.",https://www.boxofficemojo.com/year/world/1986/,True,en,/Users/cedricroetheli/Desktop/BA Cédric/Input/Code/boxoffice-analysis-pipeline/data/raw/subtitles/1986_An_American_Tail_tt0090633_4574192.srt,Fievel,individual_civilian,the felines,collective_civilian,Fievel,0,0,2,0,medium,True,1,True,True,1,1,10,0.1,0.1,success,,
1986,17,Police Academy 3: Back in Training,196,12118.0,tt0091777,Police Academy 3: Back in Training,1986-03-20,HIGH,43579163,43579163.0,,100.0,,17.0,,,0.0,,False,True,False,True,"When police funding is cut, the Governor announces he must close one of the academies. To make it fair, the two police academies must compete against each other to stay in operation. Mauser persuades two officers in Lassard's academy to better his odds, but things don't quite turn out as expected...",https://www.boxofficemojo.com/year/world/1986/,True,en,/Users/cedricroetheli/Desktop/BA Cédric/Input/Code/boxoffice-analysis-pipeline/data/raw/subtitles/1986_Police_Academy_3_Back_in_Training_tt0091777_4881845.srt,Commandant Lassard's academy,state_military,Mauser,state_military,Lassard's academy,1,0,0,1,medium,True,1,True,True,1,1,4,0.25,0.25,success,,
1986,18,Heartbreak Ridge,197,10015.0,tt0091187,Heartbreak Ridge,1986-12-05,HIGH,42724017,42724017.0,,100.0,,18.0,,,0.0,,False,True,False,True,"A hard-nosed, hard-living Marine gunnery sergeant clashes with his superiors and his ex-wife as he takes command of a spoiled recon platoon with a bad attitude.",https://www.boxofficemojo.com/year/world/1986/,True,en,/Users/cedricroetheli/Desktop/BA Cédric/Input/Code/boxoffice-analysis-pipeline/data/raw/subtitles/1986_Heartbreak_Ridge_tt0091187_517954.srt,a Marine gunnery sergeant,state_military,his superiors and the spoiled recon platoon,state_military,the recon platoon,1,1,0,2,medium,True,2,False,True,0,2,9,0.0,0.2222222222222222,success,,
1986,19,Peggy Sue Got Married,198,10013.0,tt0091738,Peggy Sue Got Married,1986-10-10,HIGH,41382841,41382841.0,,100.0,,19.0,,,0.0,,False,True,False,True,"At her 25th high school reunion, Peggy Sue faints and awakens in 1960—back in her senior year, before her marriage and all her regrets. Given a second chance to relive her youth, she must decide whether to change the choices that shaped her life or embrace the past that made her who she is.",https://www.boxofficemojo.com/year/world/1986/,True,en,/Users/cedricroetheli/Desktop/BA Cédric/Input/Code/boxoffice-analysis-pipeline/data/raw/subtitles/1986_Peggy_Sue_Got_Married_tt0091738_294670.srt,Peggy Sue,individual_civilian,Peggy Sue's regrets and past choices,none,Peggy Sue,0,0,0,0,medium,False,0,False,False,0,0,4,0.0,0.0,success_with_warnings,villain_actor unresolved (none),
1986,20,Poltergeist II: The Other Side,199,11133.0,tt0091778,Poltergeist II: The Other Side,1986-05-23,HIGH,40998097,40996665.0,,100.0,,20.0,,,0.0,,False,True,False,True,"The Freeling family move in with Diane's mother in an effort to escape the trauma and aftermath of Carol Anne's abduction by the Beast. But the Beast is not to be put off so easily and appears in a ghostly apparition as the Reverend Kane, a religious zealot responsible for the deaths of his many followers. His goal is simple - he wants the angelic Carol Anne.",https://www.boxofficemojo.com/year/world/1986/,True,en,/Users/cedricroetheli/Desktop/BA Cédric/Input/Code/boxoffice-analysis-pipeline/data/raw/subtitles/1986_Poltergeist_II_The_Other_Side_tt0091778_502060.srt,the Freeling family,collective_civilian,the Beast as Reverend Kane,non_human,Carol Anne,0,0,0,0,high,False,0,False,False,0,0,11,0.0,0.0,success,,
1987,1,Three Men and a Baby,200,12154.0,tt0094137,3 Men and a Baby,1987-11-27,MANUAL_ACCEPTED,167780960,167780960.0,,100.0,,1.0,,,0.0,,False,True,False,True,Three bachelors find themselves forced to take care of a baby left by one of the guy's girlfriends.,https://www.boxofficemojo.com/year/world/1987/,True,en,/Users/cedricroetheli/Desktop/BA Cédric/Input/Code/boxoffice-analysis-pipeline/data/raw/subtitles/1987_Three_Men_and_a_Baby_tt0094137_738216.srt,three bachelors,collective_civilian,the abandoned-baby situation,none,the baby,0,0,0,0,medium,False,0,False,False,0,0,8,0.0,0.0,success_with_warnings,villain_actor unresolved (none),
1987,2,Fatal Attraction,201,10998.0,tt0093010,Fatal Attraction,1987-09-18,HIGH,156645756,156645693.0,,100.0,,2.0,,,0.0,,False,True,False,True,A married man's one-night stand comes back to haunt him when that lover begins to stalk him and his family.,https://www.boxofficemojo.com/year/world/1987/,True,en,/Users/cedricroetheli/Desktop/BA Cédric/Input/Code/boxoffice-analysis-pipeline/data/raw/subtitles/1987_Fatal_Attraction_tt0093010_6640131.srt,the married man,individual_civilian,the lover,individual_civilian,the married man and his family,1,0,0,1,high,True,1,True,True,1,1,19,0.0526315789473684,0.0526315789473684,success,,
1987,3,Beverly Hills Cop II,202,96.0,tt0092644,Beverly Hills Cop II,1987-05-18,HIGH,153665036,153665036.0,,100.0,,3.0,,,0.0,,False,True,False,True,"Axel Foley returns to the land of sunshine and palm trees to investigate the near-fatal shooting of police Captain Andrew Bogomil. With the help of Sgt. Taggart and Det. Rosewood, they soon uncover that the shooting is associated with a series of ""alphabet"" robberies masterminded by a heartless weapons kingpin—and the chase is on.",https://www.boxofficemojo.com/year/world/1987/,True,en,/Users/cedricroetheli/Desktop/BA Cédric/Input/Code/boxoffice-analysis-pipeline/data/raw/subtitles/1987_Beverly_Hills_Cop_II_tt0092644_520107.srt,Axel Foley,individual_civilian,the weapons kingpin behind the alphabet robberies,individual_civilian,Captain Andrew Bogomil and the Beverly Hills police community,1,1,0,2,medium,True,1,False,True,0,1,26,0.0,0.0384615384615384,success,,
1987,4,"Good Morning, Vietnam",203,801.0,tt0093105,"Good Morning, Vietnam",1987-12-23,HIGH,123922794,123922370.0,208.0,100.0,0.1,4.0,7.0,595780.625,0.0,3.0,False,False,False,False,"A disk jockey goes to Vietnam to work for the Armed Forces Radio Service. While he becomes popular among the troops, his superiors disapprove of his humor.",https://www.boxofficemojo.com/year/world/1987/,True,en,/Users/cedricroetheli/Desktop/BA Cédric/Input/Code/boxoffice-analysis-pipeline/data/raw/subtitles/1987_Good_Morning_Vietnam_tt0093105_4459664.srt,the disk jockey,individual_civilian,his superiors,state_military,the troops,1,1,0,2,medium,False,0,False,False,0,0,20,0.0,0.0,success,,
1987,5,Moonstruck,204,2039.0,tt0093565,Moonstruck,1987-12-16,HIGH,80643047,80640528.0,,100.0,,5.0,,,0.0,,False,True,False,True,"37-year-old Italian-American widow Loretta Castorini believes she is unlucky in love, and so accepts a marriage proposal from her boyfriend Johnny, even though she doesn't love him. When she meets his estranged younger brother Ronny, an emotional and passionate man, she finds herself drawn to him. She tries to resist, but Ronny, who blames his brother for the loss of his hand, has no scruples about aggressively pursuing her while Johnny is out of the country. As Loretta falls for Ronny, she learns that she's not the only one in her family with a secret romance.",https://www.boxofficemojo.com/year/world/1987/,True,en,/Users/cedricroetheli/Desktop/BA Cédric/Input/Code/boxoffice-analysis-pipeline/data/raw/subtitles/1987_Moonstruck_tt0093565_4654133.srt,Loretta Castorini,individual_civilian,Ronny Cammareri,individual_civilian,Loretta Castorini and her engagement to Johnny,0,0,0,0,medium,False,0,False,False,0,0,34,0.0,0.0,success,,
1987,6,The Untouchables,205,117.0,tt0094226,The Untouchables,1987-06-03,HIGH,76270454,76270454.0,,100.0,,6.0,,,0.0,,False,True,False,True,"Elliot Ness, an ambitious prohibition agent, is determined to take down Al Capone. In order to achieve this goal, he forms a group given the nickname “The Untouchables”.",https://www.boxofficemojo.com/year/world/1987/,True,en,/Users/cedricroetheli/Desktop/BA Cédric/Input/Code/boxoffice-analysis-pipeline/data/raw/subtitles/1987_The_Untouchables_tt0094226_200278.srt,Elliot Ness,state_military,Al Capone,collective_civilian,the public under Capone's criminal influence,2,2,1,4,medium,False,0,False,False,0,0,11,0.0,0.0,success,,
1987,7,The Secret of My Success,206,10021.0,tt0093936,The Secret of My Success,1987-04-10,HIGH,66995879,66995879.0,,100.0,,7.0,,,0.0,,False,True,False,True,"Brantley Foster, a well-educated kid from Kansas, has always dreamed of making it big in New York, but once in New York, he learns that jobs - and girls - are hard to get. When Brantley visits his uncle, Howard Prescott, who runs a multi-million-dollar company, he is given a job in the company's mail room.",https://www.boxofficemojo.com/year/world/1987/,True,en,/Users/cedricroetheli/Desktop/BA Cédric/Input/Code/boxoffice-analysis-pipeline/data/raw/subtitles/1987_The_Secret_of_My_Success_tt0093936_4518989.srt,Brantley Foster,individual_civilian,career and romantic obstacles in New York,none,Brantley Foster,0,0,0,0,medium,False,0,False,False,0,0,8,0.0,0.0,success_with_warnings,villain_actor unresolved (none),
1987,8,Stakeout,207,10859.0,tt0094025,Stakeout,1987-08-05,HIGH,65673233,65673233.0,,100.0,,8.0,,,0.0,,False,True,False,True,"Two detectives observe an escaped convict's ex-girlfriend, but complications set in when one of them falls for her.",https://www.boxofficemojo.com/year/world/1987/,True,en,/Users/cedricroetheli/Desktop/BA Cédric/Input/Code/boxoffice-analysis-pipeline/data/raw/subtitles/1987_Stakeout_tt0094025_718899.srt,two detectives,state_military,escaped convict,individual_civilian,the ex-girlfriend,0,1,0,1,medium,True,2,False,True,0,2,17,0.0,0.1176470588235294,success,,
1987,9,Lethal Weapon,208,941.0,tt0093409,Lethal Weapon,1987-03-06,HIGH,65207187,65207127.0,,100.0,,9.0,,,0.0,,False,True,False,True,A veteran cop and an unstable detective become partners who must put their differences aside in order to bring down a heroin-smuggling ring run by ex-Special Forces.,https://www.boxofficemojo.com/year/world/1987/,True,en,/Users/cedricroetheli/Desktop/BA Cédric/Input/Code/boxoffice-analysis-pipeline/data/raw/subtitles/1987_Lethal_Weapon_tt0093409_385297.srt,a veteran cop and an unstable detective,state_military,a heroin-smuggling ring run by ex-Special Forces,collective_civilian,the detectives' community targeted by the heroin-smuggling ring,1,1,0,2,medium,True,2,False,True,0,2,18,0.0,0.1111111111111111,success,,
1987,10,The Witches of Eastwick,209,6069.0,tt0094332,The Witches of Eastwick,1987-06-12,HIGH,63766510,63766510.0,,100.0,,10.0,,,0.0,,False,True,False,True,Three single women in a picturesque Rhode Island village have their wishes granted - at a cost - when a mysterious and flamboyant man arrives in their lives.,https://www.boxofficemojo.com/year/world/1987/,True,en,/Users/cedricroetheli/Desktop/BA Cédric/Input/Code/boxoffice-analysis-pipeline/data/raw/subtitles/1987_The_Witches_of_Eastwick_tt0094332_509025.srt,Three single women,collective_civilian,a mysterious and flamboyant man,individual_civilian,Three single women,1,0,0,1,medium,False,0,False,False,0,0,6,0.0,0.0,success,,
1987,11,Dirty Dancing,210,88.0,tt0092890,Dirty Dancing,1987-08-21,HIGH,63566772,63446382.0,,99.8,,11.0,,,0.0,,False,True,False,True,"Expecting the usual tedium that accompanies a summer in the Catskills with her family, 17-year-old Frances 'Baby' Houseman is surprised to find herself stepping into the shoes of a professional hoofer—and unexpectedly falling in love.",https://www.boxofficemojo.com/year/world/1987/,True,en,/Users/cedricroetheli/Desktop/BA Cédric/Input/Code/boxoffice-analysis-pipeline/data/raw/subtitles/1987_Dirty_Dancing_tt0092890_8222851.srt,Frances 'Baby' Houseman,individual_civilian,,none,Frances 'Baby' Houseman,0,0,0,0,low,False,0,False,False,0,0,21,0.0,0.0,success_with_warnings,villain_actor unresolved (none),
1987,12,Predator,211,106.0,tt0093773,Predator,1987-06-12,HIGH,59742555,59735548.0,,100.0,,12.0,,,0.0,,False,True,False,True,A team of elite commandos on a secret mission in a Central American jungle come to find themselves hunted by an extraterrestrial warrior.,https://www.boxofficemojo.com/year/world/1987/,True,en,/Users/cedricroetheli/Desktop/BA Cédric/Input/Code/boxoffice-analysis-pipeline/data/raw/subtitles/1987_Predator_tt0093773_210023.srt,a team of elite commandos,state_military,an extraterrestrial warrior,non_human,a team of elite commandos,1,0,0,1,high,False,0,False,False,0,0,14,0.0,0.0,success,,
1987,13,Throw Momma from the Train,212,11896.0,tt0094142,Throw Momma from the Train,1987-12-11,HIGH,57915972,57915972.0,,100.0,,13.0,,,0.0,,False,True,False,True,"Larry Donner, an author with a cruel ex-wife, teaches a writing workshop in which one of his students, Owen, is fed up with his domineering mother. When Owen watches a Hitchcock classic that seems to mirror his own life, he decides to put the movie's plot into action and offers to kill Larry's ex-wife, if Larry promises to murder his mom. Before Larry gets a chance to react to the plan, it seems that Owen has already set things in motion.",https://www.boxofficemojo.com/year/world/1987/,True,en,/Users/cedricroetheli/Desktop/BA Cédric/Input/Code/boxoffice-analysis-pipeline/data/raw/subtitles/1987_Throw_Momma_from_the_Train_tt0094142_670939.srt,Larry Donner,individual_civilian,Owen,individual_civilian,Larry Donner and Owen's mother,1,0,0,1,medium,False,0,False,False,0,0,9,0.0,0.0,success,,
1987,14,Dragnet,213,10023.0,tt0092925,Dragnet,1987-06-26,HIGH,57387516,57387516.0,,100.0,,14.0,,,0.0,,False,True,False,True,"LAPD Sgt. Joe Friday -- the equally straight-laced nephew of the famous police sergeant of the same name -- is paired up with a young, freewheeling detective named Pep Streebeck. After investigating some strange robberies at the local zoo and the theft of a stockpile of pornographic magazines, they uncover cult activity in the heart of the city and are hot on the case to figure out who's behind it all.",https://www.boxofficemojo.com/year/world/1987/,True,en,/Users/cedricroetheli/Desktop/BA Cédric/Input/Code/boxoffice-analysis-pipeline/data/raw/subtitles/1987_Dragnet_tt0092925_3959373.srt,Sgt. Joe Friday and Pep Streebeck,state_military,the cult behind the robberies,collective_civilian,the city community,2,1,0,3,medium,False,0,False,False,0,0,10,0.0,0.0,success,,
1987,15,La Bamba,214,16620.0,tt0093378,La Bamba,1987-07-24,HIGH,54215416,54215416.0,,100.0,,15.0,,,0.0,,False,True,False,True,"Los Angeles teenager Ritchie Valens becomes an overnight rock 'n' roll success in 1958, thanks to a love ballad called ""Donna"" that he wrote for his girlfriend. But as his star rises, Valens has conflicts with his jealous brother, Bob, and becomes haunted by a recurring nightmare of a plane crash just as he begins his first national tour alongside Buddy Holly.",https://www.boxofficemojo.com/year/world/1987/,True,en,/Users/cedricroetheli/Desktop/BA Cédric/Input/Code/boxoffice-analysis-pipeline/data/raw/subtitles/1987_La_Bamba_tt0093378_731048.srt,Ritchie Valens,individual_civilian,Bob,individual_civilian,Ritchie Valens,0,0,1,0,medium,False,0,False,False,0,0,9,0.0,0.0,success,,
1987,16,RoboCop,215,5548.0,tt0093870,RoboCop,1987-07-17,HIGH,53427454,53424681.0,,100.0,,16.0,,,0.0,,False,True,False,True,"In a violent, near-apocalyptic Detroit, evil corporation Omni Consumer Products wins a contract from the city government to privatize the police force. To test their crime-eradicating cyborgs, the company leads street cop Alex Murphy into an armed confrontation with crime lord Boddicker so they can use his body to support their untested RoboCop prototype. But when RoboCop learns of the company's nefarious plans, he turns on his masters.",https://www.boxofficemojo.com/year/world/1987/,True,en,/Users/cedricroetheli/Desktop/BA Cédric/Input/Code/boxoffice-analysis-pipeline/data/raw/subtitles/1987_RoboCop_tt0093870_465910.srt,RoboCop (Alex Murphy),individual_civilian,Omni Consumer Products,corporate_institutional,Detroit and its citizens,2,1,0,3,high,True,1,False,True,0,1,14,0.0,0.0714285714285714,success,,
1987,17,Outrageous Fortune,216,20242.0,tt0093690,Outrageous Fortune,1987-01-30,HIGH,52864741,52864741.0,,100.0,,17.0,,,0.0,,False,True,False,True,"Refined actress Lauren Ames finally has a chance to study with the great theatre professor Stanislav Korzenowski. Sandy Brozinsky, a brash, loud actress, decides through happenstance to also study with Korzenowski. The two women end up dating the same man (who turns out to be a double agent) and follow him across the country to force him to choose between them.",https://www.boxofficemojo.com/year/world/1987/,True,en,/Users/cedricroetheli/Desktop/BA Cédric/Input/Code/boxoffice-analysis-pipeline/data/raw/subtitles/1987_Outrageous_Fortune_tt0093690_752524.srt,Lauren Ames and Sandy Brozinsky,collective_civilian,the double agent they are dating,individual_civilian,Lauren Ames and Sandy Brozinsky,1,0,1,1,medium,True,1,True,True,1,1,4,0.25,0.25,success,,
1987,18,Broadcast News,217,12626.0,tt0092699,Broadcast News,1987-12-16,HIGH,51249461,51249404.0,57.0,100.0,0.1,18.0,9.0,899112.350877193,0.0,-9.0,False,False,False,False,A high-strung news producer finds herself in a love triangle between a talented but self-doubting reporter and a charming news anchor who embodies the growing trivialization of news that she is determined to fight against.,https://www.boxofficemojo.com/year/world/1987/,True,en,/Users/cedricroetheli/Desktop/BA Cédric/Input/Code/boxoffice-analysis-pipeline/data/raw/subtitles/1987_Broadcast_News_tt0092699_3478865.srt,the high-strung news producer,individual_civilian,the charming news anchor and the growing trivialization of news he embodies,individual_civilian,the integrity of television news,2,1,1,3,medium,False,0,False,False,0,0,8,0.0,0.0,success,,
1987,19,The Living Daylights,218,708.0,tt0093428,The Living Daylights,1987-06-29,HIGH,51186196,51185897.0,,100.0,,19.0,,,0.0,,False,True,False,True,"After a defecting Russian general reveals a plot to assassinate foreign spies, James Bond is assigned a secret mission to dispatch the new head of the KGB to prevent an escalation of tensions between the Soviet Union and the West.",https://www.boxofficemojo.com/year/world/1987/,True,en,/Users/cedricroetheli/Desktop/BA Cédric/Input/Code/boxoffice-analysis-pipeline/data/raw/subtitles/1987_The_Living_Daylights_tt0093428_423671.srt,James Bond,state_military,the plot to assassinate foreign spies led by a defecting Russian general,state_military,foreign spies and East-West political stability,2,2,2,4,medium,True,4,True,True,1,4,32,0.03125,0.125,success,,
1987,20,Full Metal Jacket,219,600.0,tt0093058,Full Metal Jacket,1987-06-26,HIGH,50873928,46357676.0,4506860.0,91.1,8.9,23.0,2.0,10.286025303648216,3.0,-18.0,False,False,False,False,A pragmatic U.S. Marine observes the dehumanizing effects the U.S.-Vietnam War has on his fellow recruits from their brutal boot camp training to the bloody street fighting in Hue.,https://www.boxofficemojo.com/year/world/1987/,True,en,/Users/cedricroetheli/Desktop/BA Cédric/Input/Code/boxoffice-analysis-pipeline/data/raw/subtitles/1987_Full_Metal_Jacket_tt0093058_4453139.srt,a pragmatic U.S. Marine,state_military,the dehumanizing effects of the U.S.-Vietnam War,state_military,his fellow recruits and Marines,1,0,2,1,medium,True,7,True,True,3,7,36,0.0833333333333333,0.1944444444444444,success,,
1988,1,Who Framed Roger Rabbit,220,856.0,tt0096438,Who Framed Roger Rabbit,1988-06-22,HIGH,238093220,156452370.0,81639668.0,65.7,34.3,2.0,1.0,1.9163768524879352,1.0,0.0,False,False,False,False,"'Toon star Roger is worried that his wife Jessica is playing pattycake with someone else, so the studio hires detective Eddie Valiant to snoop on her. But the stakes are quickly raised when Marvin Acme is found dead and Roger is the prime suspect.",https://www.boxofficemojo.com/year/world/1988/,True,en,/Users/cedricroetheli/Desktop/BA Cédric/Input/Code/boxoffice-analysis-pipeline/data/raw/subtitles/1988_Who_Framed_Roger_Rabbit_tt0096438_303408.srt,Eddie Valiant,individual_civilian,the murderer framing Roger Rabbit,individual_civilian,Roger Rabbit,0,1,0,1,medium,False,0,False,False,0,0,21,0.0,0.0,success,,
1988,2,Rain Man,221,380.0,tt0095953,Rain Man,1988-12-12,HIGH,172835580,172825435.0,10145.0,100.0,0.1,1.0,8.0,17035.528339083292,-1.0,6.0,False,False,False,False,"When car dealer Charlie Babbitt learns that his estranged father has died, he returns home to Cincinnati, where he discovers that he has a savant older brother named Raymond and that his father's $3 million fortune is being left to the mental institution in which Raymond lives. Motivated by his father's money, Charlie checks Raymond out of the facility in order to return with him to Los Angeles. The brothers' cross-country trip ends up changing both their lives.",https://www.boxofficemojo.com/year/world/1988/,True,en,/Users/cedricroetheli/Desktop/BA Cédric/Input/Code/boxoffice-analysis-pipeline/data/raw/subtitles/1988_Rain_Man_tt0095953_4432290.srt,Charlie Babbitt,individual_civilian,Charlie's estrangement and the inheritance/institutional barrier around Raymond,corporate_institutional,Raymond and Charlie Babbitt,1,0,1,1,medium,False,0,False,False,0,0,23,0.0,0.0,success,,
1988,3,Coming to America,222,9602.0,tt0094898,Coming to America,1988-06-29,HIGH,128152333,128152301.0,,100.0,,3.0,,,0.0,,False,True,False,True,"An African prince decides it’s time for him to find a princess... and his mission leads him and his most loyal friend to Queens, New York. In disguise as an impoverished immigrant, the pampered prince quickly finds himself a new job, new friends, new digs, new enemies and lots of trouble.",https://www.boxofficemojo.com/year/world/1988/,True,en,/Users/cedricroetheli/Desktop/BA Cédric/Input/Code/boxoffice-analysis-pipeline/data/raw/subtitles/1988_Coming_to_America_tt0094898_590310.srt,the African prince,individual_civilian,new enemies in Queens,collective_civilian,the prince's search for a princess,0,0,0,0,medium,False,0,False,False,0,0,21,0.0,0.0,success,,
1988,4,Big,223,2280.0,tt0094737,Big,1988-06-03,HIGH,114968970,114968774.0,122.0,100.0,0.1,4.0,14.0,942367.0,0.0,10.0,False,False,False,False,When a young boy makes a wish at a carnival machine to be big—he wakes up the following morning to find that it has been granted and his body has grown older overnight. But he is still the same 13-year-old boy inside. Now he must learn how to cope with the unfamiliar world of grown-ups including getting a job and having his first romantic encounter with a woman.,https://www.boxofficemojo.com/year/world/1988/,True,en,/Users/cedricroetheli/Desktop/BA Cédric/Input/Code/boxoffice-analysis-pipeline/data/raw/subtitles/1988_Big_tt0094737_622249.srt,the 13-year-old boy,individual_civilian,the wish-induced adult world and transformation,non_human,the 13-year-old boy,0,0,0,0,medium,False,0,False,False,0,0,25,0.0,0.0,success,,
1988,5,Twins,224,9493.0,tt0096320,Twins,1988-12-09,HIGH,111938388,111938388.0,,100.0,,5.0,,,0.0,,False,True,False,True,Julius and Vincent Benedict are the results of an experiment that would allow for the perfect child. Julius was planned and grows to athletic proportions. Vincent is an accident and is somewhat smaller in stature. Vincent is placed in an orphanage while Julius is taken to a south seas island and raised by philosophers. Vincent becomes the ultimate low life and is about to be killed by loan sharks.,https://www.boxofficemojo.com/year/world/1988/,True,en,/Users/cedricroetheli/Desktop/BA Cédric/Input/Code/boxoffice-analysis-pipeline/data/raw/subtitles/1988_Twins_tt0096320_597863.srt,Julius Benedict,individual_civilian,loan sharks,collective_civilian,Vincent Benedict,0,0,0,0,medium,True,1,True,True,1,1,11,0.0909090909090909,0.0909090909090909,success,,
1988,6,Crocodile Dundee II,225,9396.0,tt0092493,Crocodile Dundee II,1988-05-19,HIGH,109306210,109306210.0,,100.0,,6.0,,,0.0,,False,True,False,True,Australian outback expert protects his New York love from gangsters who've followed her down under.,https://www.boxofficemojo.com/year/world/1988/,True,en,/Users/cedricroetheli/Desktop/BA Cédric/Input/Code/boxoffice-analysis-pipeline/data/raw/subtitles/1988_Crocodile_Dundee_II_tt0092493_657076.srt,Australian outback expert,individual_civilian,gangsters,collective_civilian,his New York love,0,0,2,0,high,False,0,False,False,0,0,7,0.0,0.0,success,,
1988,7,Die Hard,226,562.0,tt0095016,Die Hard,1988-07-15,HIGH,83088552,83008852.0,14188.0,99.9,0.1,7.0,7.0,5850.638003946998,0.0,0.0,False,False,False,False,"NYPD cop John McClane's plan to reconcile with his estranged wife is thrown for a serious loop when, minutes after he arrives at her office's Christmas Party, the entire building is overtaken by a group of terrorists. With little help from the LAPD, wisecracking McClane sets out to single-handedly rescue the hostages and bring the bad guys down.",https://www.boxofficemojo.com/year/world/1988/,True,en,/Users/cedricroetheli/Desktop/BA Cédric/Input/Code/boxoffice-analysis-pipeline/data/raw/subtitles/1988_Die_Hard_tt0095016_284271.srt,John McClane,individual_civilian,a group of terrorists,collective_civilian,the hostages in the building,1,0,0,1,high,True,3,True,True,2,3,25,0.08,0.12,success,,
1988,8,The Naked Gun: From the Files of Police Squad!,227,37136.0,tt0095705,The Naked Gun: From the Files of Police Squad!,1988-12-02,HIGH,78756177,78756177.0,,100.0,,8.0,,,0.0,,False,True,False,True,"When the bumbling Lieutenant Frank Drebin investigates events following the shooting of his partner, he stumbles upon an attempt to assassinate Queen Elizabeth II.",https://www.boxofficemojo.com/year/world/1988/,True,en,/Users/cedricroetheli/Desktop/BA Cédric/Input/Code/boxoffice-analysis-pipeline/data/raw/subtitles/1988_The_Naked_Gun_From_the_Files_of_Police_Squad_tt0095705_1276998.srt,Lieutenant Frank Drebin,state_military,the assassination plot against Queen Elizabeth II,collective_civilian,Queen Elizabeth II,0,3,1,3,medium,True,2,True,True,1,2,16,0.0625,0.125,success,,
1988,9,Cocktail,228,7520.0,tt0094889,Cocktail,1988-07-29,HIGH,78222753,78222753.0,,100.0,,9.0,,,0.0,,False,True,False,True,"After being discharged from the Army, Brian Flanagan moves back to Queens and takes a job in a bar run by Doug Coughlin, who teaches Brian the fine art of bar-tending. Brian quickly becomes a patron favorite with his flashy drink-mixing style, and Brian adopts his mentor's cynical philosophy on life and goes for the money.",https://www.boxofficemojo.com/year/world/1988/,True,en,/Users/cedricroetheli/Desktop/BA Cédric/Input/Code/boxoffice-analysis-pipeline/data/raw/subtitles/1988_Cocktail_tt0094889_555768.srt,Brian Flanagan,individual_civilian,Doug Coughlin's cynical philosophy and money-driven influence,individual_civilian,Brian Flanagan,0,0,0,0,medium,False,0,False,False,0,0,7,0.0,0.0,success,,
1988,10,Beetlejuice,229,4011.0,tt0094721,Beetlejuice,1988-03-30,HIGH,73719756,73707461.0,2099.0,100.0,0.1,10.0,10.0,35115.51262505955,0.0,0.0,False,False,False,False,A newly dead New England couple seeks help from a deranged demon exorcist to scare an affluent New York family out of their home.,https://www.boxofficemojo.com/year/world/1988/,True,en,/Users/cedricroetheli/Desktop/BA Cédric/Input/Code/boxoffice-analysis-pipeline/data/raw/subtitles/1988_Beetlejuice_tt0094721_249654.srt,the newly dead New England couple,collective_civilian,the affluent New York family,collective_civilian,the newly dead New England couple,1,0,0,1,medium,True,1,True,True,1,1,22,0.0454545454545454,0.0454545454545454,success,,
1988,11,Working Girl,230,3525.0,tt0096463,Working Girl,1988-12-20,HIGH,63779477,63779477.0,,100.0,,11.0,,,0.0,,False,True,False,True,"When a secretary's idea is stolen by her boss, she seizes an opportunity to steal it back by pretending she has her boss' job.",https://www.boxofficemojo.com/year/world/1988/,True,en,/Users/cedricroetheli/Desktop/BA Cédric/Input/Code/boxoffice-analysis-pipeline/data/raw/subtitles/1988_Working_Girl_tt0096463_639385.srt,the secretary,individual_civilian,her boss,individual_civilian,the secretary,0,0,0,0,high,False,0,False,False,0,0,14,0.0,0.0,success,,
1988,12,A Fish Called Wanda,231,623.0,tt0095159,A Fish Called Wanda,1988-07-15,HIGH,62493712,62493712.0,,100.0,,12.0,,,0.0,,False,True,False,True,"While a diamond advocate attempts to steal a collection of diamonds, troubles arise when he realises he’s not the only one after the collection.",https://www.boxofficemojo.com/year/world/1988/,True,en,/Users/cedricroetheli/Desktop/BA Cédric/Input/Code/boxoffice-analysis-pipeline/data/raw/subtitles/1988_A_Fish_Called_Wanda_tt0095159_5086438.srt,the diamond advocate,individual_civilian,other thieves pursuing the diamonds,collective_civilian,the collection of diamonds,0,1,0,1,low,False,0,False,False,0,0,22,0.0,0.0,success,,
1988,13,Scrooged,232,9647.0,tt0096061,Scrooged,1988-11-22,HIGH,60328558,60328558.0,,100.0,,13.0,,,0.0,,False,True,False,True,"Frank Cross is a wildly successful television executive whose cold ambition and curmudgeonly nature has driven away the love of his life. But after firing a staff member on Christmas Eve, Frank is visited by a series of ghosts who give him a chance to re-evaluate his actions and right the wrongs of his past.",https://www.boxofficemojo.com/year/world/1988/,True,en,/Users/cedricroetheli/Desktop/BA Cédric/Input/Code/boxoffice-analysis-pipeline/data/raw/subtitles/1988_Scrooged_tt0096061_735891.srt,Frank Cross,individual_civilian,Frank Cross's cold ambition and curmudgeonly nature,individual_civilian,"Frank Cross and the people harmed by his actions, especially the staff member he fired and the love of his life",1,0,0,1,medium,False,0,False,False,0,0,7,0.0,0.0,success,,
1988,14,Willow,233,847.0,tt0096446,Willow,1988-05-20,HIGH,57270547,57269863.0,,100.0,,14.0,,,0.0,,False,True,False,True,"The evil Queen Bavmorda hunts the newborn princess Elora Danan, a child prophesied to bring about her downfall. When the royal infant is found by Willow, a timid farmer and aspiring sorcerer, he's entrusted with delivering her from evil.",https://www.boxofficemojo.com/year/world/1988/,True,en,/Users/cedricroetheli/Desktop/BA Cédric/Input/Code/boxoffice-analysis-pipeline/data/raw/subtitles/1988_Willow_tt0096446_4492019.srt,Willow,individual_civilian,Queen Bavmorda,state_military,Elora Danan,0,0,1,0,high,False,0,False,False,0,0,14,0.0,0.0,success,,
1988,15,Beaches,234,15592.0,tt0094715,Beaches,1988-12-21,HIGH,57041866,57041866.0,,100.0,,15.0,,,0.0,,False,True,False,True,"A privileged rich debutante and a cynical struggling entertainer share a turbulent, but strong childhood friendship over the years.",https://www.boxofficemojo.com/year/world/1988/,True,en,/Users/cedricroetheli/Desktop/BA Cédric/Input/Code/boxoffice-analysis-pipeline/data/raw/subtitles/1988_Beaches_tt0094715_3532024.srt,the two childhood friends,collective_civilian,their turbulent life circumstances and interpersonal strains,none,the two childhood friends,1,0,0,1,medium,False,0,False,False,0,0,13,0.0,0.0,success_with_warnings,villain_actor unresolved (none),
1988,16,Rambo III,235,1370.0,tt0095956,Rambo III,1988-05-24,HIGH,53715611,53715611.0,,100.0,,16.0,,,0.0,,False,True,False,True,"Combat has taken its toll on Rambo, but he's finally begun to find inner peace in a monastery. When Rambo's friend and mentor Col. Trautman asks for his help on a top secret mission to Afghanistan, Rambo declines but must reconsider when Trautman is captured.",https://www.boxofficemojo.com/year/world/1988/,True,en,/Users/cedricroetheli/Desktop/BA Cédric/Input/Code/boxoffice-analysis-pipeline/data/raw/subtitles/1988_Rambo_III_tt0095956_5089480.srt,Rambo,individual_civilian,the Soviet military captors in Afghanistan,state_military,Col. Trautman,0,0,2,0,medium,False,0,False,False,0,0,12,0.0,0.0,success,,
1988,17,Oliver & Company,236,12233.0,tt0095776,Oliver & Company,1988-11-18,HIGH,53279055,53279055.0,,100.0,,17.0,,,0.0,,False,True,False,True,"A young cat named Oliver is left alone in a kitten box, while all the other young cats have new owners. A big dog named Dodger shows him how to get food and later Oliver lives with him, his owner Fagin and Fagin's other dogs Tito, Rita, Einstein, and Francis. Fagin has one problem besides being broke he owes a nasty man named Sykes a lot of money. If he can't pay it back he's in big trouble. While Oliver runs into a little girl named Jenny who becomes his new owner which he is happy with and later Sykes sees Jenny as the key for him to get his money.",https://www.boxofficemojo.com/year/world/1988/,True,en,/Users/cedricroetheli/Desktop/BA Cédric/Input/Code/boxoffice-analysis-pipeline/data/raw/subtitles/1988_Oliver_Company_tt0095776_3551758.srt,Oliver,non_human,Sykes,individual_civilian,Jenny,0,0,0,0,high,False,0,False,False,0,0,13,0.0,0.0,success,,
1988,18,Bull Durham,237,287.0,tt0094812,Bull Durham,1988-06-15,HIGH,50888729,50888729.0,,100.0,,18.0,,,0.0,,False,True,False,True,"Veteran catcher Crash Davis is brought to the minor league Durham Bulls to help their up and coming pitching prospect, ""Nuke"" Laloosh. Their relationship gets off to a rocky start and is further complicated when baseball groupie Annie Savoy sets her sights on the two men.",https://www.boxofficemojo.com/year/world/1988/,True,en,/Users/cedricroetheli/Desktop/BA Cédric/Input/Code/boxoffice-analysis-pipeline/data/raw/subtitles/1988_Bull_Durham_tt0094812_4623546.srt,Crash Davis,individual_civilian,the romantic and interpersonal rivalry around Annie Savoy and Nuke Laloosh,collective_civilian,Crash Davis and Nuke Laloosh,1,0,0,1,medium,False,0,False,False,0,0,12,0.0,0.0,success,,
1988,19,A Nightmare on Elm Street 4: The Dream Master,238,10131.0,tt0095742,A Nightmare on Elm Street 4: The Dream Master,1988-08-19,HIGH,49369899,49369899.0,,100.0,,19.0,,,0.0,,False,True,False,True,"Freddy Krueger returns once again to terrorize the dreams of the remaining Dream Warriors, as well as those of a young woman who may be able to defeat him for good.",https://www.boxofficemojo.com/year/world/1988/,True,en,/Users/cedricroetheli/Desktop/BA Cédric/Input/Code/boxoffice-analysis-pipeline/data/raw/subtitles/1988_A_Nightmare_on_Elm_Street_4_The_Dream_Master_tt0095742_248910.srt,a young woman who may be able to defeat Freddy Krueger,individual_civilian,Freddy Krueger,non_human,the remaining Dream Warriors and the young woman,1,0,0,1,high,False,0,False,False,0,0,17,0.0,0.0,success,,
1988,20,The Land Before Time,239,12144.0,tt0095489,The Land Before Time,1988-11-18,HIGH,48478716,48478716.0,,100.0,,20.0,,,0.0,,False,True,False,True,"An orphaned brontosaurus named Littlefoot sets off in search of the legendary Great Valley. A land of lush vegetation where the dinosaurs can thrive and live in peace. Along the way he meets four other young dinosaurs, each one a different species, and they encounter several obstacles as they learn to work together in order to survive.",https://www.boxofficemojo.com/year/world/1988/,True,en,/Users/cedricroetheli/Desktop/BA Cédric/Input/Code/boxoffice-analysis-pipeline/data/raw/subtitles/1988_The_Land_Before_Time_tt0095489_4552726.srt,Littlefoot,non_human,survival obstacles in the prehistoric wilderness,non_human,Littlefoot and the group of young dinosaurs,1,0,0,1,medium,False,0,False,False,0,0,8,0.0,0.0,success,,
1989,1,Batman,240,268.0,tt0096895,Batman,1989-06-21,HIGH,401188924,251188924.0,150000000.0,62.6,37.4,1.0,1.0,1.6745928266666668,0.0,0.0,False,False,False,False,"Having witnessed his parents' brutal murder as a child, millionaire philanthropist Bruce Wayne fights crime in Gotham City disguised as Batman, a costumed hero who strikes fear into the hearts of villains. But when a deformed madman known as 'The Joker' seizes control of Gotham's criminal underworld, Batman must face his most ruthless nemesis ever while protecting both his identity and his love interest, reporter Vicki Vale.",https://www.boxofficemojo.com/year/world/1989/,True,en,/Users/cedricroetheli/Desktop/BA Cédric/Input/Code/boxoffice-analysis-pipeline/data/raw/subtitles/1989_Batman_tt0096895_4972377.srt,Bruce Wayne / Batman,individual_civilian,The Joker,individual_civilian,Gotham City,2,1,0,3,high,False,0,False,False,0,0,16,0.0,0.0,success,,
1989,2,Indiana Jones and the Last Crusade,241,89.0,tt0097576,Indiana Jones and the Last Crusade,1989-05-24,HIGH,197171806,197171806.0,,100.0,,2.0,,,0.0,,False,True,False,True,"In 1938, an art collector appeals to eminent archaeologist Dr. Indiana Jones to embark on a search for the Holy Grail. Indy learns that a medieval historian has vanished while searching for it, and the missing man is his own father, Dr. Henry Jones Sr.. He sets out to rescue his father by following clues in the old man's notebook, which his father had mailed to him before he went missing. Indy arrives in Venice, where he enlists the help of a beautiful academic, Dr. Elsa Schneider, along with Marcus Brody and Sallah. Together they must stop the Nazis from recovering the power of eternal life and taking over the world!",https://www.boxofficemojo.com/year/world/1989/,True,en,/Users/cedricroetheli/Desktop/BA Cédric/Input/Code/boxoffice-analysis-pipeline/data/raw/subtitles/1989_Indiana_Jones_and_the_Last_Crusade_tt0097576_4678983.srt,Dr. Indiana Jones,individual_civilian,the Nazis,state_military,the world,3,3,3,6,high,False,0,False,False,0,0,33,0.0,0.0,success,,
1989,3,Dead Poets Society,242,207.0,tt0097165,Dead Poets Society,1989-06-02,HIGH,175480949,95860116.0,79619323.0,54.6,45.4,10.0,2.0,1.2039805462802038,7.0,-1.0,False,False,False,False,"At an elite, old-fashioned boarding school in New England, a passionate English teacher inspires his students to rebel against convention and seize the potential of every day, courting the disdain of the stern headmaster.",https://www.boxofficemojo.com/year/world/1989/,True,en,/Users/cedricroetheli/Desktop/BA Cédric/Input/Code/boxoffice-analysis-pipeline/data/raw/subtitles/1989_Dead_Poets_Society_tt0097165_6891213.srt,the passionate English teacher,individual_civilian,the stern headmaster and the school's repressive conventions,corporate_institutional,the students,1,1,0,2,medium,False,0,False,False,0,0,21,0.0,0.0,success,,
1989,4,Lethal Weapon 2,243,942.0,tt0097733,Lethal Weapon 2,1989-07-07,HIGH,147253986,147253986.0,,100.0,,3.0,,,-1.0,,False,True,False,True,Riggs and Murtaugh are on the trail of South African diplomats using their immunity to engage in criminal activities.,https://www.boxofficemojo.com/year/world/1989/,True,en,/Users/cedricroetheli/Desktop/BA Cédric/Input/Code/boxoffice-analysis-pipeline/data/raw/subtitles/1989_Lethal_Weapon_2_tt0097733_558131.srt,Riggs and Murtaugh,state_military,South African diplomats engaged in criminal activities,state_military,people targeted by the diplomats' criminal activities,1,1,0,2,medium,True,1,False,True,0,1,14,0.0,0.0714285714285714,success,,
1989,5,Look Who's Talking,244,9494.0,tt0097778,Look Who's Talking,1989-10-12,HIGH,140088813,140088813.0,,100.0,,4.0,,,-1.0,,False,True,False,True,"After a single, career-minded woman is left on her own to give birth to the child of a married man, she finds a new romantic chance in a cab driver. Meanwhile, the point-of-view of the newborn baby is narrated through voice-over.",https://www.boxofficemojo.com/year/world/1989/,True,en,/Users/cedricroetheli/Desktop/BA Cédric/Input/Code/boxoffice-analysis-pipeline/data/raw/subtitles/1989_Look_Who_s_Talking_tt0097778_554322.srt,Mollie,individual_civilian,the married man who fathers her child,individual_civilian,Mollie and her newborn baby,1,0,0,1,medium,False,0,False,False,0,0,9,0.0,0.0,success,,
1989,6,"Honey, I Shrunk the Kids",245,9354.0,tt0097523,"Honey, I Shrunk the Kids",1989-06-23,HIGH,130725045,130724172.0,,100.0,,5.0,,,-1.0,,False,True,False,True,The scientist father of a teenage girl and boy accidentally shrinks his and two other neighborhood teens to the size of insects. Now the teens must fight diminutive dangers as the father searches for them.,https://www.boxofficemojo.com/year/world/1989/,True,en,/Users/cedricroetheli/Desktop/BA Cédric/Input/Code/boxoffice-analysis-pipeline/data/raw/subtitles/1989_Honey_I_Shrunk_the_Kids_tt0097523_706937.srt,the shrunk teens,collective_civilian,the accidental shrinking and backyard dangers,non_human,the shrunk teens,1,0,0,1,medium,False,0,False,False,0,0,9,0.0,0.0,success,,
1989,7,Back to the Future Part II,246,165.0,tt0096874,Back to the Future Part II,1989-11-22,HIGH,118911489,118811197.0,99328.0,99.9,0.1,6.0,4.0,1196.1500986630156,-1.0,-3.0,False,False,False,False,"Marty and Doc are at it again as the time-traveling duo head to 2015 to nip some McFly family woes in the bud. But things go awry thanks to bully Biff Tannen and a pesky sports almanac. In a last-ditch attempt to set things straight, Marty finds himself bound for 1955 and face to face with his teenage parents -- again.",https://www.boxofficemojo.com/year/world/1989/,True,en,/Users/cedricroetheli/Desktop/BA Cédric/Input/Code/boxoffice-analysis-pipeline/data/raw/subtitles/1989_Back_to_the_Future_Part_II_tt0096874_6540830.srt,Marty McFly and Doc,collective_civilian,Biff Tannen,individual_civilian,the McFly family,1,0,0,1,high,False,0,False,False,0,0,25,0.0,0.0,success,,
1989,8,Ghostbusters II,247,2978.0,tt0097428,Ghostbusters II,1989-06-16,HIGH,112495514,112494738.0,,100.0,,7.0,,,-1.0,,False,True,False,True,The discovery of a massive river of ectoplasm and a resurgence of spectral activity allows the staff of Ghostbusters to revive the business.,https://www.boxofficemojo.com/year/world/1989/,True,en,/Users/cedricroetheli/Desktop/BA Cédric/Input/Code/boxoffice-analysis-pipeline/data/raw/subtitles/1989_Ghostbusters_II_tt0097428_5083043.srt,the Ghostbusters,collective_civilian,the massive river of ectoplasm and resurgence of spectral activity,non_human,New York City,2,1,0,3,medium,False,0,False,False,0,0,28,0.0,0.0,success,,
1989,9,Driving Miss Daisy,248,403.0,tt0097239,Driving Miss Daisy,1989-12-13,HIGH,106593296,106593296.0,,100.0,,8.0,,,-1.0,,False,True,False,True,"The story of an old Jewish widow named Daisy Werthan and her relationship with her black chauffeur, Hoke. From an initial mere work relationship grew in 25 years a strong friendship between the two very different characters, in a time when those types of relationships were shunned.",https://www.boxofficemojo.com/year/world/1989/,True,en,/Users/cedricroetheli/Desktop/BA Cédric/Input/Code/boxoffice-analysis-pipeline/data/raw/subtitles/1989_Driving_Miss_Daisy_tt0097239_4882738.srt,Daisy Werthan and Hoke,collective_civilian,racial and social prejudice,collective_civilian,Daisy Werthan and Hoke's relationship,0,0,0,0,medium,True,1,True,True,1,1,20,0.05,0.05,success,,
1989,10,Parenthood,249,1552.0,tt0098067,Parenthood,1989-07-31,HIGH,100047830,100047830.0,,100.0,,9.0,,,-1.0,,False,True,False,True,"The story of the Buckman family and friends, attempting to bring up their children. They suffer/enjoy all the events that occur: estranged relatives, the 'black sheep' of the family, the eccentrics, the skeletons in the closet, and the rebellious teenagers.",https://www.boxofficemojo.com/year/world/1989/,True,en,/Users/cedricroetheli/Desktop/BA Cédric/Input/Code/boxoffice-analysis-pipeline/data/raw/subtitles/1989_Parenthood_tt0098067_4645190.srt,the Buckman family and friends,collective_civilian,family and parenting struggles,none,the Buckman family and their children,1,0,0,1,medium,False,0,False,False,0,0,6,0.0,0.0,success_with_warnings,villain_actor unresolved (none),
1989,11,When Harry Met Sally...,250,639.0,tt0098635,When Harry Met Sally...,1989-07-12,HIGH,92825786,92823546.0,,100.0,,11.0,,,0.0,,False,True,False,True,"Sex always gets in the way of friendships between men and women. At least, that's what Harry Burns believes. So when Harry meets Sally Albright and a deep friendship blossoms between them, Harry's determined not to let his attraction to Sally destroy it. But when a night of weakness ends in a morning of panic, can the pair avoid succumbing to Harry's fears by remaining friends and admitting they just might be the perfect match for each other?",https://www.boxofficemojo.com/year/world/1989/,True,en,/Users/cedricroetheli/Desktop/BA Cédric/Input/Code/boxoffice-analysis-pipeline/data/raw/subtitles/1989_When_Harry_Met_Sally_tt0098635_478736.srt,Harry Burns and Sally Albright,collective_civilian,Harry's fears about romance ruining friendship,none,Harry and Sally's relationship,0,0,0,0,medium,False,0,False,False,0,0,12,0.0,0.0,success_with_warnings,villain_actor unresolved (none),
1989,12,The War of the Roses,251,249.0,tt0098621,The War of the Roses,1989-12-08,HIGH,86888546,86888546.0,,100.0,,12.0,,,0.0,,False,True,False,True,"Barbara and Oliver Rose live happily as a married couple. When Barbara starts to wonder what life would be like without Oliver and likes what she sees, the two begin a campaign to force each other to leave their house, with their divorce lawyer D'Amato caught in the middle.",https://www.boxofficemojo.com/year/world/1989/,True,en,/Users/cedricroetheli/Desktop/BA Cédric/Input/Code/boxoffice-analysis-pipeline/data/raw/subtitles/1989_The_War_of_the_Roses_tt0098621_4501061.srt,Barbara and Oliver Rose,collective_civilian,Barbara and Oliver Rose,collective_civilian,Barbara and Oliver Rose,0,0,0,0,medium,False,0,False,False,0,0,10,0.0,0.0,success,,
1989,13,The Little Mermaid,252,10144.0,tt0097757,The Little Mermaid,1989-11-17,HIGH,84358283,84355863.0,,100.0,,13.0,,,0.0,,False,True,False,True,This colorful adventure tells the story of an impetuous mermaid princess named Ariel who falls in love with the very human Prince Eric and puts everything on the line for the chance to be with him. Memorable songs and characters -- including the villainous sea witch Ursula.,https://www.boxofficemojo.com/year/world/1989/,True,en,/Users/cedricroetheli/Desktop/BA Cédric/Input/Code/boxoffice-analysis-pipeline/data/raw/subtitles/1989_The_Little_Mermaid_tt0097757_5047673.srt,Ariel,individual_civilian,Ursula,non_human,Ariel and Prince Eric,0,0,0,0,medium,False,0,False,False,0,0,25,0.0,0.0,success,,
1989,14,Steel Magnolias,253,10860.0,tt0098384,Steel Magnolias,1989-11-15,HIGH,83759091,83759091.0,,100.0,,14.0,,,0.0,,False,True,False,True,"A young beautician, newly arrived in a small Louisiana town, finds work at the local salon, where a small group of women share a close bond of friendship and welcome her into the fold.",https://www.boxofficemojo.com/year/world/1989/,True,en,/Users/cedricroetheli/Desktop/BA Cédric/Input/Code/boxoffice-analysis-pipeline/data/raw/subtitles/1989_Steel_Magnolias_tt0098384_4672894.srt,the small group of women at the local salon,collective_civilian,,none,the young beautician,0,1,0,1,low,False,0,False,False,0,0,11,0.0,0.0,success_with_warnings,villain_actor unresolved (none),
1989,15,National Lampoon's Christmas Vacation,254,5825.0,tt0097958,National Lampoon's Christmas Vacation,1989-11-30,HIGH,71322270,71319526.0,325.0,100.0,0.1,15.0,7.0,219444.6953846154,0.0,-8.0,False,False,False,False,"It's Christmastime, and the Griswolds are preparing for a family seasonal celebration. But things never run smoothly for Clark, his wife Ellen, and their two kids. Clark's continual bad luck is worsened by his obnoxious family guests, but he manages to keep going, knowing that his Christmas bonus is due soon.",https://www.boxofficemojo.com/year/world/1989/,True,en,/Users/cedricroetheli/Desktop/BA Cédric/Input/Code/boxoffice-analysis-pipeline/data/raw/subtitles/1989_National_Lampoon_s_Christmas_Vacation_tt0097958_10488084.srt,Clark Griswold,individual_civilian,Clark's bad luck and disruptive family chaos,collective_civilian,the Griswold family Christmas celebration,1,0,0,1,medium,False,0,False,False,0,0,17,0.0,0.0,success,,
1989,16,Turner & Hooch,255,6951.0,tt0098536,Turner & Hooch,1989-07-28,HIGH,71079915,71079915.0,,100.0,,16.0,,,0.0,,False,True,False,True,"Detective Scott Turner has three days left in the local police department before he moves to a bigger city to get some 'real' cases—not just misdemeanors. When Amos Reed is murdered, Scott sets himself on the case, but the closest thing to a witness to the murder is Reed's dog, Hooch, which Scott has to take care of—to avoid Hooch being 'put to sleep'.",https://www.boxofficemojo.com/year/world/1989/,True,en,/Users/cedricroetheli/Desktop/BA Cédric/Input/Code/boxoffice-analysis-pipeline/data/raw/subtitles/1989_Turner_Hooch_tt0098536_255526.srt,Scott Turner,individual_civilian,Amos Reed's murderer,individual_civilian,Amos Reed,0,1,0,1,medium,False,0,False,False,0,0,9,0.0,0.0,success,,
1989,17,Born on the Fourth of July,256,2604.0,tt0096969,Born on the Fourth of July,1989-12-20,HIGH,70001698,70001698.0,,100.0,,17.0,,,0.0,,False,True,False,True,"Paralyzed in the Vietnam war, Ron Kovic becomes an anti-war and pro-human rights political activist after feeling betrayed by the country he fought for.",https://www.boxofficemojo.com/year/world/1989/,True,en,/Users/cedricroetheli/Desktop/BA Cédric/Input/Code/boxoffice-analysis-pipeline/data/raw/subtitles/1989_Born_on_the_Fourth_of_July_tt0096969_4518471.srt,Ron Kovic,individual_civilian,the Vietnam War and the U.S. system that betrayed him,state_military,Ron Kovic and other soldiers harmed by the war,1,0,2,1,medium,False,0,False,False,0,0,14,0.0,0.0,success,,
1989,18,Uncle Buck,257,2616.0,tt0098554,Uncle Buck,1989-08-16,HIGH,66758538,66758538.0,,100.0,,18.0,,,0.0,,False,True,False,True,"Buck Russell, a lovable but slovenly bachelor, suddenly becomes the temporary caretaker of his nephew and nieces after a family emergency. His freewheeling attitude soon causes tension with his older niece Tia, loyal girlfriend Chanice and just about everyone else who crosses his path.",https://www.boxofficemojo.com/year/world/1989/,True,en,/Users/cedricroetheli/Desktop/BA Cédric/Input/Code/boxoffice-analysis-pipeline/data/raw/subtitles/1989_Uncle_Buck_tt0098554_674817.srt,Buck Russell,individual_civilian,family tension and Buck's irresponsible behavior,none,Buck Russell's nephew and nieces,1,0,0,1,medium,False,0,False,False,0,0,14,0.0,0.0,success_with_warnings,villain_actor unresolved (none),
1989,19,Field of Dreams,258,2323.0,tt0097351,Field of Dreams,1989-04-21,HIGH,64532366,64532235.0,,100.0,,19.0,,,0.0,,False,True,False,True,"Ray Kinsella is an Iowa farmer who hears a mysterious voice telling him to turn his cornfield into a baseball diamond. He does, but the voice's directions don't stop -- even after the spirits of deceased ballplayers turn up to play.",https://www.boxofficemojo.com/year/world/1989/,True,en,/Users/cedricroetheli/Desktop/BA Cédric/Input/Code/boxoffice-analysis-pipeline/data/raw/subtitles/1989_Field_of_Dreams_tt0097351_614171.srt,Ray Kinsella,individual_civilian,the mysterious voice and its demands,non_human,Ray Kinsella,0,0,0,0,medium,True,1,False,True,0,1,17,0.0,0.0588235294117647,success,,
1989,20,Tango & Cash,259,9618.0,tt0098439,Tango & Cash,1989-12-22,HIGH,63408614,63408614.0,,100.0,,20.0,,,0.0,,False,True,False,True,"Ray Tango and Gabriel Cash are two successful narcotics detectives who can't stand each other. Crime lord Yves Perret, furious at the loss of income they have caused him, plots an elaborate revenge against them.",https://www.boxofficemojo.com/year/world/1989/,True,en,/Users/cedricroetheli/Desktop/BA Cédric/Input/Code/boxoffice-analysis-pipeline/data/raw/subtitles/1989_Tango_Cash_tt0098439_736461.srt,Ray Tango and Gabriel Cash,collective_civilian,Yves Perret,individual_civilian,Ray Tango and Gabriel Cash,0,0,0,0,high,True,1,False,True,0,1,5,0.0,0.2,success,,
1990,1,Home Alone,260,771.0,tt0099785,Home Alone,1990-11-16,HIGH,290177167,285761243.0,4172836.0,98.5,1.4,1.0,2.0,68.48130216476277,0.0,1.0,False,False,False,False,"Eight-year-old Kevin McCallister makes the most of the situation after his family unwittingly leaves him behind when they go on Christmas vacation. When thieves try to break into his home, he puts up a fight like no other.",https://www.boxofficemojo.com/year/world/1990/,True,en,/Users/cedricroetheli/Desktop/BA Cédric/Input/Code/boxoffice-analysis-pipeline/data/raw/subtitles/1990_Home_Alone_tt0099785_10874930.srt,Kevin McCallister,individual_civilian,the thieves,collective_civilian,Kevin McCallister and his home,0,0,0,0,high,False,0,False,False,0,0,22,0.0,0.0,success,,
1990,2,Ghost,261,251.0,tt0099653,Ghost,1990-07-13,HIGH,217632241,217631306.0,,100.0,,2.0,,,0.0,,False,True,False,True,"After a young man is murdered, his spirit stays behind to warn his lover of impending danger, with the help of a reluctant psychic.",https://www.boxofficemojo.com/year/world/1990/,True,en,/Users/cedricroetheli/Desktop/BA Cédric/Input/Code/boxoffice-analysis-pipeline/data/raw/subtitles/1990_Ghost_tt0099653_4479303.srt,the murdered young man's spirit,non_human,the murderer and impending danger targeting his lover,individual_civilian,his lover,0,0,0,0,medium,True,2,True,True,2,2,19,0.1052631578947368,0.1052631578947368,success,,
1990,3,Dances with Wolves,262,581.0,tt0099348,Dances with Wolves,1990-03-30,HIGH,184208848,184208848.0,,100.0,,3.0,,,0.0,,False,True,False,True,"Wounded Civil War soldier John Dunbar tries to commit suicide—and becomes a hero instead. As a reward, he's assigned to his dream post, a remote junction on the Western frontier, and soon makes unlikely friends with the local Sioux tribe.",https://www.boxofficemojo.com/year/world/1990/,True,en,/Users/cedricroetheli/Desktop/BA Cédric/Input/Code/boxoffice-analysis-pipeline/data/raw/subtitles/1990_Dances_with_Wolves_tt0099348_5100568.srt,John Dunbar,state_military,the Western frontier conflict between U.S. soldiers/settlers and the Sioux,state_military,the local Sioux tribe,1,1,0,2,medium,False,0,False,False,0,0,27,0.0,0.0,success,,
1990,4,Pretty Woman,263,114.0,tt0100405,Pretty Woman,1990-03-23,HIGH,178788238,178406268.0,315609.0,99.8,0.2,4.0,5.0,565.2762373696568,0.0,1.0,False,False,False,False,"Vivian is a carefree, streetwise diamond in the rough when she meets sophisticated billionaire Edward in a chance encounter that turns into a week-long business arrangement. But Vivian's energetic spirit challenges Edward's no-nonsense approach to life, and soon they are teaching each other – and falling in love!",https://www.boxofficemojo.com/year/world/1990/,True,en,/Users/cedricroetheli/Desktop/BA Cédric/Input/Code/boxoffice-analysis-pipeline/data/raw/subtitles/1990_Pretty_Woman_tt0100405_4612284.srt,Vivian,individual_civilian,class and emotional barriers in Vivian and Edward's arrangement,none,Vivian and Edward's relationship,0,0,0,0,medium,True,1,False,True,0,1,26,0.0,0.0384615384615384,success_with_warnings,villain_actor unresolved (none),
1990,5,Teenage Mutant Ninja Turtles,264,1498.0,tt0100758,Teenage Mutant Ninja Turtles,1990-03-30,HIGH,135271094,135265915.0,,100.0,,5.0,,,0.0,,False,True,False,True,"A quartet of humanoid turtles, trained by their mentor in ninjitsu, must learn to work together to face the menace of Shredder and the Foot Clan.",https://www.boxofficemojo.com/year/world/1990/,True,en,/Users/cedricroetheli/Desktop/BA Cédric/Input/Code/boxoffice-analysis-pipeline/data/raw/subtitles/1990_Teenage_Mutant_Ninja_Turtles_tt0100758_4634646.srt,the Teenage Mutant Ninja Turtles,collective_civilian,Shredder and the Foot Clan,collective_civilian,New York City community,2,1,0,3,medium,False,0,False,False,0,0,15,0.0,0.0,success,,
1990,6,The Hunt for Red October,265,1669.0,tt0099810,The Hunt for Red October,1990-03-02,HIGH,122012643,122012643.0,,100.0,,6.0,,,0.0,,False,True,False,True,"A new technologically-superior Soviet nuclear sub, the Red October, is heading for the U.S. coast under the command of Captain Marko Ramius. The American government thinks Ramius is planning to attack. Lone CIA analyst Jack Ryan has a different idea: he thinks Ramius is planning to defect, but he has only a few hours to find him and prove it - because the entire Russian naval and air commands are trying to find Ramius, too. The hunt is on!",https://www.boxofficemojo.com/year/world/1990/,True,en,/Users/cedricroetheli/Desktop/BA Cédric/Input/Code/boxoffice-analysis-pipeline/data/raw/subtitles/1990_The_Hunt_for_Red_October_tt0099810_6547429.srt,Jack Ryan,individual_civilian,the Soviet naval and air commands hunting Red October,state_military,Captain Marko Ramius and the Red October crew,1,2,2,3,medium,True,2,True,True,2,2,18,0.1111111111111111,0.1111111111111111,success,,
1990,7,Total Recall,266,861.0,tt0100802,Total Recall,1990-06-01,HIGH,119438055,119394840.0,43215.0,100.0,0.1,7.0,7.0,2762.8101353696634,0.0,0.0,False,False,False,False,"Construction worker Douglas Quaid's obsession with the planet Mars leads him to visit Recall, a company that manufactures memories. When his memory implant goes wrong, Doug can no longer be sure what is and isn't reality.",https://www.boxofficemojo.com/year/world/1990/,True,en,/Users/cedricroetheli/Desktop/BA Cédric/Input/Code/boxoffice-analysis-pipeline/data/raw/subtitles/1990_Total_Recall_tt0100802_455486.srt,Douglas Quaid,individual_civilian,unresolved reality/manipulation surrounding Recall and Mars,corporate_institutional,Douglas Quaid,0,0,1,0,low,False,0,False,False,0,0,26,0.0,0.0,success,,
1990,8,Die Hard 2,267,1573.0,tt0099423,Die Hard 2,1990-07-03,HIGH,117546200,117540947.0,67.0,100.0,0.1,8.0,10.0,1754342.4925373134,0.0,2.0,False,False,False,False,"One year after his heroics in Los Angeles, John McClane is an off-duty cop who is the wrong guy in the wrong place at the wrong time. On a snowy Christmas Eve, as he waits for his wife's plane to land at Washington Dulles International Airport, terrorists take over the air traffic control system in a plot to free a South American army general and drug smuggler being flown into the US to face drug charges. It's now up to McClane to take on the terrorists, while coping with an inept airport police chief, an uncooperative anti-terrorist squad, and the life of his wife and everyone else trapped in planes circling overhead.",https://www.boxofficemojo.com/year/world/1990/,True,en,/Users/cedricroetheli/Desktop/BA Cédric/Input/Code/boxoffice-analysis-pipeline/data/raw/subtitles/1990_Die_Hard_2_tt0099423_5361406.srt,John McClane,individual_civilian,the terrorists led by Colonel Stuart,collective_civilian,"the passengers on the planes circling overhead, including Holly McClane",1,0,0,1,high,True,2,True,True,1,2,24,0.0416666666666666,0.0833333333333333,success,,
1990,9,Dick Tracy,268,8592.0,tt0099422,Dick Tracy,1990-04-05,HIGH,103739295,103738726.0,,100.0,,9.0,,,0.0,,False,True,False,True,The comic strip detective finds his life vastly complicated when Breathless Mahoney makes advances towards him while he is trying to battle Big Boy Caprice's united mob.,https://www.boxofficemojo.com/year/world/1990/,True,en,/Users/cedricroetheli/Desktop/BA Cédric/Input/Code/boxoffice-analysis-pipeline/data/raw/subtitles/1990_Dick_Tracy_tt0099422_4518103.srt,Dick Tracy,individual_civilian,Big Boy Caprice's united mob,collective_civilian,the city community threatened by the mob,2,1,0,3,medium,True,1,True,True,1,1,17,0.0588235294117647,0.0588235294117647,success,,
1990,10,Kindergarten Cop,269,951.0,tt0099938,Kindergarten Cop,1990-12-21,HIGH,91457688,91457688.0,,100.0,,10.0,,,0.0,,False,True,False,True,"Hard-edged cop John Kimble gets more than he bargained for when he goes undercover as a kindergarten teacher to get the goods on a brutal drug lord while at the same time protecting the man's young son. Pitted against a class of boisterous moppets whose antics try his patience and test his mettle, Kimble may have met his match … in more ways than one.",https://www.boxofficemojo.com/year/world/1990/,True,en,/Users/cedricroetheli/Desktop/BA Cédric/Input/Code/boxoffice-analysis-pipeline/data/raw/subtitles/1990_Kindergarten_Cop_tt0099938_501867.srt,John Kimble,state_military,the brutal drug lord,collective_civilian,the drug lord's young son,0,0,0,0,medium,True,1,False,True,0,1,8,0.0,0.125,success,,
1990,11,Back to the Future Part III,270,196.0,tt0099088,Back to the Future Part III,1990-05-25,HIGH,87727583,87727583.0,,100.0,,11.0,,,0.0,,False,True,False,True,"The final installment finds Marty digging the trusty DeLorean out of a mineshaft and looking for Doc in the Wild West of 1885. But when their time machine breaks down, the travelers are stranded in a land of spurs. More problems arise when Doc falls for pretty schoolteacher Clara Clayton, and Marty tangles with Buford Tannen.",https://www.boxofficemojo.com/year/world/1990/,True,en,/Users/cedricroetheli/Desktop/BA Cédric/Input/Code/boxoffice-analysis-pipeline/data/raw/subtitles/1990_Back_to_the_Future_Part_III_tt0099088_6521784.srt,Marty McFly,individual_civilian,Buford Tannen,individual_civilian,Doc Brown,0,0,0,0,medium,False,0,False,False,0,0,28,0.0,0.0,success,,
1990,12,Days of Thunder,271,2119.0,tt0099371,Days of Thunder,1990-06-27,HIGH,87164933,82670733.0,4492812.0,94.8,5.2,13.0,1.0,18.400665997152785,1.0,-11.0,False,False,False,False,"Talented but unproven stock car driver Cole Trickle gets a break and with the guidance of veteran Harry Hogge turns heads on the track. The young hotshot develops a rivalry with a fellow racer that threatens his career when the two smash their cars. But with the help of his doctor, Cole just might overcome his injuries-- and his fear.",https://www.boxofficemojo.com/year/world/1990/,True,en,/Users/cedricroetheli/Desktop/BA Cédric/Input/Code/boxoffice-analysis-pipeline/data/raw/subtitles/1990_Days_of_Thunder_tt0099371_4517626.srt,Cole Trickle,individual_civilian,his rival stock car driver,individual_civilian,Cole Trickle,0,0,0,0,medium,False,0,False,False,0,0,17,0.0,0.0,success,,
1990,13,Presumed Innocent,272,11092.0,tt0100404,Presumed Innocent,1990-07-27,HIGH,86303188,86303188.0,,100.0,,12.0,,,-1.0,,False,True,False,True,"Rusty Sabich is a deputy prosecutor engaged in an obsessive affair with a coworker who is murdered. Soon after, he's accused of the crime. And his fight to clear his name becomes a whirlpool of lies and hidden passions.",https://www.boxofficemojo.com/year/world/1990/,True,en,/Users/cedricroetheli/Desktop/BA Cédric/Input/Code/boxoffice-analysis-pipeline/data/raw/subtitles/1990_Presumed_Innocent_tt0100404_4882429.srt,Rusty Sabich,individual_civilian,the unknown murderer and false accusation against Rusty,individual_civilian,Rusty Sabich,0,0,0,0,medium,False,0,False,False,0,0,11,0.0,0.0,success,,
1990,14,Another 48 Hrs.,273,11595.0,tt0099044,Another 48 Hrs.,1990-06-08,HIGH,80818974,80818974.0,,100.0,,14.0,,,0.0,,False,True,False,True,"For the past four years, San Francisco cop Jack Cates has been after an unidentified drug kingpin who calls himself the Ice Man. Jack finds a picture that proves that the Ice Man has put a price on the head of Reggie Hammond, who is scheduled to be released from prison on the next day.",https://www.boxofficemojo.com/year/world/1990/,True,en,/Users/cedricroetheli/Desktop/BA Cédric/Input/Code/boxoffice-analysis-pipeline/data/raw/subtitles/1990_Another_48_Hrs_tt0099044_604030.srt,Jack Cates,individual_civilian,the Ice Man,individual_civilian,Reggie Hammond,0,1,0,1,high,True,1,False,True,0,1,13,0.0,0.0769230769230769,success,,
1990,15,Three Men and a Little Lady,274,11630.0,tt0098966,3 Men and a Little Lady,1990-11-21,MANUAL_ACCEPTED,71609321,71609321.0,,100.0,,15.0,,,0.0,,False,True,False,True,"Sylvia's work increasingly takes her away from the three men who help bring up Mary, her daughter. When she decides to move to England and take Mary with her, the three men are heartbroken at losing the two most important women in their lives.",https://www.boxofficemojo.com/year/world/1990/,True,en,/Users/cedricroetheli/Desktop/BA Cédric/Input/Code/boxoffice-analysis-pipeline/data/raw/subtitles/1990_Three_Men_and_a_Little_Lady_tt0098966_1461417.srt,the three men,collective_civilian,Sylvia's move to England,individual_civilian,Mary and the three men's family unit,1,0,2,1,medium,False,0,False,False,0,0,3,0.0,0.0,success,,
1990,16,Bird on a Wire,275,1727.0,tt0099141,Bird on a Wire,1990-05-18,HIGH,70978012,70978012.0,,100.0,,16.0,,,0.0,,False,True,False,True,"An FBI informant has kept his new identity secret for 15 years. Now an old flame has recognised him, and the bad guys are back for revenge.",https://www.boxofficemojo.com/year/world/1990/,True,en,/Users/cedricroetheli/Desktop/BA Cédric/Input/Code/boxoffice-analysis-pipeline/data/raw/subtitles/1990_Bird_on_a_Wire_tt0099141_504431.srt,the FBI informant under a new identity,individual_civilian,the bad guys seeking revenge,collective_civilian,the FBI informant and his old flame,1,0,0,1,medium,False,0,False,False,0,0,17,0.0,0.0,success,,
1990,17,The Godfather Part III,276,242.0,tt0099674,The Godfather Part III,1990-12-25,HIGH,66774871,66666062.0,108809.0,99.8,0.2,17.0,6.0,612.6888584583996,0.0,-11.0,False,False,False,False,"In the midst of trying to legitimize his business dealings in 1979 New York and Italy, aging mafia don, Michael Corleone seeks forgiveness for his sins while taking a young protege under his wing.",https://www.boxofficemojo.com/year/world/1990/,True,en,/Users/cedricroetheli/Desktop/BA Cédric/Input/Code/boxoffice-analysis-pipeline/data/raw/subtitles/1990_The_Godfather_Part_III_tt0099674_6638308.srt,Michael Corleone,individual_civilian,rival mafia interests and the criminal world surrounding Michael Corleone's business dealings,collective_civilian,Michael Corleone and the Corleone family,1,0,2,1,medium,False,0,False,False,0,0,18,0.0,0.0,success,,
1990,18,Flatliners,277,1551.0,tt0099582,Flatliners,1990-08-10,HIGH,61489265,61489265.0,,100.0,,18.0,,,0.0,,False,True,False,True,"Five medical students experiment with ""near death"" experiences, until the dark consequences of past tragedies begin to jeopardize their lives.",https://www.boxofficemojo.com/year/world/1990/,True,en,/Users/cedricroetheli/Desktop/BA Cédric/Input/Code/boxoffice-analysis-pipeline/data/raw/subtitles/1990_Flatliners_tt0099582_4502856.srt,five medical students,collective_civilian,the dark consequences of past tragedies,non_human,the five medical students,1,0,0,1,medium,False,0,False,False,0,0,7,0.0,0.0,success,,
1990,19,Misery,278,1700.0,tt0100157,Misery,1990-11-30,HIGH,61277756,61276872.0,,100.0,,19.0,,,0.0,,False,True,False,True,"After an accident, acclaimed novelist Paul Sheldon is rescued by a nurse who claims to be his biggest fan.  Her obsession takes a dark turn when she holds him captive in her remote Colorado home and forces him to write back to life the popular literary character he killed off.",https://www.boxofficemojo.com/year/world/1990/,True,en,/Users/cedricroetheli/Desktop/BA Cédric/Input/Code/boxoffice-analysis-pipeline/data/raw/subtitles/1990_Misery_tt0100157_456272.srt,Paul Sheldon,individual_civilian,the obsessed nurse,individual_civilian,Paul Sheldon,0,0,0,0,high,True,1,False,True,0,1,29,0.0,0.0344827586206896,success,,
1990,20,Edward Scissorhands,279,162.0,tt0099487,Edward Scissorhands,1990-12-07,HIGH,56367078,56362352.0,,100.0,,20.0,,,0.0,,False,True,False,True,A small suburban town receives a visit from a castaway unfinished science experiment named Edward.,https://www.boxofficemojo.com/year/world/1990/,True,en,/Users/cedricroetheli/Desktop/BA Cédric/Input/Code/boxoffice-analysis-pipeline/data/raw/subtitles/1990_Edward_Scissorhands_tt0099487_532483.srt,Edward,non_human,the suburban town's fearful conformity,collective_civilian,Edward,0,0,0,0,medium,False,0,False,False,0,0,30,0.0,0.0,success,,
1991,1,Beauty and the Beast,280,10020.0,tt0101414,Beauty and the Beast,1991-10-22,HIGH,248822835,145863363.0,102939158.0,58.6,41.4,3.0,1.0,1.4169861676933475,2.0,0.0,False,False,False,False,"Follow the adventures of Belle, a bright young woman who finds herself in the castle of a prince who's been turned into a mysterious beast. With the help of the castle's enchanted staff, Belle soon learns the most important lesson of all -- that true beauty comes from within.",https://www.boxofficemojo.com/year/world/1991/,True,en,/Users/cedricroetheli/Desktop/BA Cédric/Input/Code/boxoffice-analysis-pipeline/data/raw/subtitles/1991_Beauty_and_the_Beast_tt0101414_579278.srt,Belle,individual_civilian,the Beast's curse,non_human,the Beast,0,0,0,0,medium,False,0,False,False,0,0,18,0.0,0.0,success,,
1991,2,Terminator 2: Judgment Day,281,280.0,tt0103064,Terminator 2: Judgment Day,1991-07-03,HIGH,205068630,204843345.0,225285.0,99.9,0.1,1.0,3.0,909.2631333644052,-1.0,1.0,False,False,False,False,"Ten years after the events of the original, a reprogrammed T-800 is sent back in time to protect young John Connor from the shape-shifting T-1000. Together with his mother Sarah, he fights to stop Skynet from triggering a nuclear apocalypse.",https://www.boxofficemojo.com/year/world/1991/,True,en,/Users/cedricroetheli/Desktop/BA Cédric/Input/Code/boxoffice-analysis-pipeline/data/raw/subtitles/1991_Terminator_2_Judgment_Day_tt0103064_6595678.srt,"the reprogrammed T-800, with Sarah Connor and John Connor",non_human,Skynet and its agent the T-1000,non_human,humanity,3,3,3,6,high,False,0,False,False,0,0,23,0.0,0.0,success,,
1991,3,Robin Hood: Prince of Thieves,282,8367.0,tt0102798,Robin Hood: Prince of Thieves,1991-06-14,HIGH,165493908,165493908.0,,100.0,,2.0,,,-1.0,,False,True,False,True,"Nobleman crusader Robin of Locksley breaks out of a Jerusalem prison with the help of Moorish fellow prisoner Azeem and travels back home to England. But upon arrival he discovers his dead father in the ruins of his family estate, killed by the vicious sheriff of Nottingham, Robin and Azeem join forces with outlaws Little John and Will Scarlett to save the kingdom from the sheriff's villainy.",https://www.boxofficemojo.com/year/world/1991/,True,en,/Users/cedricroetheli/Desktop/BA Cédric/Input/Code/boxoffice-analysis-pipeline/data/raw/subtitles/1991_Robin_Hood_Prince_of_Thieves_tt0102798_423427.srt,Robin of Locksley,individual_civilian,the Sheriff of Nottingham,individual_civilian,the kingdom of England,2,2,1,4,high,False,0,False,False,0,0,13,0.0,0.0,success,,
1991,4,The Silence of the Lambs,283,274.0,tt0102926,The Silence of the Lambs,1991-02-14,HIGH,130877590,130742922.0,125425.0,99.9,0.1,4.0,5.0,1042.3992186565677,0.0,1.0,False,False,False,False,"Clarice Starling is a top student at the FBI's training academy.  Jack Crawford wants Clarice to interview Dr. Hannibal Lecter, a brilliant psychiatrist who is also a violent psychopath, serving life behind bars for various acts of murder and cannibalism.  Crawford believes that Lecter may have insight into a case and that Starling, as an attractive young woman, may be just the bait to draw him out.",https://www.boxofficemojo.com/year/world/1991/,True,en,/Users/cedricroetheli/Desktop/BA Cédric/Input/Code/boxoffice-analysis-pipeline/data/raw/subtitles/1991_The_Silence_of_the_Lambs_tt0102926_430975.srt,Clarice Starling,individual_civilian,Dr. Hannibal Lecter,individual_civilian,the murder case victims,1,2,1,3,medium,True,1,True,True,1,1,20,0.05,0.05,success,,
1991,5,City Slickers,284,1406.0,tt0101587,City Slickers,1991-06-07,HIGH,124033791,124033791.0,,100.0,,5.0,,,0.0,,False,True,False,True,"Three New York businessmen decide to take a ""Wild West"" vacation that turns out not to be the relaxing vacation they had envisioned.",https://www.boxofficemojo.com/year/world/1991/,True,en,/Users/cedricroetheli/Desktop/BA Cédric/Input/Code/boxoffice-analysis-pipeline/data/raw/subtitles/1991_City_Slickers_tt0101587_4632450.srt,three New York businessmen,collective_civilian,the dangerous Wild West cattle-drive ordeal,non_human,three New York businessmen,1,0,0,1,medium,False,0,False,False,0,0,7,0.0,0.0,success,,
1991,6,Hook,285,879.0,tt0102057,Hook,1991-04-10,HIGH,119658146,119654823.0,,100.0,,6.0,,,0.0,,False,True,False,True,"The boy who wasn't supposed to grow up—Peter Pan—does just that, becoming a soulless corporate lawyer whose workaholism could cost him his wife and kids. During his trip to see Granny Wendy in London, the vengeful Capt. Hook kidnaps Peter's kids and forces Peter to return to Neverland.",https://www.boxofficemojo.com/year/world/1991/,True,en,/Users/cedricroetheli/Desktop/BA Cédric/Input/Code/boxoffice-analysis-pipeline/data/raw/subtitles/1991_Hook_tt0102057_4518706.srt,Peter Pan / Peter Banning,individual_civilian,Capt. Hook,individual_civilian,Peter's kids,0,0,2,0,high,False,0,False,False,0,0,14,0.0,0.0,success,,
1991,7,The Addams Family,286,2907.0,tt0101272,The Addams Family,1991-11-22,HIGH,113503889,113502426.0,,100.0,,7.0,,,0.0,,False,True,False,True,"When a man claiming to be long-lost Uncle Fester reappears after 25 years lost, the family plans a celebration to wake the dead. But the kids barely have time to warm up the electric chair before Morticia begins to suspect Fester is fraud when he can't recall any of the details of Fester's life.",https://www.boxofficemojo.com/year/world/1991/,True,en,/Users/cedricroetheli/Desktop/BA Cédric/Input/Code/boxoffice-analysis-pipeline/data/raw/subtitles/1991_The_Addams_Family_tt0101272_6543232.srt,Morticia Addams,individual_civilian,the man posing as Uncle Fester,individual_civilian,the Addams family,1,0,0,1,medium,False,0,False,False,0,0,14,0.0,0.0,success,,
1991,8,Sleeping with the Enemy,287,7442.0,tt0102945,Sleeping with the Enemy,1991-01-13,HIGH,101599005,101599005.0,,100.0,,8.0,,,0.0,,False,True,False,True,"A young woman fakes her own death in an attempt to escape her nightmarish marriage, but discovers it is impossible to elude her controlling husband.",https://www.boxofficemojo.com/year/world/1991/,True,en,/Users/cedricroetheli/Desktop/BA Cédric/Input/Code/boxoffice-analysis-pipeline/data/raw/subtitles/1991_Sleeping_with_the_Enemy_tt0102945_4461931.srt,a young woman,individual_civilian,her controlling husband,individual_civilian,a young woman,0,0,0,0,high,False,0,False,False,0,0,18,0.0,0.0,success,,
1991,9,Father of the Bride,288,11846.0,tt0101862,Father of the Bride,1991-12-20,HIGH,89325780,89325780.0,,100.0,,9.0,,,0.0,,False,True,False,True,"George Banks is an ordinary, middle-class man whose 22 year-old daughter Annie has decided to marry a man from an upper-class family, but George can't think of what life would be like without his daughter. His wife tries to make him happy for Annie, but when the wedding takes place at their home and a foreign wedding planner takes over the ceremony, he becomes slightly insane.",https://www.boxofficemojo.com/year/world/1991/,True,en,/Users/cedricroetheli/Desktop/BA Cédric/Input/Code/boxoffice-analysis-pipeline/data/raw/subtitles/1991_Father_of_the_Bride_tt0101862_670157.srt,George Banks,individual_civilian,the wedding and its pressures,none,George Banks and his family,1,0,0,1,medium,False,0,False,False,0,0,10,0.0,0.0,success_with_warnings,villain_actor unresolved (none),
1991,10,The Naked Gun 2½: The Smell of Fear,289,37137.0,tt0102510,The Naked Gun 2½: The Smell of Fear,1991-06-28,HIGH,86930411,86930411.0,,100.0,,10.0,,,0.0,,False,True,False,True,"Bumbling lieutenant Frank Drebin is out to foil the big boys in the energy industry, who intend to suppress technology that will put them out of business.",https://www.boxofficemojo.com/year/world/1991/,True,en,/Users/cedricroetheli/Desktop/BA Cédric/Input/Code/boxoffice-analysis-pipeline/data/raw/subtitles/1991_The_Naked_Gun_2_The_Smell_of_Fear_tt0102510_7612768.srt,Frank Drebin,individual_civilian,the energy industry big boys,corporate_institutional,technology that would replace the energy industry's interests,0,3,1,3,medium,True,1,False,True,0,1,10,0.0,0.1,success,,
1991,11,Fried Green Tomatoes,290,1633.0,tt0101921,Fried Green Tomatoes,1991-12-27,HIGH,82418501,82418501.0,,100.0,,11.0,,,0.0,,False,True,False,True,"Amidst her own personality crisis, a southern housewife meets an outgoing old woman who tells her the story of Idgie Threadgoode and Ruth Jamison, two young women who experienced hardships and love in 1920s Whistle Stop, Alabama.",https://www.boxofficemojo.com/year/world/1991/,True,en,/Users/cedricroetheli/Desktop/BA Cédric/Input/Code/boxoffice-analysis-pipeline/data/raw/subtitles/1991_Fried_Green_Tomatoes_tt0101921_676375.srt,Idgie Threadgoode and Ruth Jamison,collective_civilian,hardships in 1920s Whistle Stop,none,Idgie Threadgoode and Ruth Jamison,0,0,0,0,low,False,0,False,False,0,0,10,0.0,0.0,success_with_warnings,villain_actor unresolved (none),
1991,12,Cape Fear,291,1598.0,tt0101540,Cape Fear,1991-11-13,HIGH,79091969,79091969.0,,100.0,,12.0,,,0.0,,False,True,False,True,"Sam Bowden is a small-town corporate attorney. Max Cady is a tattooed, cigar-smoking, Bible-quoting, psychotic rapist. What do they have in common? 14 years ago, Sam was a public defender assigned to Max Cady's rape trial, and he made a serious error: he hid a document from his illiterate client that could have gotten him acquitted. Now, the cagey Cady has been released, and he intends to teach Sam Bowden and his family a thing or two about loss.",https://www.boxofficemojo.com/year/world/1991/,True,en,/Users/cedricroetheli/Desktop/BA Cédric/Input/Code/boxoffice-analysis-pipeline/data/raw/subtitles/1991_Cape_Fear_tt0101540_309683.srt,Sam Bowden,individual_civilian,Max Cady,individual_civilian,Sam Bowden and his family,1,0,0,1,high,True,1,False,True,0,1,18,0.0,0.0555555555555555,success,,
1991,13,Teenage Mutant Ninja Turtles II: The Secret of the Ooze,292,1497.0,tt0103060,Teenage Mutant Ninja Turtles II: The Secret of the Ooze,1991-03-22,HIGH,78656813,78656813.0,,100.0,,13.0,,,0.0,,False,True,False,True,"The Turtles and the Shredder battle once again, this time for the last cannister of the ooze that created the Turtles, which Shredder wants to create an army of new mutants.",https://www.boxofficemojo.com/year/world/1991/,True,en,/Users/cedricroetheli/Desktop/BA Cédric/Input/Code/boxoffice-analysis-pipeline/data/raw/subtitles/1991_Teenage_Mutant_Ninja_Turtles_II_The_Secret_of_the_Ooze_tt0103060_4642252.srt,The Turtles,collective_civilian,Shredder,individual_civilian,the city/community threatened by Shredder's mutant army,2,1,0,3,medium,False,0,False,False,0,0,13,0.0,0.0,success,,
1991,14,Backdraft,293,2924.0,tt0101393,Backdraft,1991-05-24,HIGH,77868585,77868585.0,,100.0,,14.0,,,0.0,,False,True,False,True,"Two feuding siblings carrying on a heroic family tradition as Chicago firefighters. But when a puzzling series of arson attacks is reported, they are forced to set aside their differences to solve the mystery surrounding these crimes.",https://www.boxofficemojo.com/year/world/1991/,True,en,/Users/cedricroetheli/Desktop/BA Cédric/Input/Code/boxoffice-analysis-pipeline/data/raw/subtitles/1991_Backdraft_tt0101393_329289.srt,two feuding firefighter brothers,state_military,the arsonist behind the series of attacks,individual_civilian,Chicago residents threatened by the arson attacks,2,1,0,3,medium,True,1,True,True,1,1,17,0.0588235294117647,0.0588235294117647,success,,
1991,15,Star Trek VI: The Undiscovered Country,294,174.0,tt0102975,Star Trek VI: The Undiscovered Country,1991-12-06,HIGH,74888996,74888996.0,,100.0,,15.0,,,0.0,,False,True,False,True,"After years of war, the Federation and the Klingon empire find themselves on the brink of a peace summit when a Klingon ship is nearly destroyed by an apparent attack from the Enterprise. Both worlds brace for what may be their deadliest encounter.",https://www.boxofficemojo.com/year/world/1991/,True,en,/Users/cedricroetheli/Desktop/BA Cédric/Input/Code/boxoffice-analysis-pipeline/data/raw/subtitles/1991_Star_Trek_VI_The_Undiscovered_Country_tt0102975_547876.srt,the Federation and Enterprise crew,state_military,the apparent attack threatening the peace process,state_military,the Federation and Klingon Empire,2,2,2,4,medium,False,0,False,False,0,0,16,0.0,0.0,success,,
1991,16,The Prince of Tides,295,10333.0,tt0102713,The Prince of Tides,1991-12-25,HIGH,74787599,74787599.0,,100.0,,16.0,,,0.0,,False,True,False,True,A troubled Southern man talks to his suicidal sister's psychiatrist about their family history and falls in love with her (and New York City) in the process.,https://www.boxofficemojo.com/year/world/1991/,True,en,/Users/cedricroetheli/Desktop/BA Cédric/Input/Code/boxoffice-analysis-pipeline/data/raw/subtitles/1991_The_Prince_of_Tides_tt0102713_490620.srt,the troubled Southern man,individual_civilian,family trauma and history,collective_civilian,his suicidal sister,0,0,0,0,medium,False,0,False,False,0,0,25,0.0,0.0,success,,
1991,17,JFK,296,820.0,tt0102138,JFK,1991-12-20,HIGH,70405819,70405498.0,,100.0,,17.0,,,0.0,,False,True,False,True,Follows the investigation into the assassination of President John F. Kennedy led by New Orleans district attorney Jim Garrison.,https://www.boxofficemojo.com/year/world/1991/,True,en,/Users/cedricroetheli/Desktop/BA Cédric/Input/Code/boxoffice-analysis-pipeline/data/raw/subtitles/1991_JFK_tt0102138_5140416.srt,Jim Garrison,state_military,the conspiracy behind President John F. Kennedy's assassination,none,President John F. Kennedy,0,2,1,2,medium,True,3,True,True,3,3,33,0.0909090909090909,0.0909090909090909,success_with_warnings,villain_actor unresolved (none),
1991,18,Hot Shots!,297,9595.0,tt0102059,Hot Shots!,1991-07-31,HIGH,69467617,69467617.0,,100.0,,18.0,,,0.0,,False,True,False,True,"The gang that created Airplane! and The Naked Gun sets its sights on Top Gun in this spoof. Topper Harley is a talented but unstable fighter pilot with an axe to grind: clearing the family name. His mission is to avenge his father and save a mission sabotaged by greedy weapons manufacturers. He also gets involved in a relationship with Ramada Thompson, a woman with an unusually talented stomach. Hot Shots! makes fun of a variety of other films, from Dances with Wolves to The Fabulous Baker Boys.",https://www.boxofficemojo.com/year/world/1991/,True,en,/Users/cedricroetheli/Desktop/BA Cédric/Input/Code/boxoffice-analysis-pipeline/data/raw/subtitles/1991_Hot_Shots_tt0102059_615652.srt,Topper Harley,individual_civilian,greedy weapons manufacturers,corporate_institutional,the sabotaged mission,1,1,1,2,medium,True,1,False,True,0,1,6,0.0,0.1666666666666666,success,,
1991,19,What About Bob?,298,10276.0,tt0103241,What About Bob?,1991-05-17,HIGH,63707829,63707829.0,,100.0,,19.0,,,0.0,,False,True,False,True,"Before going on vacation, self-involved psychiatrist Dr. Leo Marvin has the misfortune of taking on a new patient: Bob Wiley. An exemplar of neediness and a compendium of phobias, Bob follows Marvin to his family's country house. Dr. Marvin tries to get him to leave; the trouble is, everyone loves Bob. As his oblivious patient makes himself at home, Dr. Marvin loses his professional composure and, before long, may be ready for the loony bin himself.",https://www.boxofficemojo.com/year/world/1991/,True,en,/Users/cedricroetheli/Desktop/BA Cédric/Input/Code/boxoffice-analysis-pipeline/data/raw/subtitles/1991_What_About_Bob_tt0103241_688380.srt,Bob Wiley,individual_civilian,Dr. Leo Marvin,individual_civilian,Bob Wiley,0,0,0,0,medium,False,0,False,False,0,0,5,0.0,0.0,success,,
1991,20,One Hundred and One Dalmatians 1991 Re-release,299,,,,,NONE,60830285,60830285.0,,100.0,,20.0,,,0.0,,False,True,False,True,"In 1957, aspiring songwriter Roger Radcliffe lives in London with his Dalmatian, Pongo. Wanting companions, Pongo engineers a meeting between Roger and Anita, who owns Perdita; the humans fall in love and marry. After Perdita gives birth to 15 puppies, Anita's cruel former schoolmate Cruella de Vil tries to buy them for fur, is refused, and hires thieves Jasper and Horace to kidnap them. Scotland Yard fails to find the dogs, so Pongo and Perdita use the canine 'Twilight Bark' network across England. The puppies are traced to Cruella's old mansion, where she plans to have them killed and turned into coats. With help from farm animals, Pongo and Perdita rescue not only their own litter but 84 additional Dalmatian puppies. The family flees through winter, disguises itself to evade pursuit, and reaches London after Cruella and her accomplices crash while chasing them. Reunited at Christmas, Roger and Anita decide to keep all 101 Dalmatians, using Roger's hit song royalties to move to a larger country home.",https://www.boxofficemojo.com/year/world/1991/,True,en,/Users/cedricroetheli/Desktop/BA Cédric/Input/Code/boxoffice-analysis-pipeline/data/raw/subtitles/1991_One_Hundred_and_One_Dalmatians_1991_Re_release_imdb_unknown_667713.srt,Pongo and Perdita,non_human,Cruella de Vil,individual_civilian,the Dalmatian puppies,1,0,1,1,high,False,0,False,False,0,0,0,0.0,0.0,success,,
1992,1,Aladdin,300,812.0,tt0103639,Aladdin,1992-11-25,HIGH,346492782,217350219.0,129126076.0,62.7,37.3,1.0,1.0,1.6832403317204496,0.0,0.0,False,False,False,False,"In the boorish city of Agrabah, kind-hearted street urchin Aladdin and Princess Jasmine fall in love, although she can only marry a prince. He and power-hungry Grand Vizier Jafar vie for a magic lamp that can fulfill their wishes.",https://www.boxofficemojo.com/year/world/1992/,True,en,/Users/cedricroetheli/Desktop/BA Cédric/Input/Code/boxoffice-analysis-pipeline/data/raw/subtitles/1992_Aladdin_tt0103639_8223655.srt,Aladdin,individual_civilian,Jafar,individual_civilian,Princess Jasmine,0,0,0,0,medium,False,0,False,False,0,0,22,0.0,0.0,success,,
1992,2,Batman Returns,301,364.0,tt0103776,Batman Returns,1992-06-19,HIGH,266831698,162831698.0,104000000.0,61.0,39.0,3.0,2.0,1.5656894038461535,1.0,0.0,False,False,False,False,"The monstrous Penguin, who dwells in the sewers beneath Gotham, joins up with corrupt mayoral candidate Max Shreck to topple the Batman once and for all. But when Shreck's timid assistant Selina Kyle finds out, and Shreck tries to kill her, she's transformed into the sexy Catwoman. She teams up with the Penguin and Shreck to destroy Batman, but sparks fly unexpectedly when she confronts the caped crusader.",https://www.boxofficemojo.com/year/world/1992/,True,en,/Users/cedricroetheli/Desktop/BA Cédric/Input/Code/boxoffice-analysis-pipeline/data/raw/subtitles/1992_Batman_Returns_tt0103776_4972958.srt,Batman,individual_civilian,the Penguin and Max Shreck,collective_civilian,Batman,0,0,0,0,medium,True,1,True,True,1,1,19,0.0526315789473684,0.0526315789473684,success,,
1992,3,Home Alone 2: Lost in New York,302,772.0,tt0104431,Home Alone 2: Lost in New York,1992-11-15,HIGH,173661632,173585516.0,85.0,100.0,0.1,2.0,15.0,2042182.5411764707,-1.0,12.0,False,False,False,False,"Instead of flying to Florida with his folks, Kevin ends up alone in New York, where he gets a hotel room with his dad's credit card—despite problems from a clerk and meddling bellboy. But when Kevin runs into his old nemeses, the Wet Bandits, he's determined to foil their plans to rob a toy store on Christmas Eve.",https://www.boxofficemojo.com/year/world/1992/,True,en,/Users/cedricroetheli/Desktop/BA Cédric/Input/Code/boxoffice-analysis-pipeline/data/raw/subtitles/1992_Home_Alone_2_Lost_in_New_York_tt0104431_4617267.srt,Kevin,individual_civilian,the Wet Bandits,collective_civilian,the toy store,0,1,0,1,high,True,1,True,True,1,1,18,0.0555555555555555,0.0555555555555555,success,,
1992,4,Lethal Weapon 3,303,943.0,tt0104714,Lethal Weapon 3,1992-05-15,HIGH,144731527,144731527.0,,100.0,,4.0,,,0.0,,False,True,False,True,Riggs and Murtaugh pursue a former officer who uses his knowledge of police procedure and policies to steal and sell confiscated guns and ammunition to local street gangs.,https://www.boxofficemojo.com/year/world/1992/,True,en,/Users/cedricroetheli/Desktop/BA Cédric/Input/Code/boxoffice-analysis-pipeline/data/raw/subtitles/1992_Lethal_Weapon_3_tt0104714_448154.srt,Riggs and Murtaugh,state_military,a former police officer trafficking confiscated weapons,individual_civilian,the local community threatened by armed street gangs,1,1,0,2,high,True,2,False,True,0,2,14,0.0,0.1428571428571428,success,,
1992,5,A Few Good Men,304,881.0,tt0104257,A Few Good Men,1992-12-11,HIGH,141354048,141340178.0,13870.0,100.0,0.1,5.0,7.0,10190.351694304254,0.0,2.0,False,False,False,False,"When cocky military lawyer Lt. Daniel Kaffee and his co-counsel, Lt. Cmdr. JoAnne Galloway, are assigned to a murder case, they uncover a hazing ritual that could implicate high-ranking officials such as shady Col. Nathan Jessep.",https://www.boxofficemojo.com/year/world/1992/,True,en,/Users/cedricroetheli/Desktop/BA Cédric/Input/Code/boxoffice-analysis-pipeline/data/raw/subtitles/1992_A_Few_Good_Men_tt0104257_4662154.srt,Lt. Daniel Kaffee,state_military,Col. Nathan Jessep,state_military,the murdered serviceman and the accused Marines in the case,1,2,1,3,high,False,0,False,False,0,0,21,0.0,0.0,success,,
1992,6,Sister Act,305,2005.0,tt0105417,Sister Act,1992-05-28,HIGH,139607519,139605150.0,49.0,100.0,0.1,6.0,16.0,2849084.6938775512,0.0,10.0,False,False,False,False,"A Reno singer witnesses a mob murder and the cops stash her in a nunnery to protect her from the mob's hitmen. The mother superior does not trust her, and takes steps to limit her influence on the other nuns. Eventually the singer rescues the failing choir and begins helping with community projects, which gets her an interview on TV—and identification by the mob.",https://www.boxofficemojo.com/year/world/1992/,True,en,/Users/cedricroetheli/Desktop/BA Cédric/Input/Code/boxoffice-analysis-pipeline/data/raw/subtitles/1992_Sister_Act_tt0105417_1437495.srt,the Reno singer,individual_civilian,the mob and its hitmen,collective_civilian,the Reno singer,0,0,0,0,high,False,0,False,False,0,0,14,0.0,0.0,success,,
1992,7,The Bodyguard,306,619.0,tt0103855,The Bodyguard,1992-11-25,HIGH,121945747,121945720.0,,100.0,,7.0,,,0.0,,False,True,False,True,"A former Secret Service agent grudgingly takes an assignment to protect a pop idol who's threatened by a crazed fan. At first, the safety-obsessed bodyguard and the self-indulgent diva totally clash. But before long, all that tension sparks fireworks of another sort, and the love-averse tough guy is torn between duty and romance.",https://www.boxofficemojo.com/year/world/1992/,True,en,/Users/cedricroetheli/Desktop/BA Cédric/Input/Code/boxoffice-analysis-pipeline/data/raw/subtitles/1992_The_Bodyguard_tt0103855_460560.srt,the former Secret Service agent/bodyguard,individual_civilian,the crazed fan,individual_civilian,the pop idol,0,0,0,0,high,False,0,False,False,0,0,8,0.0,0.0,success,,
1992,8,Wayne's World,307,8872.0,tt0105793,Wayne's World,1992-02-14,HIGH,121704531,121697323.0,,100.0,,8.0,,,0.0,,False,True,False,True,"The adventures of two amiably aimless metal-head friends, Wayne and Garth. From Wayne's basement, the pair broadcast a talk-show called ""Wayne's World"" on local public access television. The show comes to the attention of a sleazy network executive who wants to produce a big-budget version of ""Wayne's World""—and he also wants Wayne's girlfriend, a rock singer named Cassandra. Wayne and Garth have to battle the executive not only to save their show, but also Cassandra.",https://www.boxofficemojo.com/year/world/1992/,True,en,/Users/cedricroetheli/Desktop/BA Cédric/Input/Code/boxoffice-analysis-pipeline/data/raw/subtitles/1992_Wayne_s_World_tt0105793_172961.srt,Wayne and Garth,collective_civilian,the sleazy network executive,corporate_institutional,Wayne's World and Cassandra,1,0,0,1,high,False,0,False,False,0,0,13,0.0,0.0,success,,
1992,9,Basic Instinct,308,402.0,tt0103772,Basic Instinct,1992-03-20,HIGH,117728463,117727224.0,,100.0,,9.0,,,0.0,,False,True,False,True,"Catherine, a novelist with an insatiable sexual appetite, becomes a prime suspect when her boyfriend is brutally murdered -- a crime she had described in her latest story.",https://www.boxofficemojo.com/year/world/1992/,True,en,/Users/cedricroetheli/Desktop/BA Cédric/Input/Code/boxoffice-analysis-pipeline/data/raw/subtitles/1992_Basic_Instinct_tt0103772_4476116.srt,Catherine,individual_civilian,the murderer of Catherine's boyfriend,individual_civilian,Catherine's boyfriend,0,0,0,0,medium,True,1,False,True,0,1,24,0.0,0.0416666666666666,success,,
1992,10,A League of Their Own,309,11287.0,tt0104694,A League of Their Own,1992-07-01,HIGH,107535423,107533928.0,,100.0,,10.0,,,0.0,,False,True,False,True,"As America's stock of athletic young men is depleted during World War II, a professional all-female baseball league springs up in the Midwest, funded by publicity-hungry candy maker Walter Harvey. Competitive sisters Dottie Hinson and Kit Keller spar with each other, scout Ernie Capadino and grumpy has-been coach Jimmy Dugan on their way to fame.",https://www.boxofficemojo.com/year/world/1992/,True,en,/Users/cedricroetheli/Desktop/BA Cédric/Input/Code/boxoffice-analysis-pipeline/data/raw/subtitles/1992_A_League_of_Their_Own_tt0104694_502447.srt,Dottie Hinson,individual_civilian,competitive pressures within the league and Dottie and Kit's rivalry,collective_civilian,the All-American Girls Professional Baseball League and its players,1,1,0,2,medium,True,1,True,True,1,1,8,0.125,0.125,success,,
1992,11,Unforgiven,310,33.0,tt0105695,Unforgiven,1992-08-07,HIGH,101157542,101157447.0,95.0,100.0,0.1,11.0,14.0,1064815.2315789473,0.0,3.0,False,False,False,False,"William Munny is a retired, once-ruthless killer turned gentle widower and hog farmer. To help support his two motherless children, he accepts one last bounty-hunter mission to find the men who brutalized a prostitute. Joined by his former partner and a cocky greenhorn, he takes on a corrupt sheriff.",https://www.boxofficemojo.com/year/world/1992/,True,en,/Users/cedricroetheli/Desktop/BA Cédric/Input/Code/boxoffice-analysis-pipeline/data/raw/subtitles/1992_Unforgiven_tt0105695_4614046.srt,William Munny,individual_civilian,the corrupt sheriff,state_military,the brutalized prostitute,0,1,0,1,high,False,0,False,False,0,0,15,0.0,0.0,success,,
1992,12,The Hand That Rocks the Cradle,311,11087.0,tt0104389,The Hand That Rocks the Cradle,1992-01-10,HIGH,88036718,88036683.0,35.0,100.0,0.1,12.0,17.0,2515333.8,0.0,5.0,False,False,False,False,"A suburban family chooses seemingly sweet Peyton Flanders as their newborn's nanny. Only much later does the infant's mother, Claire Bartel, realize Peyton's true intentions -- to destroy Claire and replace her in the family. The nail-biting suspense builds quickly in this chilling psychological thriller about deception and bitter revenge.",https://www.boxofficemojo.com/year/world/1992/,True,en,/Users/cedricroetheli/Desktop/BA Cédric/Input/Code/boxoffice-analysis-pipeline/data/raw/subtitles/1992_The_Hand_That_Rocks_the_Cradle_tt0104389_742154.srt,Claire Bartel,individual_civilian,Peyton Flanders,individual_civilian,the Bartel family,1,0,0,1,high,False,0,False,False,0,0,12,0.0,0.0,success,,
1992,13,Under Siege,312,8845.0,tt0105690,Under Siege,1992-10-08,HIGH,83563139,83563139.0,,100.0,,13.0,,,0.0,,False,True,False,True,"A disgruntled ex-CIA operative, his assistant and their assembled group of terrorists seize a battleship with nuclear blackmail in mind. They've planned for every contingency but ignore the ship's cook, former Navy SEAL Casey Ryback—an error that could be fatal.",https://www.boxofficemojo.com/year/world/1992/,True,en,/Users/cedricroetheli/Desktop/BA Cédric/Input/Code/boxoffice-analysis-pipeline/data/raw/subtitles/1992_Under_Siege_tt0105690_413349.srt,Casey Ryback,individual_civilian,a disgruntled ex-CIA operative and his terrorist group,collective_civilian,the battleship and its crew,1,1,0,2,high,True,2,True,True,1,2,11,0.0909090909090909,0.1818181818181818,success,,
1992,14,Patriot Games,313,9869.0,tt0105112,Patriot Games,1992-06-04,HIGH,83351587,83351587.0,,100.0,,14.0,,,0.0,,False,True,False,True,"When CIA Analyst Jack Ryan interferes with an IRA assassination, a renegade faction targets Jack and his family as revenge.",https://www.boxofficemojo.com/year/world/1992/,True,en,/Users/cedricroetheli/Desktop/BA Cédric/Input/Code/boxoffice-analysis-pipeline/data/raw/subtitles/1992_Patriot_Games_tt0105112_4611206.srt,Jack Ryan,individual_civilian,a renegade IRA faction,collective_civilian,Jack Ryan and his family,1,0,0,1,high,True,2,True,True,2,2,19,0.1052631578947368,0.1052631578947368,success,,
1992,15,Dracula,314,510840.0,tt0369623,Bloody Dracula,1992-01-01,MANUAL_ACCEPTED,82528813,82522790.0,,100.0,,15.0,,,0.0,,False,True,False,True,"On a stormy night, an evil ‘uncle’ rapes and murders his maid. Blood from her neck drips down to where Dracula is buried beneath, bringing him back to life…",https://www.boxofficemojo.com/year/world/1992/,True,en,/Users/cedricroetheli/Desktop/BA Cédric/Input/Code/boxoffice-analysis-pipeline/data/raw/subtitles/1992_Dracula_tt0369623_7268205.srt,,none,Dracula,non_human,the maid,0,,0,,low,False,0,False,False,0,0,0,0.0,0.0,success_with_warnings,hero_actor unresolved (none) | hero_victim_distance unresolved (none),
1992,16,White Men Can't Jump,315,10158.0,tt0105812,White Men Can't Jump,1992-03-27,HIGH,76253806,76253806.0,,100.0,,16.0,,,0.0,,False,True,False,True,"Two street basketball hustlers try to con each other, then team up for a bigger score.",https://www.boxofficemojo.com/year/world/1992/,True,en,/Users/cedricroetheli/Desktop/BA Cédric/Input/Code/boxoffice-analysis-pipeline/data/raw/subtitles/1992_White_Men_Can_t_Jump_tt0105812_5062471.srt,Two street basketball hustlers,collective_civilian,each other and opposing hustlers,collective_civilian,the two hustlers,0,0,0,0,medium,False,0,False,False,0,0,14,0.0,0.0,success,,
1992,17,The Last of the Mohicans,316,9361.0,tt0104691,The Last of the Mohicans,1992-08-26,HIGH,75506801,75505856.0,,100.0,,17.0,,,0.0,,False,True,False,True,"In war-torn colonial America, in the midst of a bloody battle between British, the French and Native American allies, the aristocratic daughter of a British Colonel and her party are captured by a group of Huron warriors. Fortunately, a group of three Mohican trappers comes to their rescue.",https://www.boxofficemojo.com/year/world/1992/,True,en,/Users/cedricroetheli/Desktop/BA Cédric/Input/Code/boxoffice-analysis-pipeline/data/raw/subtitles/1992_The_Last_of_the_Mohicans_tt0104691_10603448.srt,the three Mohican trappers,collective_civilian,the Huron warriors,collective_civilian,the aristocratic daughter of a British Colonel and her party,1,1,0,2,high,True,1,True,True,1,1,14,0.0714285714285714,0.0714285714285714,success,,
1992,18,Boomerang,317,11066.0,tt0103859,Boomerang,1992-06-28,HIGH,70052444,70052444.0,,100.0,,18.0,,,0.0,,False,True,False,True,"Marcus is a successful advertising executive who woos and beds women almost at will. After a company merger he finds that his new boss, the ravishing Jacqueline, is treating him in exactly the same way. Completely traumatised by this, his work goes badly downhill.",https://www.boxofficemojo.com/year/world/1992/,True,en,/Users/cedricroetheli/Desktop/BA Cédric/Input/Code/boxoffice-analysis-pipeline/data/raw/subtitles/1992_Boomerang_tt0103859_730090.srt,Marcus,individual_civilian,Jacqueline,individual_civilian,Marcus,0,0,0,0,high,False,0,False,False,0,0,7,0.0,0.0,success,,
1992,19,Scent of a Woman,318,9475.0,tt0105323,Scent of a Woman,1992-12-23,HIGH,63095253,63095253.0,,100.0,,19.0,,,0.0,,False,True,False,True,"Charlie Simms is a student at a private preparatory school who comes from a poor family. To earn the money for his flight home to Gresham, Oregon for Christmas, Charlie takes a job over Thanksgiving looking after retired U.S. Army officer Lieutenant Colonel Frank Slade, a cantankerous middle-aged man who lives with his niece and her family.",https://www.boxofficemojo.com/year/world/1992/,True,en,/Users/cedricroetheli/Desktop/BA Cédric/Input/Code/boxoffice-analysis-pipeline/data/raw/subtitles/1992_Scent_of_a_Woman_tt0105323_618778.srt,Charlie Simms,individual_civilian,Lieutenant Colonel Frank Slade,individual_civilian,Charlie Simms,0,0,0,0,medium,False,0,False,False,0,0,20,0.0,0.0,success,,
1992,20,The Crying Game,319,11386.0,tt0104036,The Crying Game,1992-09-02,HIGH,62549086,62548947.0,139.0,100.0,0.1,20.0,13.0,449992.4244604317,0.0,-7.0,False,False,False,False,"Irish Republican Army member Fergus forms an unexpected bond with Jody, a kidnapped British soldier in his custody, despite the warnings of fellow IRA members Jude and Maguire. Jody makes Fergus promise he'll visit his girlfriend, Dil, in London, and when Fergus flees to the city, he seeks her out. Hounded by his former IRA colleagues, he finds himself increasingly drawn to the enigmatic, and surprising, Dil.",https://www.boxofficemojo.com/year/world/1992/,True,en,/Users/cedricroetheli/Desktop/BA Cédric/Input/Code/boxoffice-analysis-pipeline/data/raw/subtitles/1992_The_Crying_Game_tt0104036_577189.srt,Fergus,individual_civilian,Jude and Maguire / Fergus's former IRA colleagues,collective_civilian,Dil,0,1,1,1,medium,True,2,False,True,0,2,18,0.0,0.1111111111111111,success,,
1993,1,Jurassic Park,320,329.0,tt0107290,Jurassic Park,1993-06-11,HIGH,978167947,357067947.0,621100000.0,36.5,63.5,1.0,1.0,0.5748960666559331,0.0,0.0,False,False,False,False,"A wealthy entrepreneur secretly creates a theme park featuring living dinosaurs drawn from prehistoric DNA. Before opening day, he invites a team of experts and his two eager grandchildren to experience the park and help calm anxious investors. However, the park is anything but amusing as the security systems go off-line and the dinosaurs escape.",https://www.boxofficemojo.com/year/world/1993/,True,en,/Users/cedricroetheli/Desktop/BA Cédric/Input/Code/boxoffice-analysis-pipeline/data/raw/subtitles/1993_Jurassic_Park_tt0107290_8187344.srt,the team of experts,collective_civilian,the escaped dinosaurs,non_human,the park visitors and staff,1,1,0,2,medium,False,0,False,False,0,0,11,0.0,0.0,success,,
1993,2,Mrs. Doubtfire,321,788.0,tt0107614,Mrs. Doubtfire,1993-11-24,HIGH,219197820,219195243.0,,100.0,,2.0,,,0.0,,False,True,False,True,"Loving but irresponsible dad Daniel Hillard, estranged from his exasperated spouse, is crushed by a court order allowing only weekly visits with his kids. When Daniel learns his ex needs a housekeeper, he gets the job -- disguised as a British nanny. Soon he becomes not only his children's best pal but the kind of parent he should have been from the start.",https://www.boxofficemojo.com/year/world/1993/,True,en,/Users/cedricroetheli/Desktop/BA Cédric/Input/Code/boxoffice-analysis-pipeline/data/raw/subtitles/1993_Mrs_Doubtfire_tt0107614_4520970.srt,Daniel Hillard,individual_civilian,the custody order and Daniel's family situation,corporate_institutional,Daniel's relationship with his children,1,0,0,1,medium,False,0,False,False,0,0,15,0.0,0.0,success,,
1993,3,The Fugitive,322,5503.0,tt0106977,The Fugitive,1993-08-06,HIGH,183875799,183875760.0,39.0,100.0,0.1,3.0,14.0,4714763.076923077,0.0,11.0,False,False,False,False,"Wrongfully convicted of murdering his wife and sentenced to death, Richard Kimble escapes from the law in an attempt to find the real killer and clear his name.",https://www.boxofficemojo.com/year/world/1993/,True,en,/Users/cedricroetheli/Desktop/BA Cédric/Input/Code/boxoffice-analysis-pipeline/data/raw/subtitles/1993_The_Fugitive_tt0106977_5141246.srt,Richard Kimble,individual_civilian,the real killer,individual_civilian,Richard Kimble,0,0,0,0,medium,False,0,False,False,0,0,25,0.0,0.0,success,,
1993,4,The Firm,323,37233.0,tt0106918,The Firm,1993-06-30,HIGH,158348367,158348367.0,,100.0,,4.0,,,0.0,,False,True,False,True,"Mitch McDeere is a young man with a promising future in Law. About to sit his Bar exam, he is approached by 'The Firm' and made an offer he doesn't refuse. Seduced by the money and gifts showered on him, he is totally oblivious to the more sinister side of his company. Then, two Associates are murdered. The FBI contact him, asking him for information and suddenly his life is ruined. He has a choice - work with the FBI, or stay with the Firm. Either way he will lose his life as he knows it. Mitch figures the only way out is to follow his own plan...",https://www.boxofficemojo.com/year/world/1993/,True,en,/Users/cedricroetheli/Desktop/BA Cédric/Input/Code/boxoffice-analysis-pipeline/data/raw/subtitles/1993_The_Firm_tt0106918_4511650.srt,Mitch McDeere,individual_civilian,The Firm,corporate_institutional,Mitch McDeere,0,0,1,0,high,True,1,True,True,1,1,15,0.0666666666666666,0.0666666666666666,success,,
1993,5,Sleepless in Seattle,324,858.0,tt0108160,Sleepless in Seattle,1993-06-24,HIGH,126761846,126680884.0,78580.0,99.9,0.1,5.0,6.0,1612.1262916772716,0.0,1.0,False,False,False,False,"After the death of his mother, a young boy calls a radio station in an attempt to set his father up on a date. Across the country, an engaged woman becomes convinced that they belong together, despite their never having met. Will their paths collide despite the odds?",https://www.boxofficemojo.com/year/world/1993/,True,en,/Users/cedricroetheli/Desktop/BA Cédric/Input/Code/boxoffice-analysis-pipeline/data/raw/subtitles/1993_Sleepless_in_Seattle_tt0108160_472082.srt,Annie Reed,individual_civilian,distance and romantic circumstance,none,Annie Reed and Sam Baldwin's potential relationship,0,3,2,3,medium,False,0,False,False,0,0,24,0.0,0.0,success_with_warnings,villain_actor unresolved (none),
1993,6,Indecent Proposal,325,4478.0,tt0107211,Indecent Proposal,1993-04-07,HIGH,106614059,106614059.0,,100.0,,6.0,,,0.0,,False,True,False,True,John Gage offers a down-on-his-luck yuppie husband $1 million for the opportunity to spend the night with the man's wife.,https://www.boxofficemojo.com/year/world/1993/,True,en,/Users/cedricroetheli/Desktop/BA Cédric/Input/Code/boxoffice-analysis-pipeline/data/raw/subtitles/1993_Indecent_Proposal_tt0107211_10697851.srt,the down-on-his-luck husband,individual_civilian,John Gage,individual_civilian,the wife,0,0,0,0,medium,False,0,False,False,0,0,7,0.0,0.0,success,,
1993,7,In the Line of Fire,326,9386.0,tt0107206,In the Line of Fire,1993-07-08,HIGH,102314823,102314823.0,,100.0,,7.0,,,0.0,,False,True,False,True,"Veteran Secret Service agent Frank Horrigan is a man haunted by his failure to save President Kennedy while serving protection detail in Dallas. Thirty years later, a man calling himself ""Booth"" threatens the life of the current President, forcing Horrigan to come back to protection detail to confront the ghosts from his past.",https://www.boxofficemojo.com/year/world/1993/,True,en,/Users/cedricroetheli/Desktop/BA Cédric/Input/Code/boxoffice-analysis-pipeline/data/raw/subtitles/1993_In_the_Line_of_Fire_tt0107206_226834.srt,Frank Horrigan,state_military,"""Booth""",individual_civilian,the current President,0,1,1,1,high,True,2,True,True,2,2,15,0.1333333333333333,0.1333333333333333,success,,
1993,8,The Pelican Brief,327,9944.0,tt0107798,The Pelican Brief,1993-09-17,HIGH,100768056,100768056.0,,100.0,,8.0,,,0.0,,False,True,False,True,"A law student's theory about the recent deaths of two Supreme Court justices embroils her in a far-reaching web of murder, corruption, and greed.",https://www.boxofficemojo.com/year/world/1993/,True,en,/Users/cedricroetheli/Desktop/BA Cédric/Input/Code/boxoffice-analysis-pipeline/data/raw/subtitles/1993_The_Pelican_Brief_tt0107798_339301.srt,a law student,individual_civilian,a corrupt murder-and-corruption network,collective_civilian,the law student,0,0,1,0,medium,True,2,True,True,2,2,7,0.2857142857142857,0.2857142857142857,success,,
1993,9,Schindler's List,328,424.0,tt0108052,Schindler's List,1993-12-15,HIGH,96065768,96065768.0,,100.0,,9.0,,,0.0,,False,True,False,True,The true story of how businessman Oskar Schindler saved over a thousand Jewish lives from the Nazis while they worked as slaves in his factory during World War II.,https://www.boxofficemojo.com/year/world/1993/,True,en,/Users/cedricroetheli/Desktop/BA Cédric/Input/Code/boxoffice-analysis-pipeline/data/raw/subtitles/1993_Schindler_s_List_tt0108052_4494219.srt,Oskar Schindler,individual_civilian,the Nazis,state_military,Jewish workers saved by Schindler,1,0,1,1,high,True,1,True,True,1,1,26,0.0384615384615384,0.0384615384615384,success,,
1993,10,Cliffhanger,329,9350.0,tt0106582,Cliffhanger,1993-05-28,HIGH,84093147,84049211.0,43936.0,99.9,0.1,10.0,7.0,1912.9918745447924,0.0,-3.0,False,False,False,False,"A year after losing his friend in a tragic 4,000-foot fall, former ranger Gabe Walker and his partner, Hal, are called to return to the same peak to rescue a group of stranded climbers, only to learn the climbers are actually thieving hijackers who are looking for boxes full of money.",https://www.boxofficemojo.com/year/world/1993/,True,en,/Users/cedricroetheli/Desktop/BA Cédric/Input/Code/boxoffice-analysis-pipeline/data/raw/subtitles/1993_Cliffhanger_tt0106582_551387.srt,Gabe Walker,individual_civilian,thieving hijackers,collective_civilian,Gabe Walker and Hal,1,0,0,1,medium,False,0,False,False,0,0,10,0.0,0.0,success,,
1993,11,Free Willy,330,1634.0,tt0106965,Free Willy,1993-07-16,HIGH,77698625,77698625.0,,100.0,,11.0,,,0.0,,False,True,False,True,"When maladjusted orphan Jesse vandalizes a theme park, he is placed with foster parents and must work at the park to make amends. There he meets Willy, a young Orca whale who has been separated from his family. Sensing kinship, they form a bond and, with the help of kindly whale trainer Rae Lindley, develop a routine of tricks. However, greedy park owner Dial soon catches wind of the duo and makes plans to profit from them.",https://www.boxofficemojo.com/year/world/1993/,True,en,/Users/cedricroetheli/Desktop/BA Cédric/Input/Code/boxoffice-analysis-pipeline/data/raw/subtitles/1993_Free_Willy_tt0106965_360959.srt,Jesse,individual_civilian,Dial,corporate_institutional,Willy,0,0,0,0,high,False,0,False,False,0,0,12,0.0,0.0,success,,
1993,12,Philadelphia,331,9800.0,tt0107818,Philadelphia,1993-12-22,HIGH,77446440,77446440.0,,100.0,,12.0,,,0.0,,False,True,False,True,"Two competing lawyers join forces to sue a prestigious law firm for AIDS discrimination. As their unlikely friendship develops, their courage overcomes the prejudice and corruption of their powerful adversaries.",https://www.boxofficemojo.com/year/world/1993/,True,en,/Users/cedricroetheli/Desktop/BA Cédric/Input/Code/boxoffice-analysis-pipeline/data/raw/subtitles/1993_Philadelphia_tt0107818_332316.srt,Two competing lawyers,collective_civilian,a prestigious law firm,corporate_institutional,the lawyer facing AIDS discrimination,0,0,0,0,medium,True,3,True,True,3,3,17,0.1764705882352941,0.1764705882352941,success,,
1993,13,Groundhog Day,332,137.0,tt0107048,Groundhog Day,1993-02-11,HIGH,70907146,70906973.0,,100.0,,13.0,,,0.0,,False,True,False,True,"A cynical TV weatherman, along with his idealistic producer and his sardonic cameraman, is sent to report on Groundhog Day in the small town of Punxsutawney, where he finds himself repeating the same day over and over.",https://www.boxofficemojo.com/year/world/1993/,True,en,/Users/cedricroetheli/Desktop/BA Cédric/Input/Code/boxoffice-analysis-pipeline/data/raw/subtitles/1993_Groundhog_Day_tt0107048_11165684.srt,Phil Connors,individual_civilian,the time loop,non_human,Phil Connors,0,0,0,0,high,False,0,False,False,0,0,19,0.0,0.0,success,,
1993,14,Grumpy Old Men,333,11520.0,tt0107050,Grumpy Old Men,1993-12-25,HIGH,70172621,70172621.0,,100.0,,14.0,,,0.0,,False,True,False,True,"For decades, next-door neighbors and former friends John and Max have feuded, trading insults and wicked pranks. When an attractive widow moves in nearby, their bad blood erupts into a high-stakes rivalry full of naughty jokes and adolescent hijinks.",https://www.boxofficemojo.com/year/world/1993/,True,en,/Users/cedricroetheli/Desktop/BA Cédric/Input/Code/boxoffice-analysis-pipeline/data/raw/subtitles/1993_Grumpy_Old_Men_tt0107050_4563362.srt,John and Max,collective_civilian,their mutual rivalry,collective_civilian,John and Max,0,0,0,0,medium,False,0,False,False,0,0,9,0.0,0.0,success,,
1993,15,Cool Runnings,334,864.0,tt0106611,Cool Runnings,1993-10-01,HIGH,68863508,68856263.0,,100.0,,15.0,,,0.0,,False,True,False,True,"When a Jamaican sprinter is disqualified from the Olympic Games, he enlists the help of a dishonored coach to start the first Jamaican bobsled team.",https://www.boxofficemojo.com/year/world/1993/,True,en,/Users/cedricroetheli/Desktop/BA Cédric/Input/Code/boxoffice-analysis-pipeline/data/raw/subtitles/1993_Cool_Runnings_tt0106611_584736.srt,a Jamaican sprinter and the first Jamaican bobsled team,collective_civilian,Olympic disqualification and the barriers to forming a Jamaican bobsled team,corporate_institutional,the Jamaican bobsled team,1,0,2,1,medium,False,0,False,False,0,0,16,0.0,0.0,success,,
1993,16,Dave,335,11566.0,tt0106673,Dave,1993-05-07,HIGH,63270710,63270710.0,,100.0,,16.0,,,0.0,,False,True,False,True,A sweet-natured Temp Agency operator and amateur Presidential look-alike is recruited by the Secret Service to become a temporary stand-in for the President of the United States.,https://www.boxofficemojo.com/year/world/1993/,True,en,/Users/cedricroetheli/Desktop/BA Cédric/Input/Code/boxoffice-analysis-pipeline/data/raw/subtitles/1993_Dave_tt0106673_440069.srt,Dave Kovic,individual_civilian,the Secret Service/presidential handlers,state_military,the President of the United States,0,3,1,3,low,True,1,True,True,1,1,12,0.0833333333333333,0.0833333333333333,success,,
1993,17,Rising Sun,336,7007.0,tt0107969,Rising Sun,1993-07-30,HIGH,63179523,63179523.0,,100.0,,17.0,,,0.0,,False,True,False,True,"When a prostitute is found dead in a Los Angeles skyscraper occupied by a large Japanese corporation, detectives John Connor and Web Smith are called in to investigate. Although Connor has previous experience working in Japan, cultural differences make their progress difficult until a security disc showing the murder turns up. Close scrutiny proves the disc has been doctored, and the detectives realize they're dealing with a cover-up as well.",https://www.boxofficemojo.com/year/world/1993/,True,en,/Users/cedricroetheli/Desktop/BA Cédric/Input/Code/boxoffice-analysis-pipeline/data/raw/subtitles/1993_Rising_Sun_tt0107969_572342.srt,Detectives John Connor and Web Smith,state_military,the corporate cover-up within the Japanese corporation,corporate_institutional,the murdered prostitute,0,1,0,1,high,True,2,True,True,1,2,17,0.0588235294117647,0.1176470588235294,success,,
1993,18,Demolition Man,337,9739.0,tt0106697,Demolition Man,1993-10-08,HIGH,58055768,58055768.0,,100.0,,18.0,,,0.0,,False,True,False,True,"In 1996, brash L.A. detective John Spartan and maniac killer Simon Phoenix are both sentenced to decades in a cryogenic prison as punishment for a rescue mission gone wrong. When Phoenix escapes 36 years later to wreak havoc on the future, Spartan is awakened to capture his nemesis the old-fashioned way.",https://www.boxofficemojo.com/year/world/1993/,True,en,/Users/cedricroetheli/Desktop/BA Cédric/Input/Code/boxoffice-analysis-pipeline/data/raw/subtitles/1993_Demolition_Man_tt0106697_352191.srt,John Spartan,individual_civilian,Simon Phoenix,individual_civilian,future Los Angeles / its citizens,2,1,0,3,high,True,3,True,True,2,3,26,0.0769230769230769,0.1153846153846153,success,,
1993,19,Sister Act 2: Back in the Habit,338,6279.0,tt0108147,Sister Act 2: Back in the Habit,1993-12-09,HIGH,57319029,57319029.0,,100.0,,19.0,,,0.0,,False,True,False,True,"Deloris Van Cartier is again asked to don the nun's habit to help a run-down Catholic school, presided over by Mother Superior. And if trying to reach out to a class full of uninterested students wasn't bad enough, the sisters discover that the school is due to be closed by the unscrupulous chief of a local authority.",https://www.boxofficemojo.com/year/world/1993/,True,en,/Users/cedricroetheli/Desktop/BA Cédric/Input/Code/boxoffice-analysis-pipeline/data/raw/subtitles/1993_Sister_Act_2_Back_in_the_Habit_tt0108147_4877365.srt,Deloris Van Cartier,individual_civilian,the unscrupulous chief of a local authority,corporate_institutional,the Catholic school and its students,1,1,0,2,high,False,0,False,False,0,0,14,0.0,0.0,success,,
1993,20,Tombstone,339,11969.0,tt0108358,Tombstone,1993-12-25,HIGH,56506116,56505065.0,,100.0,,20.0,,,0.0,,False,True,False,True,"Legendary marshal Wyatt Earp, now a weary gunfighter, joins his brothers Morgan and Virgil to pursue their collective fortune in the thriving mining town of Tombstone. But Earp is forced to don a badge again and get help from his notorious pal Doc Holliday when a gang of renegade brigands and rustlers begins terrorizing the town.",https://www.boxofficemojo.com/year/world/1993/,True,en,/Users/cedricroetheli/Desktop/BA Cédric/Input/Code/boxoffice-analysis-pipeline/data/raw/subtitles/1993_Tombstone_tt0108358_349515.srt,Wyatt Earp,individual_civilian,a gang of renegade brigands and rustlers,collective_civilian,the town of Tombstone,1,1,0,2,high,False,0,False,False,0,0,13,0.0,0.0,success,,
1994,1,The Lion King,340,8587.0,tt0110357,The Lion King,1994-06-15,HIGH,771055561,312855561.0,458200000.0,40.6,59.4,2.0,1.0,0.6827925818419904,1.0,0.0,False,False,False,False,"Young lion prince Simba, eager to one day become king of the Pride Lands, grows up under the watchful eye of his father Mufasa; all the while his villainous uncle Scar conspires to take the throne for himself. Amid betrayal and tragedy, Simba must confront his past and find his rightful place in the Circle of Life.",https://www.boxofficemojo.com/year/world/1994/,True,en,/Users/cedricroetheli/Desktop/BA Cédric/Input/Code/boxoffice-analysis-pipeline/data/raw/subtitles/1994_The_Lion_King_tt0110357_361588.srt,Simba,non_human,Scar,non_human,the Pride Lands,2,1,0,3,high,True,1,True,True,1,1,22,0.0454545454545454,0.0454545454545454,success,,
1994,2,Forrest Gump,341,13.0,tt0109830,Forrest Gump,1994-06-23,HIGH,329834193,329694499.0,137862.0,100.0,0.1,1.0,10.0,2391.4820545182865,-1.0,8.0,False,False,False,False,"A man with a low IQ has accomplished great things in his life and been present during significant historic events—in each case, far exceeding what anyone imagined he could do. But despite all he has achieved, his one true love eludes him.",https://www.boxofficemojo.com/year/world/1994/,True,en,/Users/cedricroetheli/Desktop/BA Cédric/Input/Code/boxoffice-analysis-pipeline/data/raw/subtitles/1994_Forrest_Gump_tt0109830_6609659.srt,Forrest Gump,individual_civilian,Forrest's inability to attain his love with Jenny,none,Forrest Gump,0,0,0,0,medium,True,1,False,True,0,1,33,0.0,0.0303030303030303,success_with_warnings,villain_actor unresolved (none),
1994,3,True Lies,342,36955.0,tt0111503,True Lies,1994-07-15,HIGH,146285082,146282411.0,,100.0,,3.0,,,0.0,,False,True,False,True,"A fearless, globe-trotting, terrorist-battling secret agent has his life turned upside down when he discovers his wife might be having an affair with a used car salesman while terrorists smuggle nuclear war heads into the United States.",https://www.boxofficemojo.com/year/world/1994/,True,en,/Users/cedricroetheli/Desktop/BA Cédric/Input/Code/boxoffice-analysis-pipeline/data/raw/subtitles/1994_True_Lies_tt0111503_5269323.srt,the secret agent,state_military,terrorists smuggling nuclear warheads into the United States,collective_civilian,the United States,2,2,2,4,high,True,2,True,True,1,2,16,0.0625,0.125,success,,
1994,4,The Santa Clause,343,11395.0,tt0111070,The Santa Clause,1994-11-11,HIGH,144836420,144833357.0,165.0,100.0,0.1,4.0,25.0,877777.9212121213,0.0,21.0,False,False,False,False,"On Christmas Eve, divorced dad Scott Calvin and his son discover Santa Claus has fallen off their roof. When Scott takes the reins of the magical sleigh, he finds he is now the new Santa, and must convince a world of disbelievers, including himself.",https://www.boxofficemojo.com/year/world/1994/,True,en,/Users/cedricroetheli/Desktop/BA Cédric/Input/Code/boxoffice-analysis-pipeline/data/raw/subtitles/1994_The_Santa_Clause_tt0111070_1454091.srt,Scott Calvin,individual_civilian,disbelief and Scott's resistance to becoming Santa,collective_civilian,Scott Calvin and his son,0,0,0,0,medium,False,0,False,False,0,0,14,0.0,0.0,success,,
1994,5,The Flintstones,344,888.0,tt0109813,The Flintstones,1994-05-27,HIGH,130531208,130531208.0,,100.0,,5.0,,,0.0,,False,True,False,True,Modern Stone Age family the Flintstones hit the big screen in this live-action version of the classic cartoon. Fred helps Barney adopt a child. Barney sees an opportunity to repay him when Slate Mining tests its employees to find a new executive. But no good deed goes unpunished.,https://www.boxofficemojo.com/year/world/1994/,True,en,/Users/cedricroetheli/Desktop/BA Cédric/Input/Code/boxoffice-analysis-pipeline/data/raw/subtitles/1994_The_Flintstones_tt0109813_4656514.srt,Fred Flintstone,individual_civilian,Slate Mining,corporate_institutional,Fred Flintstone and his family,0,0,0,0,medium,False,0,False,False,0,0,13,0.0,0.0,success,,
1994,6,Dumb and Dumber,345,8467.0,tt0109686,Dumb and Dumber,1994-12-16,HIGH,127176610,127175374.0,294.0,100.0,0.1,6.0,23.0,432569.2993197278,0.0,17.0,False,False,False,False,"Lloyd and Harry are two men whose stupidity is really indescribable. When Mary, a beautiful woman, loses an important suitcase with money before she leaves for Aspen, the two friends (who have found the suitcase) decide to return it to her. After some ""adventures"" they finally get to Aspen where, using the lost money they live it up and fight for Mary's heart.",https://www.boxofficemojo.com/year/world/1994/,True,en,/Users/cedricroetheli/Desktop/BA Cédric/Input/Code/boxoffice-analysis-pipeline/data/raw/subtitles/1994_Dumb_and_Dumber_tt0109686_383303.srt,Lloyd and Harry,collective_civilian,,none,Mary,0,3,0,3,medium,False,0,False,False,0,0,20,0.0,0.0,success_with_warnings,villain_actor unresolved (none),
1994,7,Clear and Present Danger,346,9331.0,tt0109444,Clear and Present Danger,1994-08-03,HIGH,122187717,122187717.0,,100.0,,7.0,,,0.0,,False,True,False,True,"Agent Jack Ryan becomes acting Deputy Director of Intelligence for the CIA when Admiral Greer is diagnosed with cancer. When an American businessman, and friend of the president, is murdered on his yacht, Ryan starts discovering links between the man and drug dealers. As former CIA agent John Clark is sent to Colombia to kill drug cartel kingpins in retaliation, Ryan must fight through multiple cover-ups to figure out what happened and who's responsible.",https://www.boxofficemojo.com/year/world/1994/,True,en,/Users/cedricroetheli/Desktop/BA Cédric/Input/Code/boxoffice-analysis-pipeline/data/raw/subtitles/1994_Clear_and_Present_Danger_tt0109444_632505.srt,Jack Ryan,state_military,drug cartel kingpins and the cover-up behind the operation,collective_civilian,American interests targeted by the cartel and covert retaliation,2,2,2,4,medium,True,4,True,True,1,4,30,0.0333333333333333,0.1333333333333333,success,,
1994,8,Speed,347,1637.0,tt0111257,Speed,1994-06-09,HIGH,121255214,121248145.0,,100.0,,8.0,,,0.0,,False,True,False,True,Tensions run high when a crazed bomber rigs a Los Angeles bus with a device that will kill everyone on board if the vehicle's speed dips below fifty miles per hour.,https://www.boxofficemojo.com/year/world/1994/,True,en,/Users/cedricroetheli/Desktop/BA Cédric/Input/Code/boxoffice-analysis-pipeline/data/raw/subtitles/1994_Speed_tt0111257_536981.srt,the Los Angeles authorities responding to the bomber,state_military,a crazed bomber,individual_civilian,everyone on board the Los Angeles bus,1,1,0,2,medium,False,0,False,False,0,0,22,0.0,0.0,success,,
1994,9,The Mask,348,854.0,tt0110475,The Mask,1994-07-29,HIGH,119966538,119938730.0,27346.0,100.0,0.1,9.0,12.0,4385.969794485482,0.0,3.0,False,False,False,False,"Stanley Ipkiss, an insecure banker who has lost his zest for life stumbles upon an ancient mask, that turns him into a confident suave cartoon-like character who upsets his ordinary life.",https://www.boxofficemojo.com/year/world/1994/,True,en,/Users/cedricroetheli/Desktop/BA Cédric/Input/Code/boxoffice-analysis-pipeline/data/raw/subtitles/1994_The_Mask_tt0110475_4609987.srt,Stanley Ipkiss,individual_civilian,the ancient mask,non_human,Stanley Ipkiss,0,0,0,0,medium,True,1,True,True,1,1,16,0.0625,0.0625,success,,
1994,10,Pulp Fiction,349,680.0,tt0110912,Pulp Fiction,1994-09-10,HIGH,108170489,107928762.0,241727.0,99.8,0.2,10.0,9.0,446.4903051789829,0.0,-1.0,False,False,False,False,"A burger-loving hit man, his philosophical partner, a drug-addled gangster's moll and a washed-up boxer converge in this sprawling, comedic crime caper. Their adventures unfurl in three stories that ingeniously trip back and forth in time.",https://www.boxofficemojo.com/year/world/1994/,True,en,/Users/cedricroetheli/Desktop/BA Cédric/Input/Code/boxoffice-analysis-pipeline/data/raw/subtitles/1994_Pulp_Fiction_tt0110912_6704445.srt,multiple intersecting protagonists,collective_civilian,the criminal underworld and its violent entanglements,collective_civilian,the intersecting criminal characters themselves,1,0,0,1,medium,False,0,False,False,0,0,12,0.0,0.0,success,,
1994,11,Interview with the Vampire,350,628.0,tt0110148,Interview with the Vampire,1994-11-11,HIGH,105301196,105264608.0,31354.0,100.0,0.1,11.0,11.0,3357.2943803023536,0.0,0.0,False,False,False,False,"A vampire relates his epic life story of love, betrayal, loneliness, and dark hunger to an over-curious reporter.",https://www.boxofficemojo.com/year/world/1994/,True,en,/Users/cedricroetheli/Desktop/BA Cédric/Input/Code/boxoffice-analysis-pipeline/data/raw/subtitles/1994_Interview_with_the_Vampire_tt0110148_384197.srt,Louis,non_human,Lestat,non_human,Louis,0,0,0,0,medium,False,0,False,False,0,0,16,0.0,0.0,success,,
1994,12,Maverick,351,9359.0,tt0110478,Maverick,1994-05-20,HIGH,101631272,101631272.0,,100.0,,12.0,,,0.0,,False,True,False,True,"Bret Maverick is a gambler who would rather con someone than fight them, and needs an additional $3k in order to enter a winner-takes-all poker game beginning in a few days. He joins forces with a woman with a marvelous Southern accent, and the two try and enter the game.",https://www.boxofficemojo.com/year/world/1994/,True,en,/Users/cedricroetheli/Desktop/BA Cédric/Input/Code/boxoffice-analysis-pipeline/data/raw/subtitles/1994_Maverick_tt0110478_544555.srt,Bret Maverick,individual_civilian,the financial obstacle to entering the poker game,none,Bret Maverick,0,0,0,0,medium,False,0,False,False,0,0,15,0.0,0.0,success_with_warnings,villain_actor unresolved (none),
1994,13,Street Fighter,352,11667.0,tt0111301,Street Fighter,1994-12-23,HIGH,99431786,33423521.0,66008265.0,33.6,66.4,42.0,2.0,0.5063535755711803,29.0,-11.0,False,False,False,False,Colonel Guile and various other martial arts heroes fight against the tyranny of dictator M. Bison and his cohorts.,https://www.boxofficemojo.com/year/world/1994/,True,en,/Users/cedricroetheli/Desktop/BA Cédric/Input/Code/boxoffice-analysis-pipeline/data/raw/subtitles/1994_Street_Fighter_tt0111301_524427.srt,Colonel Guile and various other martial arts heroes,state_military,M. Bison and his cohorts,state_military,people under M. Bison's tyranny,2,2,1,4,medium,True,2,True,True,1,2,9,0.1111111111111111,0.2222222222222222,success,,
1994,14,The Client,353,10731.0,tt0109446,The Client,1994-07-20,HIGH,92115211,92115211.0,,100.0,,13.0,,,-1.0,,False,True,False,True,"A street-wise kid, Mark Sway, sees the suicide of Jerome Clifford, a prominent Louisiana lawyer, whose current client is Barry 'The Blade' Muldano, a Mafia hit-man. Before Jerome shoots himself, he tells Mark where the body of a Senator is buried. Clifford shoots himself and Mark is found at the scene, and both the FBI and the Mafia quickly realize that Mark probably knows more than he says.",https://www.boxofficemojo.com/year/world/1994/,True,en,/Users/cedricroetheli/Desktop/BA Cédric/Input/Code/boxoffice-analysis-pipeline/data/raw/subtitles/1994_The_Client_tt0109446_478342.srt,Mark Sway,individual_civilian,Barry 'The Blade' Muldano and the Mafia,collective_civilian,Mark Sway,0,0,0,0,high,False,0,False,False,0,0,16,0.0,0.0,success,,
1994,15,Disclosure,354,8984.0,tt0109635,Disclosure,1994-12-09,HIGH,83015089,83015089.0,,100.0,,14.0,,,-1.0,,False,True,False,True,"A computer specialist is sued for sexual harassment by a former lover turned boss who initiated the act forcefully, which threatens both his career and his personal life.",https://www.boxofficemojo.com/year/world/1994/,True,en,/Users/cedricroetheli/Desktop/BA Cédric/Input/Code/boxoffice-analysis-pipeline/data/raw/subtitles/1994_Disclosure_tt0109635_400239.srt,the computer specialist,individual_civilian,the former lover turned boss,corporate_institutional,the computer specialist and his personal life,0,0,0,0,medium,False,0,False,False,0,0,8,0.0,0.0,success,,
1994,16,Star Trek: Generations,355,193.0,tt0111280,Star Trek: Generations,1994-11-18,HIGH,75671125,75671125.0,,100.0,,15.0,,,-1.0,,False,True,False,True,Captain Jean-Luc Picard and the crew of the Enterprise-D find themselves at odds with the renegade scientist Soran who is destroying entire star systems. Only one man can help Picard stop Soran's scheme...and he's been dead for seventy-eight years.,https://www.boxofficemojo.com/year/world/1994/,True,en,/Users/cedricroetheli/Desktop/BA Cédric/Input/Code/boxoffice-analysis-pipeline/data/raw/subtitles/1994_Star_Trek_Generations_tt0111280_558974.srt,Captain Jean-Luc Picard and the crew of the Enterprise-D,state_military,Soran,individual_civilian,entire star systems and their inhabitants,3,3,3,6,high,False,0,False,False,0,0,17,0.0,0.0,success,,
1994,17,Ace Ventura: Pet Detective,356,3049.0,tt0109040,Ace Ventura: Pet Detective,1994-02-04,HIGH,72217892,72217396.0,,100.0,,16.0,,,-1.0,,False,True,False,True,"He's Ace Ventura: Pet Detective. The Ace is on the case to find the Miami Dolphins' missing mascot and quarterback Dan Marino. He goes eyeball to eyeball with a man-eating shark, stakes out the Miami Dolphins and woos and wows the ladies. Whether he's undercover, under fire or underwater, he always gets his man… or beast!",https://www.boxofficemojo.com/year/world/1994/,True,en,/Users/cedricroetheli/Desktop/BA Cédric/Input/Code/boxoffice-analysis-pipeline/data/raw/subtitles/1994_Ace_Ventura_Pet_Detective_tt0109040_7615099.srt,Ace Ventura,individual_civilian,the kidnappers behind the missing mascot and Dan Marino,individual_civilian,the Miami Dolphins and Dan Marino,1,1,0,2,medium,False,0,False,False,0,0,10,0.0,0.0,success,,
1994,18,Stargate,357,2164.0,tt0111282,Stargate,1994-10-28,HIGH,71568987,71567262.0,,100.0,,17.0,,,-1.0,,False,True,False,True,"An interstellar teleportation device, found in Egypt, leads to a planet with humans resembling ancient Egyptians who worship the god Ra.",https://www.boxofficemojo.com/year/world/1994/,True,en,/Users/cedricroetheli/Desktop/BA Cédric/Input/Code/boxoffice-analysis-pipeline/data/raw/subtitles/1994_Stargate_tt0111282_591497.srt,the team using the Stargate,state_military,Ra,non_human,the humans on Ra's planet,1,3,2,4,medium,True,1,True,True,1,1,15,0.0666666666666666,0.0666666666666666,success,,
1994,19,Legends of the Fall,358,4476.0,tt0110322,Legends of the Fall,1994-12-23,HIGH,66638883,66638883.0,,100.0,,18.0,,,-1.0,,False,True,False,True,"In early 20th-century Montana, Col. William Ludlow lives on a ranch in the wilderness with his sons, Alfred, Tristan, and Samuel. Eventually, the unconventional but close-knit family are bound by loyalty, tested by war, and torn apart by love, as told over the course of several decades in this epic saga.",https://www.boxofficemojo.com/year/world/1994/,True,en,/Users/cedricroetheli/Desktop/BA Cédric/Input/Code/boxoffice-analysis-pipeline/data/raw/subtitles/1994_Legends_of_the_Fall_tt0110322_540906.srt,the Ludlow family,collective_civilian,war and romantic rivalry,none,the Ludlow family,1,0,1,1,low,True,1,True,True,1,1,24,0.0416666666666666,0.0416666666666666,success_with_warnings,villain_actor unresolved (none),
1994,20,Wolf,359,10395.0,tt0111742,Wolf,1994-06-17,HIGH,65002597,65002597.0,,100.0,,19.0,,,-1.0,,False,True,False,True,"An aging publisher becomes a demon wolf and, with this newfound youthful vigor, fights to keep his job.",https://www.boxofficemojo.com/year/world/1994/,True,en,/Users/cedricroetheli/Desktop/BA Cédric/Input/Code/boxoffice-analysis-pipeline/data/raw/subtitles/1994_Wolf_tt0111742_376131.srt,an aging publisher,individual_civilian,job loss and workplace rivals,corporate_institutional,the aging publisher,0,0,0,0,medium,False,0,False,False,0,0,7,0.0,0.0,success,,
1995,1,Seven,360,807.0,tt0114369,Se7en,1995-09-22,MANUAL_ACCEPTED,327225643,100125643.0,227100000.0,30.6,69.4,9.0,1.0,0.4408879040070453,8.0,0.0,False,False,False,False,"Two homicide detectives are on a desperate hunt for a serial killer whose crimes are based on the ""seven deadly sins"" in this dark and haunting film that takes viewers from the tortured remains of one victim to the next. The seasoned Det. Somerset researches each sin in an effort to get inside the killer's mind, while his novice partner, Mills, scoffs at his efforts to unravel the case.",https://www.boxofficemojo.com/year/world/1995/,True,en,/Users/cedricroetheli/Desktop/BA Cédric/Input/Code/boxoffice-analysis-pipeline/data/raw/subtitles/1995_Seven_tt0114369_5085256.srt,Det. Somerset and Det. Mills,state_military,the serial killer based on the seven deadly sins,individual_civilian,the serial killer's victims,0,1,0,1,high,True,1,False,True,0,1,22,0.0,0.0454545454545454,success,,
1995,2,Toy Story,361,862.0,tt0114709,Toy Story,1995-11-22,HIGH,237377437,191796233.0,45581204.0,80.8,19.2,1.0,3.0,4.207792163629552,-1.0,1.0,False,False,False,False,"Led by Woody, Andy's toys live happily in his room until Andy's birthday brings Buzz Lightyear onto the scene. Afraid of losing his place in Andy's heart, Woody plots against Buzz. But when circumstances separate Buzz and Woody from their owner, the duo eventually learns to put aside their differences.",https://www.boxofficemojo.com/year/world/1995/,True,en,/Users/cedricroetheli/Desktop/BA Cédric/Input/Code/boxoffice-analysis-pipeline/data/raw/subtitles/1995_Toy_Story_tt0114709_494588.srt,Woody and Buzz Lightyear,non_human,Woody and Buzz's rivalry and separation from Andy,none,Woody and Buzz Lightyear,0,0,0,0,medium,False,0,False,False,0,0,21,0.0,0.0,success_with_warnings,villain_actor unresolved (none),
1995,3,Apollo 13,362,568.0,tt0112384,Apollo 13,1995-06-30,HIGH,223845613,172071312.0,51766099.0,76.9,23.1,3.0,2.0,3.324015433343741,0.0,-1.0,False,False,False,False,"The true story of technical troubles that scuttle the Apollo 13 lunar mission in 1970, risking the lives of astronaut Jim Lovell and his crew, with the failed journey turning into a thrilling saga of heroism. Drifting more than 200,000 miles from Earth, the astronauts work furiously with the ground crew to avert tragedy.",https://www.boxofficemojo.com/year/world/1995/,True,en,/Users/cedricroetheli/Desktop/BA Cédric/Input/Code/boxoffice-analysis-pipeline/data/raw/subtitles/1995_Apollo_13_tt0112384_369789.srt,Jim Lovell and the Apollo 13/NASA crew,collective_civilian,technical troubles aboard Apollo 13,non_human,Jim Lovell and his crew,1,0,2,1,high,False,0,False,False,0,0,17,0.0,0.0,success,,
1995,4,Batman Forever,363,414.0,tt0112462,Batman Forever,1995-06-16,HIGH,184033483,184031112.0,,100.0,,2.0,,,-2.0,,False,True,False,True,"Batman faces off against two foes: the schizophrenic, horribly scarred former District Attorney Harvey Dent, aka Two-Face, and the Riddler, a disgruntled ex-Wayne Enterprises inventor seeking revenge against his former employer by unleashing his brain-sucking weapon on Gotham City's residents. As the caped crusader also copes with tortured memories of his parents' murder, he has a new romance, with psychologist Chase Meridian.",https://www.boxofficemojo.com/year/world/1995/,True,en,/Users/cedricroetheli/Desktop/BA Cédric/Input/Code/boxoffice-analysis-pipeline/data/raw/subtitles/1995_Batman_Forever_tt0112462_464057.srt,Batman,individual_civilian,the Riddler and Two-Face,collective_civilian,Gotham City's residents,2,1,0,3,high,False,0,False,False,0,0,20,0.0,0.0,success,,
1995,5,Pocahontas,364,10530.0,tt0114148,Pocahontas,1995-06-16,HIGH,141580605,141579773.0,,100.0,,4.0,,,-1.0,,False,True,False,True,"Pocahontas, daughter of a Native American tribe chief, falls in love with an English soldier as colonists invade 17th century Virginia.",https://www.boxofficemojo.com/year/world/1995/,True,en,/Users/cedricroetheli/Desktop/BA Cédric/Input/Code/boxoffice-analysis-pipeline/data/raw/subtitles/1995_Pocahontas_tt0114148_476641.srt,Pocahontas,individual_civilian,the English colonists,collective_civilian,Pocahontas's Native American tribe,1,0,0,1,medium,True,1,True,True,1,1,17,0.0588235294117647,0.0588235294117647,success,,
1995,6,Ace Ventura: When Nature Calls,365,9273.0,tt0112281,Ace Ventura: When Nature Calls,1995-11-10,HIGH,108385533,108385533.0,,100.0,,5.0,,,-1.0,,False,True,False,True,"Summoned from an ashram in Tibet, Ace finds himself on a perilous journey into the jungles of Africa to find Shikaka, the missing sacred animal of the friendly Wachati tribe. He must accomplish this before the wedding of the Wachati's Princess to the prince of the warrior Wachootoos. If Ace fails, the result will be a vicious tribal war.",https://www.boxofficemojo.com/year/world/1995/,True,en,/Users/cedricroetheli/Desktop/BA Cédric/Input/Code/boxoffice-analysis-pipeline/data/raw/subtitles/1995_Ace_Ventura_When_Nature_Calls_tt0112281_4669745.srt,Ace Ventura,individual_civilian,the kidnappers of Shikaka,collective_civilian,the Wachati and Wachootoo tribes,1,1,0,2,medium,False,0,False,False,0,0,9,0.0,0.0,success,,
1995,7,GoldenEye,366,710.0,tt0113189,GoldenEye,1995-11-16,HIGH,106610099,106429941.0,179480.0,99.8,0.2,6.0,11.0,592.9905337642077,-1.0,4.0,False,False,False,False,"When a powerful satellite system falls into the hands of Alec Trevelyan, AKA Agent 006, a former ally-turned-enemy, only James Bond can save the world from a dangerous space weapon that -- in one short pulse -- could destroy the earth! As Bond squares off against his former compatriot, he also battles Xenia Onatopp, an assassin who uses pleasure as her ultimate weapon.",https://www.boxofficemojo.com/year/world/1995/,True,en,/Users/cedricroetheli/Desktop/BA Cédric/Input/Code/boxoffice-analysis-pipeline/data/raw/subtitles/1995_GoldenEye_tt0113189_7248327.srt,James Bond,state_military,Alec Trevelyan (Agent 006),individual_civilian,the world,3,3,3,6,high,True,1,True,True,1,1,15,0.0666666666666666,0.0666666666666666,success,,
1995,8,Casper,367,8839.0,tt0112642,Casper,1995-05-26,HIGH,100836847,100836847.0,,100.0,,7.0,,,-1.0,,False,True,False,True,"Casper is a kind young ghost who peacefully haunts a mansion in Maine. When specialist James Harvey arrives to communicate with Casper and his fellow spirits, he brings along his teenage daughter, Kat. Casper quickly falls in love with Kat, but their budding relationship is complicated not only by his transparent state, but also by his troublemaking apparition uncles and their mischievous antics.",https://www.boxofficemojo.com/year/world/1995/,True,en,/Users/cedricroetheli/Desktop/BA Cédric/Input/Code/boxoffice-analysis-pipeline/data/raw/subtitles/1995_Casper_tt0112642_224695.srt,Casper,non_human,Casper's apparition uncles,collective_civilian,Kat and the Harvey family,1,0,0,1,medium,True,1,False,True,0,1,21,0.0,0.0476190476190476,success,,
1995,9,Jumanji,368,8844.0,tt0113497,Jumanji,1995-12-15,HIGH,100479195,100475249.0,2175.0,100.0,0.1,8.0,20.0,46195.51678160919,-1.0,11.0,False,False,False,False,"When siblings Judy and Peter discover an enchanted board game that opens the door to a magical world, they unwittingly invite Alan -- an adult who's been trapped inside the game for 26 years -- into their living room. Alan's only hope for freedom is to finish the game, which proves risky as all three find themselves running from giant rhinoceroses, evil monkeys and other terrifying creatures.",https://www.boxofficemojo.com/year/world/1995/,True,en,/Users/cedricroetheli/Desktop/BA Cédric/Input/Code/boxoffice-analysis-pipeline/data/raw/subtitles/1995_Jumanji_tt0113497_526220.srt,Alan,individual_civilian,the enchanted Jumanji board game and its creatures,non_human,"Alan, Judy, and Peter",1,0,0,1,high,False,0,False,False,0,0,8,0.0,0.0,success,,
1995,10,Die Hard with a Vengeance,369,1572.0,tt0112864,Die Hard: With a Vengeance,1995-05-19,HIGH,100012499,100012499.0,,100.0,,10.0,,,0.0,,False,True,False,True,"New York detective John McClane is back and kicking bad-guy butt in the third installment of this action-packed series, which finds him teaming with civilian Zeus Carver to prevent the loss of innocent lives. McClane thought he'd seen it all, until a genius named Simon engages McClane, his new ""partner"" -- and his beloved city -- in a deadly game that demands their concentration.",https://www.boxofficemojo.com/year/world/1995/,True,en,/Users/cedricroetheli/Desktop/BA Cédric/Input/Code/boxoffice-analysis-pipeline/data/raw/subtitles/1995_Die_Hard_with_a_Vengeance_tt0112864_410966.srt,John McClane,state_military,Simon,individual_civilian,innocent lives in New York City,2,1,0,3,high,True,2,True,True,1,2,27,0.037037037037037,0.074074074074074,success,,
1995,11,Crimson Tide,370,8963.0,tt0112740,Crimson Tide,1995-05-12,HIGH,91387195,91387195.0,,100.0,,11.0,,,0.0,,False,True,False,True,"After the Cold War, a breakaway Russian republic with nuclear warheads becomes a possible worldwide threat. U.S. submarine Capt. Frank Ramsey signs on a relatively green but highly recommended Lt. Cmdr. Ron Hunter to the USS Alabama, which may be the only ship able to stop a possible Armageddon. When Ramsey insists that the Alabama must act aggressively, Hunter, fearing they will start rather than stop a disaster, leads a potential mutiny to stop him.",https://www.boxofficemojo.com/year/world/1995/,True,en,/Users/cedricroetheli/Desktop/BA Cédric/Input/Code/boxoffice-analysis-pipeline/data/raw/subtitles/1995_Crimson_Tide_tt0112740_485202.srt,Lt. Cmdr. Ron Hunter,state_military,Capt. Frank Ramsey,state_military,the world,3,3,3,6,high,True,4,True,True,2,4,19,0.1052631578947368,0.2105263157894736,success,,
1995,12,Waterworld,371,9804.0,tt0114898,Waterworld,1995-07-28,HIGH,88247151,88246220.0,,100.0,,12.0,,,0.0,,False,True,False,True,"In a futuristic world where the polar ice caps have melted and made Earth a liquid planet, a beautiful barmaid rescues a mutant seafarer from a floating island prison. They escape, along with her young charge, Enola, and sail off aboard his ship. But the trio soon becomes the target of a menacing pirate who covets the map to 'Dryland'—which is tattooed on Enola's back.",https://www.boxofficemojo.com/year/world/1995/,True,en,/Users/cedricroetheli/Desktop/BA Cédric/Input/Code/boxoffice-analysis-pipeline/data/raw/subtitles/1995_Waterworld_tt0114898_384959.srt,the mutant seafarer,individual_civilian,the menacing pirate,individual_civilian,Enola,0,0,0,0,medium,False,0,False,False,0,0,20,0.0,0.0,success,,
1995,13,12 Monkeys,372,63.0,tt0114746,Twelve Monkeys,1995-12-29,MANUAL_ACCEPTED,87021960,57141459.0,29879537.0,65.7,34.3,31.0,4.0,1.9123943921888749,18.0,-9.0,False,False,False,False,"In the year 2035, convict James Cole reluctantly volunteers to be sent back in time to discover the origin of a deadly virus that wiped out nearly all of the earth's population and forced the survivors into underground communities. But when Cole is mistakenly sent to 1990 instead of 1996, he's arrested and locked up in a mental hospital. There he meets psychiatrist Dr. Kathryn Railly and the son of a famous virus expert who may hold the key to the Army of the 12 Monkeys; thought to be responsible for unleashing the killer disease.",https://www.boxofficemojo.com/year/world/1995/,True,en,/Users/cedricroetheli/Desktop/BA Cédric/Input/Code/boxoffice-analysis-pipeline/data/raw/subtitles/1995_12_Monkeys_tt0114746_6607397.srt,James Cole,individual_civilian,the deadly virus,non_human,nearly all of the earth's population,3,3,3,6,high,True,3,True,True,2,3,61,0.0327868852459016,0.0491803278688524,success,,
1995,14,Dangerous Minds,373,9909.0,tt0112792,Dangerous Minds,1995-08-11,HIGH,84919401,84919401.0,,100.0,,13.0,,,-1.0,,False,True,False,True,"Former Marine Louanne Johnson lands a gig teaching in a pilot program for bright but underachieving teens at a notorious inner-city high school. After having a terrible first day, she decides she must throw decorum to the wind. When Johnson returns to the classroom, she does so armed with a no-nonsense attitude informed by her military training and a fearless determination to better the lives of her students -- no matter what the cost.",https://www.boxofficemojo.com/year/world/1995/,True,en,/Users/cedricroetheli/Desktop/BA Cédric/Input/Code/boxoffice-analysis-pipeline/data/raw/subtitles/1995_Dangerous_Minds_tt0112792_379155.srt,Louanne Johnson,individual_civilian,the inner-city high school environment and student underachievement,corporate_institutional,her students,1,1,0,2,medium,False,0,False,False,0,0,9,0.0,0.0,success,,
1995,15,Mr. Holland's Opus,374,2054.0,tt0113862,Mr. Holland's Opus,1995-12-29,HIGH,82569971,82569971.0,,100.0,,14.0,,,-1.0,,False,True,False,True,"In 1965, passionate musician Glenn Holland takes a day job as a high school music teacher, convinced it's just a small obstacle on the road to his true calling: writing a historic opus. As the decades roll by with the composition unwritten but generations of students inspired through his teaching, Holland must redefine his life's purpose.",https://www.boxofficemojo.com/year/world/1995/,True,en,/Users/cedricroetheli/Desktop/BA Cédric/Input/Code/boxoffice-analysis-pipeline/data/raw/subtitles/1995_Mr_Holland_s_Opus_tt0113862_615630.srt,Glenn Holland,individual_civilian,time and life circumstances,none,Glenn Holland,0,0,0,0,medium,False,0,False,False,0,0,19,0.0,0.0,success_with_warnings,villain_actor unresolved (none),
1995,16,While You Were Sleeping,375,2064.0,tt0114924,While You Were Sleeping,1995-04-21,HIGH,81057256,81057016.0,,100.0,,15.0,,,-1.0,,False,True,False,True,"A transit worker pulls commuter Peter off railway tracks after he's mugged, but—while he's in a coma—his family mistakenly thinks she's Peter's fiancée, and she doesn't correct them. Things get more complicated when she falls for his brother, who's not quite sure that she's who she claims to be.",https://www.boxofficemojo.com/year/world/1995/,True,en,/Users/cedricroetheli/Desktop/BA Cédric/Input/Code/boxoffice-analysis-pipeline/data/raw/subtitles/1995_While_You_Were_Sleeping_tt0114924_496009.srt,Lucy,individual_civilian,the mistaken identity and Lucy's deception,none,Peter's family and Lucy's relationships,1,1,0,2,medium,False,0,False,False,0,0,13,0.0,0.0,success_with_warnings,villain_actor unresolved (none),
1995,17,Congo,376,10329.0,tt0112715,Congo,1995-06-09,HIGH,81022101,81022101.0,,100.0,,16.0,,,-1.0,,False,True,False,True,"Eight people embark on an expedition into the Congo, a mysterious expanse of unexplored Africa, where human greed and the laws of nature have gone berserk.",https://www.boxofficemojo.com/year/world/1995/,True,en,/Users/cedricroetheli/Desktop/BA Cédric/Input/Code/boxoffice-analysis-pipeline/data/raw/subtitles/1995_Congo_tt0112715_490494.srt,the expedition team,collective_civilian,human greed and the hostile natural forces in the Congo,non_human,the expedition team,1,0,0,1,medium,False,0,False,False,0,0,9,0.0,0.0,success,,
1995,18,Father of the Bride Part II,377,11862.0,tt0113041,Father of the Bride Part II,1995-12-08,HIGH,76594107,76594107.0,,100.0,,17.0,,,-1.0,,False,True,False,True,"Just when George Banks has recovered from his daughter's wedding, he receives the news that she's pregnant ... and that George's wife is expecting too. He was planning on selling their home, but that's a plan that—like George—will have to change with the arrival of both a grandchild and a kid of his own.",https://www.boxofficemojo.com/year/world/1995/,True,en,/Users/cedricroetheli/Desktop/BA Cédric/Input/Code/boxoffice-analysis-pipeline/data/raw/subtitles/1995_Father_of_the_Bride_Part_II_tt0113041_3503965.srt,George Banks,individual_civilian,George's anxiety about family change and aging,none,the Banks family,1,0,0,1,medium,False,0,False,False,0,0,14,0.0,0.0,success_with_warnings,villain_actor unresolved (none),
1995,19,Braveheart,378,197.0,tt0112573,Braveheart,1995-05-24,HIGH,75617265,75609945.0,,100.0,,18.0,,,-1.0,,False,True,False,True,"Enraged at the slaughter of Murron, his new bride and childhood love, Scottish warrior William Wallace slays a platoon of the local English lord's soldiers. This leads the village to revolt and, eventually, the entire country to rise up against English rule.",https://www.boxofficemojo.com/year/world/1995/,True,en,/Users/cedricroetheli/Desktop/BA Cédric/Input/Code/boxoffice-analysis-pipeline/data/raw/subtitles/1995_Braveheart_tt0112573_5255339.srt,William Wallace,individual_civilian,English rule,state_military,Scotland,2,2,1,4,high,True,1,True,True,1,1,10,0.1,0.1,success,,
1995,20,Get Shorty,379,8012.0,tt0113161,Get Shorty,1995-10-20,HIGH,72101622,72101622.0,,100.0,,19.0,,,-1.0,,False,True,False,True,"Chili Palmer is a Miami mobster who gets sent to L.A. to collect a bad debt from Harry Zimm, a Hollywood producer who specializes in cheesy horror films. When Chili meets Harry's leading lady, the romantic sparks fly. After pitching his own life story as a movie idea, Chili learns that being a mobster and being a Hollywood producer really aren't all that different.",https://www.boxofficemojo.com/year/world/1995/,True,en,/Users/cedricroetheli/Desktop/BA Cédric/Input/Code/boxoffice-analysis-pipeline/data/raw/subtitles/1995_Get_Shorty_tt0113161_4668407.srt,Chili Palmer,individual_civilian,Harry Zimm,individual_civilian,Harry Zimm,0,1,0,1,medium,True,1,True,True,1,1,15,0.0666666666666666,0.0666666666666666,success,,
1996,1,Independence Day,380,602.0,tt0116629,Independence Day,1996-06-25,HIGH,306173844,306169268.0,,100.0,,1.0,,,0.0,,False,True,False,True,"Strange phenomena surface around the globe. The skies ignite. Terror races through the world's major cities. As these extraordinary events unfold, it becomes increasingly clear that a force of incredible magnitude has arrived. Its mission: total annihilation over the Fourth of July weekend. The last hope to stop the destruction is an unlikely group of people united by fate and unimaginable circumstances.",https://www.boxofficemojo.com/year/world/1996/,True,en,/Users/cedricroetheli/Desktop/BA Cédric/Input/Code/boxoffice-analysis-pipeline/data/raw/subtitles/1996_Independence_Day_tt0116629_382321.srt,an unlikely group of people united by fate,collective_civilian,the invading force of incredible magnitude,non_human,the world and its major cities,3,3,3,6,high,True,2,True,True,1,2,23,0.0434782608695652,0.0869565217391304,success,,
1996,2,Twister,381,664.0,tt0117998,Twister,1996-05-10,HIGH,241721524,241721524.0,,100.0,,2.0,,,0.0,,False,True,False,True,"An unprecedented series of violent tornadoes is sweeping across Oklahoma. Tornado chasers, headed by Dr. Jo Harding, attempt to release a groundbreaking device that will allow them to track them and create a more advanced warning system. They are joined by Jo's soon to be ex-husband Bill, a former tornado chaser himself, and his girlfriend Melissa.",https://www.boxofficemojo.com/year/world/1996/,True,en,/Users/cedricroetheli/Desktop/BA Cédric/Input/Code/boxoffice-analysis-pipeline/data/raw/subtitles/1996_Twister_tt0117998_401829.srt,Dr. Jo Harding,individual_civilian,the violent tornadoes,non_human,Oklahoma communities in the tornadoes' path,2,1,1,3,high,False,0,False,False,0,0,17,0.0,0.0,success,,
1996,3,Mission: Impossible,382,954.0,tt0117060,Mission: Impossible,1996-05-22,HIGH,180981856,180981856.0,,100.0,,3.0,,,0.0,,False,True,False,True,"When Ethan Hunt, the leader of a crack espionage team whose perilous operation has gone awry with no explanation, discovers that a mole has penetrated the CIA, he's surprised to learn that he's the prime suspect. To clear his name, Hunt now must ferret out the real double agent and, in the process, even the score.",https://www.boxofficemojo.com/year/world/1996/,True,en,/Users/cedricroetheli/Desktop/BA Cédric/Input/Code/boxoffice-analysis-pipeline/data/raw/subtitles/1996_Mission_Impossible_tt0117060_6534860.srt,Ethan Hunt,state_military,the CIA mole / real double agent,state_military,the CIA espionage team and agency security,1,1,2,2,medium,True,5,True,True,2,5,25,0.08,0.2,success,,
1996,4,Jerry Maguire,383,9390.0,tt0116695,Jerry Maguire,1996-12-13,HIGH,153952627,153952592.0,,100.0,,4.0,,,0.0,,False,True,False,True,"Jerry Maguire used to be a typical sports agent: willing to do just about anything he could to get the biggest possible contracts for his clients, plus a nice commission for himself. Then, one day, he suddenly has second thoughts about what he's really doing. When he voices these doubts, he ends up losing his job and all of his clients, save Rod Tidwell, an egomaniacal football player.",https://www.boxofficemojo.com/year/world/1996/,True,en,/Users/cedricroetheli/Desktop/BA Cédric/Input/Code/boxoffice-analysis-pipeline/data/raw/subtitles/1996_Jerry_Maguire_tt0116695_433804.srt,Jerry Maguire,individual_civilian,the sports agent system embodied by Jerry's former firm and career pressures,corporate_institutional,Jerry Maguire,0,0,0,0,medium,False,0,False,False,0,0,6,0.0,0.0,success,,
1996,5,Ransom,384,3595.0,tt0117438,Ransom,1996-11-08,HIGH,136492681,136492681.0,,100.0,,5.0,,,0.0,,False,True,False,True,"When a rich man's son is kidnapped, he cooperates with the police at first but then tries a unique tactic against the criminals.",https://www.boxofficemojo.com/year/world/1996/,True,en,/Users/cedricroetheli/Desktop/BA Cédric/Input/Code/boxoffice-analysis-pipeline/data/raw/subtitles/1996_Ransom_tt0117438_565993.srt,the rich father,individual_civilian,the kidnappers,collective_civilian,the rich man's son,0,0,0,0,high,True,4,True,True,3,4,11,0.2727272727272727,0.3636363636363636,success,,
1996,6,101 Dalmatians,385,11674.0,tt0115433,101 Dalmatians,1996-11-27,HIGH,136189294,136189294.0,,100.0,,6.0,,,0.0,,False,True,False,True,"An evil, high-fashion designer plots to steal Dalmatian puppies in order to make an extravagant fur coat, but instead creates an extravagant mess.",https://www.boxofficemojo.com/year/world/1996/,True,en,/Users/cedricroetheli/Desktop/BA Cédric/Input/Code/boxoffice-analysis-pipeline/data/raw/subtitles/1996_101_Dalmatians_tt0115433_440355.srt,the Dalmatian owners and their dogs,collective_civilian,the evil high-fashion designer,individual_civilian,Dalmatian puppies,1,0,0,1,medium,False,0,False,False,0,0,12,0.0,0.0,success,,
1996,7,The Rock,386,9802.0,tt0117500,The Rock,1996-06-07,HIGH,134069511,134069511.0,,100.0,,7.0,,,0.0,,False,True,False,True,"When vengeful General Francis X. Hummel seizes control of Alcatraz Island and threatens to launch missiles loaded with deadly chemical weapons into San Francisco, only a young FBI chemical weapons expert and notorious Federal prisoner have the skills to penetrate the impregnable island fortress and take him down.",https://www.boxofficemojo.com/year/world/1996/,True,en,/Users/cedricroetheli/Desktop/BA Cédric/Input/Code/boxoffice-analysis-pipeline/data/raw/subtitles/1996_The_Rock_tt0117500_348534.srt,a young FBI chemical weapons expert and a notorious Federal prisoner,collective_civilian,General Francis X. Hummel,state_military,San Francisco,2,2,0,4,high,True,5,True,True,2,5,26,0.0769230769230769,0.1923076923076923,success,,
1996,8,The Nutty Professor,387,9327.0,tt0117218,The Nutty Professor,1996-06-28,HIGH,128814019,128814019.0,,100.0,,8.0,,,0.0,,False,True,False,True,"When beautiful Carla Purty joins the university faculty, genetic professor Dr. Sherman Klump grows desperate to whittle his 400-pound frame down to size and win her heart. So, with one swig of his experimental fat-reducing serum, Sherman becomes 'Buddy Love', a fast-talking, pumped-up, plumped down Don Juan.",https://www.boxofficemojo.com/year/world/1996/,True,en,/Users/cedricroetheli/Desktop/BA Cédric/Input/Code/boxoffice-analysis-pipeline/data/raw/subtitles/1996_The_Nutty_Professor_tt0117218_556299.srt,Dr. Sherman Klump,individual_civilian,Buddy Love,individual_civilian,Dr. Sherman Klump,0,0,0,0,medium,False,0,False,False,0,0,9,0.0,0.0,success,,
1996,9,The Birdcage,388,11000.0,tt0115685,The Birdcage,1996-03-03,HIGH,124061638,124060553.0,,100.0,,9.0,,,0.0,,False,True,False,True,A gay cabaret owner and his drag queen partner agree to put up a false heterosexual front so that their son can introduce them to his fiancée's conservative parents.,https://www.boxofficemojo.com/year/world/1996/,True,en,/Users/cedricroetheli/Desktop/BA Cédric/Input/Code/boxoffice-analysis-pipeline/data/raw/subtitles/1996_The_Birdcage_tt0115685_506936.srt,the gay cabaret owner and his drag queen partner,collective_civilian,the fiancée's conservative parents,collective_civilian,their son and his relationship with his fiancée,0,0,0,0,medium,True,1,True,True,1,1,20,0.05,0.05,success,,
1996,10,A Time to Kill,389,1645.0,tt0117913,A Time to Kill,1996-07-24,HIGH,108766007,108766007.0,,100.0,,10.0,,,0.0,,False,True,False,True,"A young lawyer defends a black man accused of murdering two white men who raped his 10-year-old daughter, sparking a rebirth of the KKK.",https://www.boxofficemojo.com/year/world/1996/,True,en,/Users/cedricroetheli/Desktop/BA Cédric/Input/Code/boxoffice-analysis-pipeline/data/raw/subtitles/1996_A_Time_to_Kill_tt0117913_6850642.srt,the young lawyer,individual_civilian,the reborn KKK,collective_civilian,the black man accused of murder,0,0,0,0,medium,True,3,True,True,2,3,28,0.0714285714285714,0.1071428571428571,success,,
1996,11,The First Wives Club,390,2925.0,tt0116313,The First Wives Club,1996-09-20,HIGH,105489203,105489203.0,,100.0,,11.0,,,0.0,,False,True,False,True,"After years of helping their hubbies climb the ladder of success, three mid-life Manhattanites have been dumped for a newer, curvier model. But the trio is determined to turn their pain into gain. They come up with a cleverly devious plan to hit their exes where it really hurts - in the wallet!",https://www.boxofficemojo.com/year/world/1996/,True,en,/Users/cedricroetheli/Desktop/BA Cédric/Input/Code/boxoffice-analysis-pipeline/data/raw/subtitles/1996_The_First_Wives_Club_tt0116313_4878640.srt,the three first wives,collective_civilian,their ex-husbands,collective_civilian,the three first wives,1,0,0,1,high,False,0,False,False,0,0,5,0.0,0.0,success,,
1996,12,Phenomenon,391,9294.0,tt0117333,Phenomenon,1996-07-05,HIGH,104636382,104636382.0,,100.0,,12.0,,,0.0,,False,True,False,True,"An ordinary man sees a bright light descend from the sky, and discovers he now has super-intelligence and telekinesis.",https://www.boxofficemojo.com/year/world/1996/,True,en,/Users/cedricroetheli/Desktop/BA Cédric/Input/Code/boxoffice-analysis-pipeline/data/raw/subtitles/1996_Phenomenon_tt0117333_464498.srt,an ordinary man,individual_civilian,the unexplained phenomenon,non_human,the ordinary man,0,0,0,0,low,False,0,False,False,0,0,8,0.0,0.0,success,,
1996,13,Scream,392,4232.0,tt0117571,Scream,1996-12-20,HIGH,103208041,103046663.0,161378.0,99.8,0.2,13.0,4.0,638.5421990605906,0.0,-9.0,False,False,False,False,"A year after the murder of her mother, a teenage girl is terrorized by a masked killer who targets her and her friends by using scary movies as part of a deadly game.",https://www.boxofficemojo.com/year/world/1996/,True,en,/Users/cedricroetheli/Desktop/BA Cédric/Input/Code/boxoffice-analysis-pipeline/data/raw/subtitles/1996_Scream_tt0117571_7206344.srt,the teenage girl,individual_civilian,the masked killer,individual_civilian,the teenage girl and her friends,1,0,0,1,high,False,0,False,False,0,0,25,0.0,0.0,success,,
1996,14,Eraser,393,9268.0,tt0116213,Eraser,1996-06-21,HIGH,101295562,101295562.0,,100.0,,14.0,,,0.0,,False,True,False,True,A Witness Protection specialist becomes suspicious of his co-workers when dealing with a case involving high-tech weapons.,https://www.boxofficemojo.com/year/world/1996/,True,en,/Users/cedricroetheli/Desktop/BA Cédric/Input/Code/boxoffice-analysis-pipeline/data/raw/subtitles/1996_Eraser_tt0116213_340523.srt,a Witness Protection specialist,state_military,his suspicious co-workers involved in the high-tech weapons case,state_military,the witness in the high-tech weapons case,0,0,1,0,medium,True,2,True,True,1,2,27,0.037037037037037,0.074074074074074,success,,
1996,15,The Hunchback of Notre Dame,394,10545.0,tt0116583,The Hunchback of Notre Dame,1996-06-21,HIGH,100138851,100138851.0,,100.0,,15.0,,,0.0,,False,True,False,True,"Isolated bell-ringer Quasimodo wishes to leave Notre Dame tower against the wishes of Judge Claude Frollo, his stern guardian and Paris' strait-laced Minister of Justice. His first venture to the outside world finds him Esmeralda, a kind-hearted and fearless Romani woman who openly stands up to Frollo's tyranny.",https://www.boxofficemojo.com/year/world/1996/,True,en,/Users/cedricroetheli/Desktop/BA Cédric/Input/Code/boxoffice-analysis-pipeline/data/raw/subtitles/1996_The_Hunchback_of_Notre_Dame_tt0116583_4520391.srt,Quasimodo,individual_civilian,Judge Claude Frollo,state_military,Esmeralda,0,0,0,0,medium,True,1,True,True,1,1,22,0.0454545454545454,0.0454545454545454,success,,
1996,16,Michael,395,2928.0,tt0117038,Michael,1996-12-25,HIGH,95318203,95318203.0,,100.0,,16.0,,,0.0,,False,True,False,True,Tabloid reporters are sent by their editor to investigate after the paper recieves a letter from a woman claiming an angel is living with her.,https://www.boxofficemojo.com/year/world/1996/,True,en,/Users/cedricroetheli/Desktop/BA Cédric/Input/Code/boxoffice-analysis-pipeline/data/raw/subtitles/1996_Michael_tt0117038_3695652.srt,the tabloid reporters,collective_civilian,,none,the woman claiming an angel is living with her,0,1,0,1,low,False,0,False,False,0,0,6,0.0,0.0,success_with_warnings,villain_actor unresolved (none),
1996,17,Star Trek: First Contact,396,199.0,tt0117731,Star Trek: First Contact,1996-11-22,HIGH,92027888,92027888.0,,100.0,,17.0,,,0.0,,False,True,False,True,"The Borg, a relentless race of cyborgs, are on a direct course for Earth. Violating orders to stay away from the battle, Captain Picard and the crew of the newly-commissioned USS Enterprise E pursue the Borg back in time to prevent the invaders from changing Federation history and assimilating the galaxy.",https://www.boxofficemojo.com/year/world/1996/,True,en,/Users/cedricroetheli/Desktop/BA Cédric/Input/Code/boxoffice-analysis-pipeline/data/raw/subtitles/1996_Star_Trek_First_Contact_tt0117731_7366350.srt,Captain Picard and the crew of the USS Enterprise E,state_military,the Borg,non_human,Earth and the Federation's future,2,2,2,4,high,False,0,False,False,0,0,19,0.0,0.0,success,,
1996,18,Space Jam,397,2300.0,tt0117705,Space Jam,1996-11-15,HIGH,90418728,90418342.0,,100.0,,18.0,,,0.0,,False,True,False,True,"With their freedom on the line, the Looney Tunes seek the help of NBA superstar Michael Jordan to win a basketball game against a team of moronic aliens.",https://www.boxofficemojo.com/year/world/1996/,True,en,/Users/cedricroetheli/Desktop/BA Cédric/Input/Code/boxoffice-analysis-pipeline/data/raw/subtitles/1996_Space_Jam_tt0117705_571776.srt,Michael Jordan and the Looney Tunes,collective_civilian,the team of moronic aliens,non_human,the Looney Tunes,1,0,0,1,high,False,0,False,False,0,0,16,0.0,0.0,success,,
1996,19,The English Patient,398,409.0,tt0116209,The English Patient,1996-11-14,HIGH,78679706,78676425.0,3281.0,100.0,0.1,19.0,10.0,23979.40414507772,0.0,-9.0,False,False,False,False,"In the 1930s, Count Almásy is a Hungarian map maker employed by the Royal Geographical Society to chart the vast expanses of the Sahara Desert along with several other prominent explorers. As World War II unfolds, Almásy enters into a world of love, betrayal, and politics.",https://www.boxofficemojo.com/year/world/1996/,True,en,/Users/cedricroetheli/Desktop/BA Cédric/Input/Code/boxoffice-analysis-pipeline/data/raw/subtitles/1996_The_English_Patient_tt0116209_6847670.srt,Count Almásy,individual_civilian,World War II and its political forces,state_military,Count Almásy and his lovers/allies,1,0,2,1,medium,True,2,True,True,2,2,27,0.074074074074074,0.074074074074074,success,,
1996,20,Broken Arrow,399,9208.0,tt0115759,Broken Arrow,1996-02-09,HIGH,70770147,70770147.0,,100.0,,20.0,,,0.0,,False,True,False,True,"When rogue stealth-fighter pilot Vic Deakins deliberately drops off the radar while on maneuvers, the Air Force ends up with two stolen nuclear warheads -- and Deakins's co-pilot, Riley Hale, is the military's only hope for getting them back. Traversing the deserted canyons of Utah, Hale teams with park ranger Terry Carmichael to put Deakins back in his box.",https://www.boxofficemojo.com/year/world/1996/,True,en,/Users/cedricroetheli/Desktop/BA Cédric/Input/Code/boxoffice-analysis-pipeline/data/raw/subtitles/1996_Broken_Arrow_tt0115759_518661.srt,Riley Hale,state_military,Vic Deakins,state_military,the United States,2,2,1,4,high,True,2,True,True,1,2,27,0.037037037037037,0.074074074074074,success,,
1997,1,Titanic,400,597.0,tt0120338,Titanic,1997-12-18,HIGH,1843373318,600683057.0,1242690261.0,32.6,67.4,1.0,1.0,0.4833731106226155,0.0,0.0,False,False,False,False,"101-year-old Rose DeWitt Bukater tells the story of her life aboard the Titanic, 84 years later. A young Rose boards the ship with her mother and fiancé. Meanwhile, Jack Dawson and Fabrizio De Rossi win third-class tickets aboard the ship. Rose tells the whole story from Titanic's departure through to its death—on its first and last voyage—on April 15, 1912.",https://www.boxofficemojo.com/year/world/1997/,True,en,/Users/cedricroetheli/Desktop/BA Cédric/Input/Code/boxoffice-analysis-pipeline/data/raw/subtitles/1997_Titanic_tt0120338_8575270.srt,Rose DeWitt Bukater and Jack Dawson,collective_civilian,the sinking of the Titanic,non_human,the passengers and crew aboard the Titanic,1,0,0,1,medium,False,0,False,False,0,0,22,0.0,0.0,success,,
1997,2,Bean,401,1281.0,tt0118689,Bean,1997-07-03,HIGH,251212670,45319423.0,205893247.0,18.0,82.0,47.0,2.0,0.2201112647468229,45.0,0.0,False,False,False,False,"Childlike Englishman, Mr. Bean, is an incompetent watchman at the Royal National Gallery. After the museum's board of directors' attempt to have him fired is blocked by the chairman, who has taken a liking to Bean, they send him to Los Angeles to act as their ambassador for the unveiling of a historic painting to humiliate him. Fooled, Mr. Bean must now successfully unveil the painting or risk his and a hapless Los Angeles curator's termination.",https://www.boxofficemojo.com/year/world/1997/,True,en,/Users/cedricroetheli/Desktop/BA Cédric/Input/Code/boxoffice-analysis-pipeline/data/raw/subtitles/1997_Bean_tt0118689_4508136.srt,Mr. Bean,individual_civilian,the Royal National Gallery board of directors,corporate_institutional,Mr. Bean and the Los Angeles curator,1,0,2,1,medium,False,0,False,False,0,0,23,0.0,0.0,success,,
1997,3,Men in Black,402,607.0,tt0119654,Men in Black,1997-07-02,HIGH,250690539,250690539.0,,100.0,,2.0,,,-1.0,,False,True,False,True,"After a police chase with an otherworldly being, a New York City cop is recruited as an agent in a top-secret organization established to monitor and police alien activity on Earth: the Men in Black. Agent K and new recruit Agent J find themselves in the middle of a deadly plot by an intergalactic terrorist who has arrived on Earth to assassinate two ambassadors from opposing galaxies.",https://www.boxofficemojo.com/year/world/1997/,True,en,/Users/cedricroetheli/Desktop/BA Cédric/Input/Code/boxoffice-analysis-pipeline/data/raw/subtitles/1997_Men_in_Black_tt0119654_4881753.srt,Agent J and Agent K,state_military,an intergalactic terrorist,non_human,two ambassadors from opposing galaxies,0,3,0,3,high,True,1,True,True,1,1,16,0.0625,0.0625,success,,
1997,4,Batman & Robin,403,415.0,tt0118688,Batman & Robin,1997-06-20,HIGH,238225195,107325195.0,130900000.0,45.1,54.9,12.0,3.0,0.8199021772345302,8.0,-1.0,False,False,False,False,"Batman and his sidekick Robin attempt to the foil the sinister schemes of a deranged set of new villains, most notably the melancholy Mr. Freeze, who wants to make Gotham City into an arctic region, and the sultry Poison Ivy, a botanical femme fatale. As the Dynamic Duo contend with these bad guys, a third hero, Batgirl, joins the ranks of the city's crime-fighters.",https://www.boxofficemojo.com/year/world/1997/,True,en,/Users/cedricroetheli/Desktop/BA Cédric/Input/Code/boxoffice-analysis-pipeline/data/raw/subtitles/1997_Batman_Robin_tt0118688_5047601.srt,Batman and Robin,collective_civilian,Mr. Freeze and Poison Ivy,collective_civilian,Gotham City,2,1,0,3,high,False,0,False,False,0,0,12,0.0,0.0,success,,
1997,5,The Lost World: Jurassic Park,404,330.0,tt0119567,The Lost World: Jurassic Park,1997-05-23,HIGH,229086679,229086679.0,,100.0,,3.0,,,-2.0,,False,True,False,True,"Four years after Jurassic Park's genetically bred dinosaurs ran amok, multimillionaire John Hammond shocks chaos theorist Ian Malcolm by revealing that he has been breeding more beasties at a secret location. Malcolm, his paleontologist ladylove and a wildlife videographer join an expedition to document the lethal lizards' natural behavior in this action-packed thriller.",https://www.boxofficemojo.com/year/world/1997/,True,en,/Users/cedricroetheli/Desktop/BA Cédric/Input/Code/boxoffice-analysis-pipeline/data/raw/subtitles/1997_The_Lost_World_Jurassic_Park_tt0119567_517591.srt,Ian Malcolm and the expedition,collective_civilian,the genetically bred dinosaurs,non_human,the expedition,1,0,0,1,medium,False,0,False,False,0,0,21,0.0,0.0,success,,
1997,6,Liar Liar,405,1624.0,tt0119528,Liar Liar,1997-03-21,HIGH,181410615,181410615.0,,100.0,,4.0,,,-2.0,,False,True,False,True,"Forced by his son's birthday wish, fast-talking attorney and habitual liar Fletcher Reede must tell the truth for the next 24 hours.",https://www.boxofficemojo.com/year/world/1997/,True,en,/Users/cedricroetheli/Desktop/BA Cédric/Input/Code/boxoffice-analysis-pipeline/data/raw/subtitles/1997_Liar_Liar_tt0119528_408758.srt,Fletcher Reede,individual_civilian,Fletcher Reede's compulsive lying,individual_civilian,Fletcher Reede and his family,1,0,0,1,medium,False,0,False,False,0,0,17,0.0,0.0,success,,
1997,7,Air Force One,406,9772.0,tt0118571,Air Force One,1997-07-25,HIGH,172956409,172956409.0,,100.0,,5.0,,,-2.0,,False,True,False,True,"When Russian neo-nationalists hijack Air Force One, the world's most secure and extraordinary aircraft, the President is faced with a nearly impossible decision to give in to terrorist demands or sacrifice not only the country's dignity, but the lives of his wife and daughter.",https://www.boxofficemojo.com/year/world/1997/,True,en,/Users/cedricroetheli/Desktop/BA Cédric/Input/Code/boxoffice-analysis-pipeline/data/raw/subtitles/1997_Air_Force_One_tt0118571_540725.srt,the President,state_military,Russian neo-nationalists,collective_civilian,the President's wife and daughter,0,0,2,0,high,True,2,True,True,1,2,22,0.0454545454545454,0.0909090909090909,success,,
1997,8,Speed 2: Cruise Control,407,1639.0,tt0120179,Speed 2: Cruise Control,1997-06-13,HIGH,164508066,48608066.0,115900000.0,29.5,70.5,40.0,4.0,0.4193966005176877,32.0,-4.0,False,False,False,False,"A disgruntled former employee hijacks the Seabourn Legend cruise liner. Set on a fixed course, without any means of communication and at the mercy of the hijacker, it's up to the one cop on vacation, and his soon to be fiancé (hopefully) Annie, to regain control of it before it kills the passengers and causes an environmental disaster. Insurmountable and daunting tasks await them on their  perilous journey throughout the ship trying to fend off the hijacker and save the passengers.",https://www.boxofficemojo.com/year/world/1997/,True,en,/Users/cedricroetheli/Desktop/BA Cédric/Input/Code/boxoffice-analysis-pipeline/data/raw/subtitles/1997_Speed_2_Cruise_Control_tt0120179_4513892.srt,Alex Shaw and Annie,collective_civilian,a disgruntled former employee hijacker,individual_civilian,the passengers of the Seabourn Legend cruise liner,1,1,0,2,high,False,0,False,False,0,0,13,0.0,0.0,success,,
1997,9,Star Wars: Episode IV - A New Hope 1997 Special Edition,408,11.0,tt0076759,Star Wars,1977-05-25,MANUAL_IMDB_BACKFILLED,160703600,138257865.0,22445735.0,86.0,14.0,8.0,7.0,6.1596497062805025,-1.0,-2.0,False,False,False,False,Princess Leia is captured and held hostage by the evil Imperial forces in their effort to take over the galactic Empire. Venturesome Luke Skywalker and dashing captain Han Solo team together with the loveable robot duo R2-D2 and C-3PO to rescue the beautiful princess and restore peace and justice in the Empire.,https://www.boxofficemojo.com/year/world/1997/,True,en,/Users/cedricroetheli/Desktop/BA Cédric/Input/Code/boxoffice-analysis-pipeline/data/raw/subtitles/1977_Star_Wars_Episode_IV_A_New_Hope_tt0076759_5242536.srt,Luke Skywalker and Han Solo,collective_civilian,Imperial forces,state_military,the Empire,2,2,2,4,medium,True,2,True,True,2,2,22,0.0909090909090909,0.0909090909090909,success,,
1997,10,As Good as It Gets,409,2898.0,tt0119822,As Good as It Gets,1997-12-19,HIGH,148478011,148478011.0,,100.0,,6.0,,,-4.0,,False,True,False,True,"A misanthropic author, a single mother and waitress, and a gay artist form an unlikely friendship after the artist is assaulted in a robbery.",https://www.boxofficemojo.com/year/world/1997/,True,en,/Users/cedricroetheli/Desktop/BA Cédric/Input/Code/boxoffice-analysis-pipeline/data/raw/subtitles/1997_As_Good_as_It_Gets_tt0119822_4441705.srt,"Melvin Udall, Carol Connelly, and Simon Bishop",collective_civilian,the robbery/assault and surrounding personal antagonisms,collective_civilian,Simon Bishop,0,1,0,1,medium,True,1,False,True,0,1,30,0.0,0.0333333333333333,success,,
1997,11,Good Will Hunting,410,489.0,tt0119217,Good Will Hunting,1997-12-05,HIGH,138435239,138433435.0,1804.0,100.0,0.1,7.0,18.0,76736.93736141907,-4.0,7.0,False,False,False,False,"Will Hunting is a headstrong, working-class genius who is failing the lessons of life. After one too many run-ins with the law, Will's last chance is a psychology professor, who might be the only man who can reach him.",https://www.boxofficemojo.com/year/world/1997/,True,en,/Users/cedricroetheli/Desktop/BA Cédric/Input/Code/boxoffice-analysis-pipeline/data/raw/subtitles/1997_Good_Will_Hunting_tt0119217_5050499.srt,Will Hunting,individual_civilian,Will Hunting's self-destructive behavior and personal struggles,individual_civilian,Will Hunting,0,0,0,0,medium,False,0,False,False,0,0,24,0.0,0.0,success,,
1997,12,My Best Friend's Wedding,411,8874.0,tt0119738,My Best Friend's Wedding,1997-06-19,HIGH,127131755,127120029.0,,100.0,,9.0,,,-3.0,,False,True,False,True,"When she receives word that her longtime platonic pal Michael O'Neal is getting married to debutante Kimberly Wallace, food critic Julianne Potter realizes her true feelings for Michael -- and sets out to sabotage the wedding.",https://www.boxofficemojo.com/year/world/1997/,True,en,/Users/cedricroetheli/Desktop/BA Cédric/Input/Code/boxoffice-analysis-pipeline/data/raw/subtitles/1997_My_Best_Friend_s_Wedding_tt0119738_611518.srt,Julianne Potter,individual_civilian,Julianne Potter's sabotage of the wedding,individual_civilian,Michael O'Neal and Kimberly Wallace's wedding,1,0,0,1,medium,False,0,False,False,0,0,10,0.0,0.0,success,,
1997,13,Tomorrow Never Dies,412,714.0,tt0120347,Tomorrow Never Dies,1997-12-11,HIGH,125304452,125304276.0,,100.0,,10.0,,,-3.0,,False,True,False,True,A deranged media mogul is staging international incidents to pit the world's superpowers against each other. Now James Bond must take on this evil mastermind in an adrenaline-charged battle to end his reign of terror and prevent global pandemonium.,https://www.boxofficemojo.com/year/world/1997/,True,en,/Users/cedricroetheli/Desktop/BA Cédric/Input/Code/boxoffice-analysis-pipeline/data/raw/subtitles/1997_Tomorrow_Never_Dies_tt0120347_5119782.srt,James Bond,state_military,the deranged media mogul,corporate_institutional,the world's superpowers and global public order,3,3,3,6,high,True,4,True,True,2,4,17,0.1176470588235294,0.2352941176470588,success,,
1997,14,The Full Monty,413,9427.0,tt0119164,The Full Monty,1997-08-13,HIGH,114634431,45950122.0,68684076.0,40.1,59.9,44.0,5.0,0.6690069179936263,30.0,-9.0,False,False,False,False,"Sheffield, England. Gaz, a jobless steelworker in need of quick cash persuades his mates to bare it all in a one-night-only strip show.",https://www.boxofficemojo.com/year/world/1997/,True,en,/Users/cedricroetheli/Desktop/BA Cédric/Input/Code/boxoffice-analysis-pipeline/data/raw/subtitles/1997_The_Full_Monty_tt0119164_263774.srt,Gaz,individual_civilian,financial hardship and unemployment,none,Gaz and his mates,1,0,0,1,medium,True,2,True,True,1,2,17,0.0588235294117647,0.1176470588235294,success_with_warnings,villain_actor unresolved (none),
1997,15,Face/Off,414,754.0,tt0119094,Face/Off,1997-06-27,HIGH,112277322,112276146.0,,100.0,,11.0,,,-4.0,,False,True,False,True,"In order to foil a terrorist plot, an FBI agent undergoes facial transplant surgery and assumes the identity of a criminal mastermind. The plan turns sour when the criminal wakes up prematurely and seeks revenge.",https://www.boxofficemojo.com/year/world/1997/,True,en,/Users/cedricroetheli/Desktop/BA Cédric/Input/Code/boxoffice-analysis-pipeline/data/raw/subtitles/1997_Face_Off_tt0119094_4428184.srt,an FBI agent,state_military,a criminal mastermind,collective_civilian,the public threatened by the terrorist plot,2,2,1,4,medium,True,3,True,True,1,3,37,0.027027027027027,0.081081081081081,success,,
1997,16,George of the Jungle,415,10603.0,tt0119190,George of the Jungle,1997-07-15,HIGH,105263257,105263257.0,,100.0,,13.0,,,-3.0,,False,True,False,True,"Deep in the African jungle, a baby named George, the sole survivor of a plane crash, is raised by gorillas. George grows up to be a buff and lovable klutz who has a rainforest full of animal friends: Tookie, his big-beaked toucan messenger; Ape, a witty talking gorilla; and Shep, a peanut-loving pooch of an elephant. But when poachers mess with George's pals, the King of Swing swings into action.",https://www.boxofficemojo.com/year/world/1997/,True,en,/Users/cedricroetheli/Desktop/BA Cédric/Input/Code/boxoffice-analysis-pipeline/data/raw/subtitles/1997_George_of_the_Jungle_tt0119190_5051346.srt,George,individual_civilian,poachers,collective_civilian,George's animal friends,1,0,0,1,high,False,0,False,False,0,0,14,0.0,0.0,success,,
1997,17,Scream 2,416,4233.0,tt0120082,Scream 2,1997-12-12,HIGH,101363940,101363301.0,,100.0,,14.0,,,-3.0,,False,True,False,True,"Two years after the Woodsboro murders, Sidney Prescott acclimates to college life while someone donning the Ghostface costume begins a new string of killings.",https://www.boxofficemojo.com/year/world/1997/,True,en,/Users/cedricroetheli/Desktop/BA Cédric/Input/Code/boxoffice-analysis-pipeline/data/raw/subtitles/1997_Scream_2_tt0120082_8051066.srt,Sidney Prescott,individual_civilian,Ghostface killer,individual_civilian,Sidney Prescott and people around her college community,1,0,0,1,medium,False,0,False,False,0,0,11,0.0,0.0,success,,
1997,18,Con Air,417,1701.0,tt0118880,Con Air,1997-06-05,HIGH,101145177,101117573.0,27604.0,100.0,0.1,15.0,16.0,3663.149289957977,-3.0,-2.0,False,False,False,False,"Newly-paroled former US Army ranger Cameron Poe is headed back to his wife, but must fly home aboard a prison transport flight dubbed ""Jailbird"" taking the “worst of the worst” prisoners, a group described as “pure predators”, to a new super-prison. Poe faces impossible odds when the transport plane is skyjacked mid-flight by the most vicious criminals in the country led by the mastermind — genius serial killer Cyrus ""The Virus"" Grissom, and backed by black militant Diamond Dog and psychopath Billy Bedlam.",https://www.boxofficemojo.com/year/world/1997/,True,en,/Users/cedricroetheli/Desktop/BA Cédric/Input/Code/boxoffice-analysis-pipeline/data/raw/subtitles/1997_Con_Air_tt0118880_258383.srt,Cameron Poe,individual_civilian,"Cyrus ""The Virus"" Grissom and the hijacking prisoners",collective_civilian,the prison transport flight and its people aboard,1,1,0,2,high,True,1,False,True,0,1,29,0.0,0.0344827586206896,success,,
1997,19,Contact,418,686.0,tt0118884,Contact,1997-07-11,HIGH,100920329,100920329.0,,100.0,,16.0,,,-3.0,,False,True,False,True,"A radio astronomer receives the first extraterrestrial radio signal ever picked up on Earth. As the world powers scramble to decipher the message and decide upon a course of action, she must make some difficult decisions between her beliefs, the truth, and reality.",https://www.boxofficemojo.com/year/world/1997/,True,en,/Users/cedricroetheli/Desktop/BA Cédric/Input/Code/boxoffice-analysis-pipeline/data/raw/subtitles/1997_Contact_tt0118884_480438.srt,the radio astronomer,individual_civilian,the extraterrestrial signal and the uncertainty surrounding first contact,non_human,Earth and humanity,3,3,3,6,medium,False,0,False,False,0,0,20,0.0,0.0,success,,
1997,20,Hercules,419,11970.0,tt0119282,Hercules,1997-06-13,HIGH,99112101,99112101.0,,100.0,,17.0,,,-3.0,,False,True,False,True,"Bestowed with superhuman strength, a young mortal named Hercules sets out to prove himself a hero in the eyes of his father, the great god Zeus. Along with his friends Pegasus, a flying horse, and Phil, a personal trainer, Hercules is tricked by the hilarious, hotheaded villain Hades, who's plotting to take over Mount Olympus!",https://www.boxofficemojo.com/year/world/1997/,True,en,/Users/cedricroetheli/Desktop/BA Cédric/Input/Code/boxoffice-analysis-pipeline/data/raw/subtitles/1997_Hercules_tt0119282_10868817.srt,Hercules,individual_civilian,Hades,non_human,Mount Olympus,2,2,1,4,medium,False,0,False,False,0,0,15,0.0,0.0,success,,
1998,1,Armageddon,420,95.0,tt0120591,Armageddon,1998-07-01,HIGH,553709788,201578182.0,352131606.0,36.4,63.6,2.0,1.0,0.5724512613048429,1.0,0.0,False,False,False,False,"When an asteroid threatens to collide with Earth, NASA honcho Dan Truman determines the only way to stop it is to drill into its surface and detonate a nuclear bomb. This leads him to renowned driller Harry Stamper, who agrees to helm the dangerous space mission provided he can bring along his own hotshot crew. Among them is the cocksure A.J. who Harry thinks isn't good enough for his daughter, until the mission proves otherwise.",https://www.boxofficemojo.com/year/world/1998/,True,en,/Users/cedricroetheli/Desktop/BA Cédric/Input/Code/boxoffice-analysis-pipeline/data/raw/subtitles/1998_Armageddon_tt0120591_4493673.srt,Harry Stamper,individual_civilian,the asteroid,non_human,Earth,3,3,3,6,high,False,0,False,False,0,0,24,0.0,0.0,success,,
1998,2,Saving Private Ryan,421,857.0,tt0120815,Saving Private Ryan,1998-07-24,HIGH,481840909,216540909.0,265300000.0,44.9,55.1,1.0,2.0,0.8162114926498304,-1.0,0.0,False,False,False,False,"As U.S. troops storm the beaches of Normandy, three brothers lie dead on the battlefield, with a fourth trapped behind enemy lines. Ranger captain John Miller and seven men are tasked with penetrating German-held territory and bringing the boy home.",https://www.boxofficemojo.com/year/world/1998/,True,en,/Users/cedricroetheli/Desktop/BA Cédric/Input/Code/boxoffice-analysis-pipeline/data/raw/subtitles/1998_Saving_Private_Ryan_tt0120815_243527.srt,Captain John Miller and his squad,state_military,German forces,state_military,Private James Ryan,0,2,1,2,high,True,2,True,True,1,2,22,0.0454545454545454,0.0909090909090909,success,,
1998,3,Godzilla,422,929.0,tt0120685,Godzilla,1998-05-20,HIGH,379014294,136314294.0,242700000.0,36.0,64.0,9.0,3.0,0.5616575772558714,6.0,0.0,False,False,False,False,"French nuclear tests irradiate an iguana into a giant monster that viciously attacks freighter ships in the Pacific Ocean. A team of experts, including Niko Tatopoulos, conclude that the oversized reptile is the culprit. Before long, the giant lizard is loose in Manhattan as the US military races to destroy the monster before it reproduces and it's spawn takes over the world.",https://www.boxofficemojo.com/year/world/1998/,True,en,/Users/cedricroetheli/Desktop/BA Cédric/Input/Code/boxoffice-analysis-pipeline/data/raw/subtitles/1998_Godzilla_tt0120685_6780501.srt,Niko Tatopoulos and the US military,state_military,Godzilla,non_human,Manhattan and potentially the world,3,2,1,5,medium,True,3,True,True,1,3,17,0.0588235294117647,0.1764705882352941,success,,
1998,4,There's Something About Mary,423,544.0,tt0129387,There's Something About Mary,1998-07-15,HIGH,369884651,176484651.0,193400000.0,47.7,52.3,3.0,5.0,0.912536975180972,-1.0,1.0,False,False,False,False,"For Ted, prom night went about as bad as it’s possible for any night to go. Thirteen years later, he finally gets another chance with his old prom date, only to run up against other suitors including the sleazy detective he hired to find her.",https://www.boxofficemojo.com/year/world/1998/,True,en,/Users/cedricroetheli/Desktop/BA Cédric/Input/Code/boxoffice-analysis-pipeline/data/raw/subtitles/1998_There_s_Something_About_Mary_tt0129387_482467.srt,Ted,individual_civilian,the sleazy detective Ted hired to find Mary,individual_civilian,Mary,0,0,0,0,medium,False,0,False,False,0,0,9,0.0,0.0,success,,
1998,5,A Bug's Life,424,9487.0,tt0120623,A Bug's Life,1998-11-25,HIGH,363258859,162798565.0,200460294.0,44.8,55.2,4.0,4.0,0.8121237465610023,-1.0,-1.0,False,False,False,False,"On behalf of ""oppressed bugs everywhere,"" an inventive ant named Flik hires a troupe of warrior bugs to defend his bustling colony from a horde of freeloading grasshoppers led by the evil-minded Hopper.",https://www.boxofficemojo.com/year/world/1998/,True,en,/Users/cedricroetheli/Desktop/BA Cédric/Input/Code/boxoffice-analysis-pipeline/data/raw/subtitles/1998_A_Bug_s_Life_tt0120623_186221.srt,Flik,individual_civilian,Hopper and his grasshopper horde,collective_civilian,the ant colony,1,1,0,2,high,False,0,False,False,0,0,20,0.0,0.0,success,,
1998,6,Mulan,425,10674.0,tt0120762,Mulan,1998-06-18,HIGH,304320254,120620254.0,183700000.0,39.6,60.4,13.0,7.0,0.6566154273271638,7.0,1.0,False,False,False,False,"When Imperial China calls one man from every family to defend the empire from invading Huns, a young woman disguises herself as a soldier to take her ailing father’s place. Facing ruthless invaders, brutal training, and the risk of execution if discovered, she must decide who she truly is— and what she’s willing to fight for.",https://www.boxofficemojo.com/year/world/1998/,True,en,/Users/cedricroetheli/Desktop/BA Cédric/Input/Code/boxoffice-analysis-pipeline/data/raw/subtitles/1998_Mulan_tt0120762_8056671.srt,Mulan,individual_civilian,the invading Huns,collective_civilian,Imperial China,2,2,1,4,high,False,0,False,False,0,0,25,0.0,0.0,success,,
1998,7,Doctor Dolittle,426,3050.0,tt0118998,Doctor Dolittle,1998-06-26,HIGH,294456605,144156605.0,150300000.0,49.0,51.0,6.0,11.0,0.9591257817697938,-1.0,4.0,False,False,False,False,"A successful physician and devoted family man, John Dolittle seems to have the world by the tail, until a long suppressed talent he possessed as a child, the ability to communicate with animals is suddenly reawakened with a vengeance! Now every creature within squawking distance wants the good doctor's advice, unleashing an outrageous chain of events that turns his world upside down!",https://www.boxofficemojo.com/year/world/1998/,True,en,/Users/cedricroetheli/Desktop/BA Cédric/Input/Code/boxoffice-analysis-pipeline/data/raw/subtitles/1998_Doctor_Dolittle_tt0118998_4429328.srt,John Dolittle,individual_civilian,the sudden return of Dolittle's ability to communicate with animals and the resulting animal demands,non_human,John Dolittle and his family life,0,0,0,0,medium,False,0,False,False,0,0,10,0.0,0.0,success,,
1998,8,Shakespeare in Love,427,1934.0,tt0138097,Shakespeare in Love,1998-12-11,HIGH,289317794,100317794.0,189000000.0,34.7,65.3,18.0,6.0,0.5307819788359789,10.0,-2.0,False,False,False,False,"Young William Shakespeare is forced to stage his latest comedy, 'Romeo and Ethel, the Pirate's Daughter', before it's even written. When lovely noblewoman Viola de Lesseps auditions for a role, they fall into forbidden love — and Shakespeare's play finds a new life (and title). As their relationship intensifies, the comedy soon transforms into tragedy.",https://www.boxofficemojo.com/year/world/1998/,True,en,/Users/cedricroetheli/Desktop/BA Cédric/Input/Code/boxoffice-analysis-pipeline/data/raw/subtitles/1998_Shakespeare_in_Love_tt0138097_4875175.srt,William Shakespeare,individual_civilian,the forbidden social constraints on William and Viola's relationship,collective_civilian,William Shakespeare and Viola de Lesseps,0,0,0,0,medium,False,0,False,False,0,0,12,0.0,0.0,success,,
1998,9,Lethal Weapon 4,428,944.0,tt0122151,Lethal Weapon 4,1998-07-10,HIGH,285444603,130444603.0,155000000.0,45.7,54.3,11.0,10.0,0.8415780838709678,2.0,1.0,False,False,False,False,"With personal crises and age weighing in on them, Riggs and Murtaugh must contend with deadly Chinese triads trying to free their former leaders from prison and onto American soil.",https://www.boxofficemojo.com/year/world/1998/,True,en,/Users/cedricroetheli/Desktop/BA Cédric/Input/Code/boxoffice-analysis-pipeline/data/raw/subtitles/1998_Lethal_Weapon_4_tt0122151_494624.srt,Riggs and Murtaugh,collective_civilian,deadly Chinese triads,collective_civilian,American society / the public on American soil,2,1,1,3,medium,True,1,False,True,0,1,14,0.0,0.0714285714285714,success,,
1998,10,The Truman Show,429,37165.0,tt0120382,The Truman Show,1998-06-04,HIGH,264118201,125618201.0,138500000.0,47.6,52.4,12.0,13.0,0.906990620938628,2.0,3.0,False,False,False,False,An insurance salesman begins to suspect that his whole life is actually some sort of reality TV show.,https://www.boxofficemojo.com/year/world/1998/,True,en,/Users/cedricroetheli/Desktop/BA Cédric/Input/Code/boxoffice-analysis-pipeline/data/raw/subtitles/1998_The_Truman_Show_tt0120382_6552702.srt,Truman Burbank,individual_civilian,the reality TV show system controlling Truman's life,corporate_institutional,Truman Burbank,0,0,0,0,medium,False,0,False,False,0,0,17,0.0,0.0,success,,
1998,11,Enemy of the State,430,9798.0,tt0120660,Enemy of the State,1998-11-20,HIGH,250849789,111549836.0,139299953.0,44.5,55.5,15.0,12.0,0.8007887554707215,4.0,1.0,False,False,False,False,"When the videotape of the murder of a congressman unknowingly ends up in the hands of labor lawyer and dedicated family man Robert Clayton Dean, he is framed for the murder. With the help of the mysterious Brill, Dean attempts to throw the NSA off his trail and prove his innocence.",https://www.boxofficemojo.com/year/world/1998/,True,en,/Users/cedricroetheli/Desktop/BA Cédric/Input/Code/boxoffice-analysis-pipeline/data/raw/subtitles/1998_Enemy_of_the_State_tt0120660_404019.srt,Robert Clayton Dean,individual_civilian,the NSA,state_military,Robert Clayton Dean,0,0,1,0,high,True,5,True,True,5,5,26,0.1923076923076923,0.1923076923076923,success,,
1998,12,You've Got Mail,431,9489.0,tt0128853,You've Got Mail,1998-12-18,HIGH,250821495,115821495.0,135000000.0,46.2,53.8,14.0,14.0,0.857937,2.0,2.0,False,False,False,False,Book superstore magnate Joe Fox and independent book shop owner Kathleen Kelly fall in love in the anonymity of the Internet—both blissfully unaware that he's trying to put her out of business.,https://www.boxofficemojo.com/year/world/1998/,True,en,/Users/cedricroetheli/Desktop/BA Cédric/Input/Code/boxoffice-analysis-pipeline/data/raw/subtitles/1998_You_ve_Got_Mail_tt0128853_429523.srt,Kathleen Kelly,individual_civilian,Joe Fox,corporate_institutional,Kathleen Kelly's independent book shop,0,0,0,0,medium,True,1,False,True,0,1,13,0.0,0.0769230769230769,success,,
1998,13,The Mask of Zorro,432,9342.0,tt0120746,The Mask of Zorro,1998-07-16,HIGH,250288523,94095523.0,156193000.0,37.6,62.4,19.0,9.0,0.6024311140704128,6.0,-4.0,False,False,False,False,"It has been twenty years since Don Diego de la Vega fought Spanish oppression in Alta California as the legendary romantic hero, Zorro. Having escaped from prison he transforms troubled bandit Alejandro into his successor, in order to foil the plans of the tyrannical Don Rafael Montero who robbed him of his freedom, his wife and his precious daughter.",https://www.boxofficemojo.com/year/world/1998/,True,en,/Users/cedricroetheli/Desktop/BA Cédric/Input/Code/boxoffice-analysis-pipeline/data/raw/subtitles/1998_The_Mask_of_Zorro_tt0120746_447549.srt,Alejandro / Zorro,individual_civilian,Don Rafael Montero,individual_civilian,Don Diego de la Vega's daughter,0,0,0,0,medium,True,1,False,True,0,1,12,0.0,0.0833333333333333,success,,
1998,14,Rush Hour,433,2109.0,tt0120812,Rush Hour,1998-09-18,HIGH,244386864,141186864.0,103200000.0,57.8,42.2,7.0,19.0,1.3680897674418604,-7.0,5.0,False,False,False,False,"When Hong Kong Inspector Lee is summoned to Los Angeles to investigate a kidnapping, the FBI doesn't want any outside help and assigns cocky LAPD Detective James Carter to distract Lee from the case. Not content to watch the action from the sidelines, Lee and Carter form an unlikely partnership and investigate the case themselves.",https://www.boxofficemojo.com/year/world/1998/,True,en,/Users/cedricroetheli/Desktop/BA Cédric/Input/Code/boxoffice-analysis-pipeline/data/raw/subtitles/1998_Rush_Hour_tt0120812_11065972.srt,Inspector Lee and Detective James Carter,state_military,the kidnappers,collective_civilian,the kidnapping victim,0,2,1,2,medium,True,3,True,True,2,3,15,0.1333333333333333,0.2,success,,
1998,15,Life Is Beautiful,434,637.0,tt0118799,Life Is Beautiful,1997-12-20,MED,228847384,57247384.0,171600000.0,25.0,75.0,35.0,8.0,0.3336094638694639,20.0,-7.0,False,False,False,False,A touching story of an Italian book seller of Jewish ancestry who lives in his own little fairy tale. His creative and happy life would come to an abrupt halt when his entire family is deported to a concentration camp during World War II. While locked up he tries to convince his son that the whole thing is just a game.,https://www.boxofficemojo.com/year/world/1998/,True,en,/Users/cedricroetheli/Desktop/BA Cédric/Input/Code/boxoffice-analysis-pipeline/data/raw/subtitles/1998_Life_Is_Beautiful_tt0118799_540389.srt,the Italian Jewish bookseller father,individual_civilian,the Nazi concentration camp regime,state_military,"his family, especially his son",1,0,1,1,high,True,4,True,True,4,4,31,0.1290322580645161,0.1290322580645161,success,,
1998,16,The Prince of Egypt,435,9837.0,tt0120794,The Prince of Egypt,1998-12-16,HIGH,218613188,101413188.0,117200000.0,46.4,53.6,16.0,17.0,0.8653002389078498,0.0,1.0,False,False,False,False,"The strong bond between two Royal Egyptian brothers is challenged when their chosen responsibilities set them at odds, with extraordinary consequences.",https://www.boxofficemojo.com/year/world/1998/,True,en,/Users/cedricroetheli/Desktop/BA Cédric/Input/Code/boxoffice-analysis-pipeline/data/raw/subtitles/1998_The_Prince_of_Egypt_tt0120794_612528.srt,Moses,individual_civilian,Rameses,state_military,the Hebrew slaves,1,2,1,3,medium,True,1,True,True,1,1,18,0.0555555555555555,0.0555555555555555,success,,
1998,17,Patch Adams,436,10312.0,tt0129290,Patch Adams,1998-12-25,HIGH,202292902,135026902.0,67266000.0,66.7,33.3,10.0,25.0,2.0073573870900603,-7.0,8.0,False,False,False,False,"The true story of Dr. Hunter ""Patch"" Adams, who in the 1970s found that humor is the best medicine, and was willing to do just anything to make his patients laugh—even if it meant risking his own career.",https://www.boxofficemojo.com/year/world/1998/,True,en,/Users/cedricroetheli/Desktop/BA Cédric/Input/Code/boxoffice-analysis-pipeline/data/raw/subtitles/1998_Patch_Adams_tt0129290_9213545.srt,"Dr. Hunter ""Patch"" Adams",individual_civilian,medical establishment opposing Patch's methods,corporate_institutional,Patch's patients,1,0,0,1,medium,False,0,False,False,0,0,14,0.0,0.0,success,,
1998,18,City of Angels,437,795.0,tt0120632,City of Angels,1998-04-10,HIGH,198685114,78685114.0,120000000.0,39.6,60.4,25.0,16.0,0.6557092833333333,7.0,-2.0,False,False,False,False,"When a guardian angel – who invisibly watches over the citizens of Los Angeles – becomes captivated by a strong-willed heart surgeon, he ponders trading in his pure, otherworldly existence for a mortal life with his beloved. The couple embarks on a tender but forbidden romance spanning heaven and Earth.",https://www.boxofficemojo.com/year/world/1998/,True,en,/Users/cedricroetheli/Desktop/BA Cédric/Input/Code/boxoffice-analysis-pipeline/data/raw/subtitles/1998_City_of_Angels_tt0120632_4497805.srt,the guardian angel,non_human,the forbidden boundary between angelic and mortal existence,non_human,the guardian angel and the heart surgeon,1,0,0,1,medium,False,0,False,False,0,0,10,0.0,0.0,success,,
1998,19,The Horse Whisperer,438,547.0,tt0119314,The Horse Whisperer,1998-02-01,HIGH,186883563,75383563.0,111500000.0,40.3,59.7,26.0,18.0,0.6760857668161435,7.0,-1.0,False,False,False,False,The mother of a severely traumatized daughter enlists the aid of a unique horse trainer to help the girl's equally injured horse.,https://www.boxofficemojo.com/year/world/1998/,True,en,/Users/cedricroetheli/Desktop/BA Cédric/Input/Code/boxoffice-analysis-pipeline/data/raw/subtitles/1998_The_Horse_Whisperer_tt0119314_4615288.srt,the horse trainer,individual_civilian,the trauma from the accident,none,the traumatized daughter and her injured horse,1,0,0,1,medium,True,2,True,True,1,2,19,0.0526315789473684,0.1052631578947368,success_with_warnings,villain_actor unresolved (none),
1998,20,The Waterboy,439,10663.0,tt0120484,The Waterboy,1998-11-06,HIGH,185991646,161491646.0,24500000.0,86.8,13.2,5.0,45.0,6.5914957551020406,-15.0,25.0,False,False,False,False,Bobby Boucher is a water boy for a struggling college football team. The coach discovers Boucher's hidden rage makes him a tackling machine whose bone-crushing power might vault his team into the playoffs.,https://www.boxofficemojo.com/year/world/1998/,True,en,/Users/cedricroetheli/Desktop/BA Cédric/Input/Code/boxoffice-analysis-pipeline/data/raw/subtitles/1998_The_Waterboy_tt0120484_217043.srt,Bobby Boucher,individual_civilian,opposing college football teams,collective_civilian,Bobby Boucher's college football team,1,1,0,2,medium,False,0,False,False,0,0,9,0.0,0.0,success,,
1999,1,Star Wars: Episode I - The Phantom Menace,440,1893.0,tt0120915,Star Wars: Episode I - The Phantom Menace,1999-05-19,HIGH,924305084,431088295.0,493216789.0,46.6,53.4,1.0,1.0,0.8740341055178477,0.0,0.0,False,False,False,False,"Anakin Skywalker, a young slave strong with the Force, is discovered on Tatooine. Meanwhile, the evil Sith have returned, enacting their plot for revenge against the Jedi.",https://www.boxofficemojo.com/year/world/1999/,True,en,/Users/cedricroetheli/Desktop/BA Cédric/Input/Code/boxoffice-analysis-pipeline/data/raw/subtitles/1999_Star_Wars_Episode_I_The_Phantom_Menace_tt0120915_8542867.srt,Anakin Skywalker,individual_civilian,the Sith,collective_civilian,the Jedi,1,2,2,3,medium,True,2,True,True,2,2,10,0.2,0.2,success,,
1999,2,The Sixth Sense,441,745.0,tt0167404,The Sixth Sense,1999-08-06,HIGH,672806292,293506292.0,379300000.0,43.6,56.4,2.0,2.0,0.7738104191932508,0.0,0.0,False,False,False,False,"Following an unexpected tragedy, child psychologist Malcolm Crowe meets a nine year old boy named Cole Sear, who is hiding a dark secret.",https://www.boxofficemojo.com/year/world/1999/,True,en,/Users/cedricroetheli/Desktop/BA Cédric/Input/Code/boxoffice-analysis-pipeline/data/raw/subtitles/1999_The_Sixth_Sense_tt0167404_4513181.srt,Malcolm Crowe,individual_civilian,Cole Sear's dark secret,none,Cole Sear,0,0,0,0,medium,False,0,False,False,0,0,24,0.0,0.0,success_with_warnings,villain_actor unresolved (none),
1999,3,Toy Story 2,442,863.0,tt0120363,Toy Story 2,1999-10-30,HIGH,487059677,245852179.0,241207498.0,50.5,49.5,3.0,6.0,1.0192559561311814,0.0,3.0,False,False,False,False,"Andy heads off to Cowboy Camp, leaving his toys to their own devices. Things shift into high gear when an obsessive toy collector named Al McWhiggen, owner of Al's Toy Barn kidnaps Woody. Andy's toys mount a daring rescue mission, Buzz Lightyear meets his match and Woody has to decide where he and his heart truly belong.",https://www.boxofficemojo.com/year/world/1999/,True,en,/Users/cedricroetheli/Desktop/BA Cédric/Input/Code/boxoffice-analysis-pipeline/data/raw/subtitles/1999_Toy_Story_2_tt0120363_340008.srt,Buzz Lightyear and Andy's toys,collective_civilian,Al McWhiggen,individual_civilian,Woody,0,0,0,0,high,False,0,False,False,0,0,18,0.0,0.0,success,,
1999,4,The Matrix,443,603.0,tt0133093,The Matrix,1999-03-31,HIGH,463517383,171479930.0,292037453.0,37.0,63.0,5.0,3.0,0.5871847197626395,1.0,-1.0,False,False,False,False,"Set in the 22nd century, The Matrix tells the story of a computer hacker who joins a group of underground insurgents fighting the vast and powerful computers who now rule the earth.",https://www.boxofficemojo.com/year/world/1999/,True,en,/Users/cedricroetheli/Desktop/BA Cédric/Input/Code/boxoffice-analysis-pipeline/data/raw/subtitles/1999_The_Matrix_tt0133093_5026939.srt,a computer hacker,individual_civilian,the vast and powerful computers who rule the earth,non_human,humanity under computer rule,3,3,3,6,high,True,1,True,True,1,1,33,0.0303030303030303,0.0303030303030303,success,,
1999,5,Tarzan,444,37135.0,tt0120855,Tarzan,1999-06-17,HIGH,448191819,171091819.0,277100000.0,38.2,61.8,6.0,4.0,0.6174370949115843,1.0,-1.0,False,False,False,False,"Tarzan was a small orphan who was raised by an ape named Kala since he was a child. He believed that this was his family, but on an expedition Jane Porter is rescued by Tarzan. He then finds out that he's human. Now Tarzan must make the decision as to which family he should belong to...",https://www.boxofficemojo.com/year/world/1999/,True,en,/Users/cedricroetheli/Desktop/BA Cédric/Input/Code/boxoffice-analysis-pipeline/data/raw/subtitles/1999_Tarzan_tt0120855_4466502.srt,Tarzan,individual_civilian,,none,Tarzan's ape family,1,0,0,1,low,False,0,False,False,0,0,13,0.0,0.0,success_with_warnings,villain_actor unresolved (none),
1999,6,Notting Hill,445,509.0,tt0125439,Notting Hill,1999-05-21,HIGH,363889678,116089678.0,247800000.0,31.9,68.1,16.0,5.0,0.4684813478611783,10.0,-1.0,False,False,False,False,London bookstore owner William Thacker's quiet life turns upside down when a chance encounter with famous actress Anna Scott sparks an unlikely romance challenged by their vastly different worlds.,https://www.boxofficemojo.com/year/world/1999/,True,en,/Users/cedricroetheli/Desktop/BA Cédric/Input/Code/boxoffice-analysis-pipeline/data/raw/subtitles/1999_Notting_Hill_tt0125439_7172687.srt,William Thacker,individual_civilian,the pressures of fame and their different worlds,corporate_institutional,the romance between William Thacker and Anna Scott,0,0,0,0,medium,False,0,False,False,0,0,29,0.0,0.0,success,,
1999,7,American Beauty,446,14.0,tt0169547,American Beauty,1999-09-15,HIGH,356296601,130096601.0,226200000.0,36.5,63.5,13.0,7.0,0.5751397038019452,6.0,0.0,False,False,False,False,"Lester Burnham, a depressed suburban father in a mid-life crisis, decides to turn his hectic life around after developing an infatuation with his daughter's attractive friend.",https://www.boxofficemojo.com/year/world/1999/,True,en,/Users/cedricroetheli/Desktop/BA Cédric/Input/Code/boxoffice-analysis-pipeline/data/raw/subtitles/1999_American_Beauty_tt0169547_6594065.srt,Lester Burnham,individual_civilian,Lester Burnham's mid-life crisis and dysfunctional suburban life,none,Lester Burnham,0,0,0,0,medium,False,0,False,False,0,0,36,0.0,0.0,success_with_warnings,villain_actor unresolved (none),
1999,8,Runaway Bride,447,4806.0,tt0163187,Runaway Bride,1999-07-30,HIGH,309460292,152257509.0,157202783.0,49.2,50.8,9.0,9.0,0.9685420709123196,1.0,1.0,False,False,False,False,"Having already left three grooms at the altar, Maggie Carpenter is branded ""the runaway bride"" by jaded New York journalist Ike Graham. But, after his facts are called into question, Ike races to Maggie's hometown to save his reputation and report on her upcoming fourth trip down the aisle – during which he's convinced she'll run again. Though he's there on a muckraking mission, Ike can't help but fall for this breathtaking heartbreaker.",https://www.boxofficemojo.com/year/world/1999/,True,en,/Users/cedricroetheli/Desktop/BA Cédric/Input/Code/boxoffice-analysis-pipeline/data/raw/subtitles/1999_Runaway_Bride_tt0163187_7388379.srt,Ike Graham,individual_civilian,Maggie Carpenter's pattern of running from marriage,individual_civilian,Ike Graham's reputation,0,0,0,0,medium,False,0,False,False,0,0,14,0.0,0.0,success,,
1999,9,Stuart Little,448,10137.0,tt0164912,Stuart Little,1999-12-17,HIGH,300135367,140035367.0,160100000.0,46.7,53.3,11.0,8.0,0.8746743722673329,2.0,-1.0,False,False,False,False,"When the Littles adopt Stuart, the mouse, George is initially unwelcoming to his new brother, and the family cat, Snowbell, is even less enthusiastic. Stuart resolves to face these difficulties with as much pluck and courage as he can muster.",https://www.boxofficemojo.com/year/world/1999/,True,en,/Users/cedricroetheli/Desktop/BA Cédric/Input/Code/boxoffice-analysis-pipeline/data/raw/subtitles/1999_Stuart_Little_tt0164912_391188.srt,Stuart,individual_civilian,George and Snowbell,collective_civilian,Stuart,0,0,0,0,medium,False,0,False,False,0,0,15,0.0,0.0,success,,
1999,10,The Green Mile,449,497.0,tt0120689,The Green Mile,1999-12-10,HIGH,286801374,136801374.0,150000000.0,47.7,52.3,12.0,10.0,0.91200916,2.0,0.0,False,False,False,False,"A supernatural tale set on death row in a Southern prison, where gentle giant John Coffey possesses the mysterious power to heal people's ailments. When the cell block's head guard, Paul Edgecomb, recognizes Coffey's miraculous gift, he tries desperately to help stave off the condemned man's execution.",https://www.boxofficemojo.com/year/world/1999/,True,en,/Users/cedricroetheli/Desktop/BA Cédric/Input/Code/boxoffice-analysis-pipeline/data/raw/subtitles/1999_The_Green_Mile_tt0120689_10456951.srt,Paul Edgecomb,individual_civilian,the prison execution system,state_military,John Coffey,0,0,0,0,medium,True,2,False,True,0,2,20,0.0,0.1,success,,
1999,11,The Blair Witch Project,450,2667.0,tt0185937,The Blair Witch Project,1999-07-14,HIGH,248639099,140539099.0,108100000.0,56.5,43.5,10.0,15.0,1.3000841720629046,-1.0,4.0,False,False,False,False,"In October of 1994 three student filmmakers disappeared in the woods near Burkittsville, Maryland, while shooting a documentary. A year later their footage was found.",https://www.boxofficemojo.com/year/world/1999/,True,en,/Users/cedricroetheli/Desktop/BA Cédric/Input/Code/boxoffice-analysis-pipeline/data/raw/subtitles/1999_The_Blair_Witch_Project_tt0185937_10530549.srt,three student filmmakers,collective_civilian,the Blair Witch,non_human,three student filmmakers,1,0,0,1,medium,True,1,True,True,1,1,26,0.0384615384615384,0.0384615384615384,success,,
1999,12,American Pie,451,2105.0,tt0163651,American Pie,1999-07-09,HIGH,235483004,102561004.0,132922000.0,43.6,56.4,20.0,12.0,0.7715878786054979,8.0,0.0,False,False,False,False,"At a high-school party, four friends find that losing their collective virginity isn't as easy as they had thought. But they still believe that they need to do so before college. To motivate themselves, they enter a pact to all ""score"" by their senior prom.",https://www.boxofficemojo.com/year/world/1999/,True,en,/Users/cedricroetheli/Desktop/BA Cédric/Input/Code/boxoffice-analysis-pipeline/data/raw/subtitles/1999_American_Pie_tt0163651_6758153.srt,the four friends,collective_civilian,their inability to lose their virginity before prom,none,the four friends,1,0,0,1,medium,False,0,False,False,0,0,15,0.0,0.0,success_with_warnings,villain_actor unresolved (none),
1999,13,Big Daddy,452,9032.0,tt0142342,Big Daddy,1999-06-25,HIGH,234801895,163479795.0,71322100.0,69.6,30.4,7.0,24.0,2.2921337846193537,-6.0,11.0,False,False,False,False,"A lazy law school grad adopts a kid to impress his girlfriend, but everything doesn't go as planned. Now he's forced to grow up while navigating the challenges of fatherhood.",https://www.boxofficemojo.com/year/world/1999/,True,en,/Users/cedricroetheli/Desktop/BA Cédric/Input/Code/boxoffice-analysis-pipeline/data/raw/subtitles/1999_Big_Daddy_tt0142342_356199.srt,a lazy law school grad,individual_civilian,the challenges of fatherhood,none,the adopted kid,0,0,0,0,medium,False,0,False,False,0,0,11,0.0,0.0,success_with_warnings,villain_actor unresolved (none),
1999,14,Wild Wild West,453,8487.0,tt0120891,Wild Wild West,1999-06-30,HIGH,222104681,113804681.0,108300000.0,51.2,48.8,17.0,14.0,1.050828079409049,3.0,0.0,False,False,False,False,Legless Southern inventor Dr. Arliss Loveless plans to rekindle the Civil War by assassinating President Ulysses S. Grant. Only two men can stop him: gunfighter James West and master-of-disguise and inventor Artemus Gordon. The two must team up to thwart Loveless' plans.,https://www.boxofficemojo.com/year/world/1999/,True,en,/Users/cedricroetheli/Desktop/BA Cédric/Input/Code/boxoffice-analysis-pipeline/data/raw/subtitles/1999_Wild_Wild_West_tt0120891_510091.srt,James West and Artemus Gordon,collective_civilian,Dr. Arliss Loveless,individual_civilian,President Ulysses S. Grant and the United States,2,2,1,4,high,False,0,False,False,0,0,14,0.0,0.0,success,,
1999,15,Entrapment,454,1844.0,tt0137494,Entrapment,1999-04-29,HIGH,212404396,87704396.0,124700000.0,41.3,58.7,24.0,13.0,0.7033231435445069,9.0,-2.0,False,False,False,False,"Two thieves, who travel in elegant circles, try to outsmart each other and, in the process, end up falling in love.",https://www.boxofficemojo.com/year/world/1999/,True,en,/Users/cedricroetheli/Desktop/BA Cédric/Input/Code/boxoffice-analysis-pipeline/data/raw/subtitles/1999_Entrapment_tt0137494_552269.srt,two thieves,collective_civilian,each other,collective_civilian,the two thieves,1,0,0,1,low,False,0,False,False,0,0,16,0.0,0.0,success,,
1999,16,End of Days,455,9946.0,tt0146675,End of Days,1999-11-24,HIGH,211989043,66889043.0,145100000.0,31.6,68.4,33.0,11.0,0.4609858235699517,17.0,-5.0,False,False,False,False,"Cynical bodyguard Jericho is hired by a man possessed by Satan, who is in search of his bride. When Jericho realizes what is happening, he must do everything he can to save the woman and the world.",https://www.boxofficemojo.com/year/world/1999/,True,en,/Users/cedricroetheli/Desktop/BA Cédric/Input/Code/boxoffice-analysis-pipeline/data/raw/subtitles/1999_End_of_Days_tt0146675_613330.srt,Jericho,individual_civilian,Satan,non_human,the woman and the world,3,0,3,3,high,False,0,False,False,0,0,31,0.0,0.0,success,,
1999,17,Austin Powers: The Spy Who Shagged Me,456,817.0,tt0145660,Austin Powers: The Spy Who Shagged Me,1999-06-08,HIGH,206756403,206040086.0,715970.0,99.7,0.3,4.0,93.0,287.77754095842005,-13.0,76.0,False,False,False,False,"When diabolical genius Dr. Evil travels back in time to steal superspy Austin Powers's ‘mojo,’ Austin must return to the swingin' '60s himself - with the help of American agent, Felicity Shagwell - to stop the dastardly plan. Once there, Austin faces off against Dr. Evil's army of minions to try to save the world in his own unbelievably groovy way.",https://www.boxofficemojo.com/year/world/1999/,True,en,/Users/cedricroetheli/Desktop/BA Cédric/Input/Code/boxoffice-analysis-pipeline/data/raw/subtitles/1999_Austin_Powers_The_Spy_Who_Shagged_Me_tt0145660_5142322.srt,Austin Powers,individual_civilian,Dr. Evil,individual_civilian,the world,3,3,3,6,high,True,1,False,True,0,1,21,0.0,0.0476190476190476,success,,
1999,18,Sleepy Hollow,457,2668.0,tt0162661,Sleepy Hollow,1999-11-19,HIGH,206071502,101071502.0,105000000.0,49.0,51.0,21.0,17.0,0.9625857333333332,3.0,-1.0,False,False,False,False,"Skeptical young detective Ichabod Crane gets transferred to the hamlet of Sleepy Hollow, New York, where he is tasked with investigating the decapitations of three people – murders the townsfolk attribute to a legendary specter, The Headless Horseman.",https://www.boxofficemojo.com/year/world/1999/,True,en,/Users/cedricroetheli/Desktop/BA Cédric/Input/Code/boxoffice-analysis-pipeline/data/raw/subtitles/1999_Sleepy_Hollow_tt0162661_280729.srt,Ichabod Crane,individual_civilian,The Headless Horseman,non_human,the townsfolk of Sleepy Hollow,1,1,0,2,high,False,0,False,False,0,0,8,0.0,0.0,success,,
1999,19,Double Jeopardy,458,10398.0,tt0150377,Double Jeopardy,1999-09-24,HIGH,177841558,116741558.0,61100000.0,65.6,34.4,15.0,28.0,1.91066379705401,-4.0,9.0,False,False,False,False,"Libby Parsons, wrongly convicted of her husband Nick's murder, thinks he is still alive. She survives the long years in prison with two burning desires sustaining her -- finding her son and solving the mystery that destroyed her once-happy life. Standing between her and her quest, however, is her parole officer, Travis Lehman. Libby poses a challenge to the cynical officer, one that forces him to face up to his own failings while pitting him against his superior and law enforcement colleagues, as she plunges into a desperate fight for justice, survival, and revenge.",https://www.boxofficemojo.com/year/world/1999/,True,en,/Users/cedricroetheli/Desktop/BA Cédric/Input/Code/boxoffice-analysis-pipeline/data/raw/subtitles/1999_Double_Jeopardy_tt0150377_619541.srt,Libby Parsons,individual_civilian,Nick Parsons,individual_civilian,Libby Parsons and her son,1,0,1,1,medium,False,0,False,False,0,0,30,0.0,0.0,success,,
1999,20,The Haunting,459,11618.0,tt0171363,The Haunting,1999-07-23,HIGH,177311151,91411151.0,85900000.0,51.6,48.4,23.0,19.0,1.064157753201397,3.0,-1.0,False,False,False,False,Dr. David Marrow invites three distinct individuals to the eerie and isolated Hill House to be subjects for a sleep disorder study. The unfortunate guests discover that Marrow is far more interested in the sinister mansion itself — and they soon see the true nature of its horror.,https://www.boxofficemojo.com/year/world/1999/,True,en,/Users/cedricroetheli/Desktop/BA Cédric/Input/Code/boxoffice-analysis-pipeline/data/raw/subtitles/1999_The_Haunting_tt0171363_437837.srt,the guests at Hill House,collective_civilian,Hill House,non_human,the guests at Hill House,1,0,0,1,medium,False,0,False,False,0,0,22,0.0,0.0,success,,
2000,1,Mission: Impossible II,460,955.0,tt0120755,Mission: Impossible II,2000-05-24,HIGH,546388108,215409889.0,330978219.0,39.4,60.6,3.0,1.0,0.6508279899832321,2.0,0.0,False,False,False,False,"With computer genius Luther Stickell at his side and a beautiful thief on his mind, agent Ethan Hunt races across Australia and Spain to stop a former IMF agent from unleashing a genetically engineered biological weapon called Chimera. This mission, should Hunt choose to accept it, plunges him into the center of an international crisis of terrifying magnitude.",https://www.boxofficemojo.com/year/world/2000/,True,en,/Users/cedricroetheli/Desktop/BA Cédric/Input/Code/boxoffice-analysis-pipeline/data/raw/subtitles/2000_Mission_Impossible_II_tt0120755_4665617.srt,Ethan Hunt,state_military,a former IMF agent,state_military,the international public threatened by Chimera,3,3,2,6,high,True,2,False,True,0,2,29,0.0,0.0689655172413793,success,,
2000,2,Gladiator,461,98.0,tt0172495,Gladiator,2000-05-04,HIGH,460583960,187705427.0,272878533.0,40.8,59.2,4.0,2.0,0.6878717242297693,2.0,0.0,False,False,False,False,"After the death of Emperor Marcus Aurelius, his devious son takes power and demotes Maximus, one of Rome's most capable generals who Marcus preferred. Eventually, Maximus is forced to become a gladiator and battle to the death against other men for the amusement of paying audiences.",https://www.boxofficemojo.com/year/world/2000/,True,en,/Users/cedricroetheli/Desktop/BA Cédric/Input/Code/boxoffice-analysis-pipeline/data/raw/subtitles/2000_Gladiator_tt0172495_5255077.srt,Maximus,state_military,Marcus Aurelius's son,state_military,Maximus,0,0,0,0,medium,True,2,True,True,1,2,25,0.04,0.08,success,,
2000,3,Cast Away,462,8358.0,tt0162222,Cast Away,2000-12-22,HIGH,429632142,233632142.0,196000000.0,54.4,45.6,2.0,4.0,1.192000724489796,-1.0,1.0,False,False,False,False,"Chuck Noland, a top international manager for FedEx, and Kelly, a Ph.D. student, are in love and heading towards marriage. Then Chuck's plane to Malaysia crashes at sea during a terrible storm. He's the only survivor, and finds himself marooned on a desolate island. With no way to escape, Chuck must find ways to survive in his new home.",https://www.boxofficemojo.com/year/world/2000/,True,en,/Users/cedricroetheli/Desktop/BA Cédric/Input/Code/boxoffice-analysis-pipeline/data/raw/subtitles/2000_Cast_Away_tt0162222_4446097.srt,Chuck Noland,individual_civilian,the desolate island and survival conditions,non_human,Chuck Noland,0,0,0,0,high,False,0,False,False,0,0,16,0.0,0.0,success,,
2000,4,What Women Want,463,3981.0,tt0207201,What Women Want,2000-12-15,HIGH,374111707,182811707.0,191300000.0,48.9,51.1,5.0,5.0,0.9556283690538422,1.0,1.0,False,False,False,False,"Advertising executive Nick Marshall is as cocky as they come, but what happens to a chauvinistic guy when he can suddenly hear what women are thinking? Nick gets passed over for a promotion, but after an accident enables him to hear women's thoughts, he puts his newfound talent to work against Darcy, his new boss, who seems to be infatuated with him.",https://www.boxofficemojo.com/year/world/2000/,True,en,/Users/cedricroetheli/Desktop/BA Cédric/Input/Code/boxoffice-analysis-pipeline/data/raw/subtitles/2000_What_Women_Want_tt0207201_10399756.srt,Nick Marshall,individual_civilian,Darcy,individual_civilian,Nick Marshall,0,0,0,0,medium,False,0,False,False,0,0,13,0.0,0.0,success,,
2000,5,Dinosaur,464,10567.0,tt0130623,Dinosaur,2000-05-19,HIGH,349822765,137748063.0,212074702.0,39.4,60.6,11.0,3.0,0.6495261419723697,6.0,-2.0,False,False,False,False,An orphaned dinosaur raised by lemurs joins an arduous trek to a sancturary after a meteorite shower destroys his family home.,https://www.boxofficemojo.com/year/world/2000/,True,en,/Users/cedricroetheli/Desktop/BA Cédric/Input/Code/boxoffice-analysis-pipeline/data/raw/subtitles/2000_Dinosaur_tt0130623_505976.srt,the orphaned dinosaur,non_human,the meteorite shower,non_human,the dinosaur and lemur survivors seeking sanctuary,1,0,0,1,medium,True,1,True,True,1,1,16,0.0625,0.0625,success,,
2000,6,How the Grinch Stole Christmas,465,8871.0,tt0170016,How the Grinch Stole Christmas,2000-11-17,HIGH,346328278,261231700.0,85096578.0,75.4,24.6,1.0,24.0,3.069826145065434,-5.0,18.0,False,False,False,False,The Grinch decides to rob Whoville of Christmas - but a dash of kindness from little Cindy Lou Who and her family may be enough to melt his heart...,https://www.boxofficemojo.com/year/world/2000/,True,en,/Users/cedricroetheli/Desktop/BA Cédric/Input/Code/boxoffice-analysis-pipeline/data/raw/subtitles/2000_How_the_Grinch_Stole_Christmas_tt0170016_4884913.srt,Cindy Lou Who and her family,collective_civilian,the Grinch,individual_civilian,Whoville,2,1,0,3,medium,False,0,False,False,0,0,11,0.0,0.0,success,,
2000,7,Meet the Parents,466,1597.0,tt0212338,Meet the Parents,2000-10-06,HIGH,330444045,166244045.0,164200000.0,50.3,49.7,7.0,6.0,1.012448507917174,0.0,-1.0,False,False,False,False,"Greg Focker is ready to marry his girlfriend, Pam, but before he pops the question, he must win over her formidable father, humorless former CIA agent Jack Byrnes, at the wedding of Pam's sister. As Greg bends over backward to make a good impression, his visit to the Byrnes home turns into a hilarious series of disasters, and everything that can go wrong does, all under Jack's critical, hawklike gaze.",https://www.boxofficemojo.com/year/world/2000/,True,en,/Users/cedricroetheli/Desktop/BA Cédric/Input/Code/boxoffice-analysis-pipeline/data/raw/subtitles/2000_Meet_the_Parents_tt0212338_589677.srt,Greg Focker,individual_civilian,Jack Byrnes,individual_civilian,Greg and Pam's relationship,0,0,0,0,high,False,0,False,False,0,0,16,0.0,0.0,success,,
2000,8,The Perfect Storm,467,2133.0,tt0177971,The Perfect Storm,2000-06-29,HIGH,328718434,182618434.0,146100000.0,55.6,44.4,6.0,9.0,1.2499550581793293,-2.0,1.0,False,False,False,False,"In October 1991, a confluence of weather conditions combined to form a killer storm in the North Atlantic. Caught in the storm was the sword-fishing boat Andrea Gail.",https://www.boxofficemojo.com/year/world/2000/,True,en,/Users/cedricroetheli/Desktop/BA Cédric/Input/Code/boxoffice-analysis-pipeline/data/raw/subtitles/2000_The_Perfect_Storm_tt0177971_4611547.srt,the crew of the Andrea Gail,collective_civilian,the killer storm in the North Atlantic,non_human,the crew of the Andrea Gail,1,0,2,1,medium,False,0,False,False,0,0,20,0.0,0.0,success,,
2000,9,X-Men,468,36657.0,tt0120903,X-Men,2000-07-13,HIGH,296339528,157299718.0,139039810.0,53.1,46.9,8.0,10.0,1.1313286317062718,-1.0,1.0,False,False,False,False,"Two mutants, Rogue and Wolverine, come to a private academy for their kind whose resident superhero team, the X-Men, must oppose a terrorist organization with similar powers.",https://www.boxofficemojo.com/year/world/2000/,True,en,/Users/cedricroetheli/Desktop/BA Cédric/Input/Code/boxoffice-analysis-pipeline/data/raw/subtitles/2000_X_Men_tt0120903_253377.srt,the X-Men,collective_civilian,a terrorist organization of mutants,collective_civilian,mutants and broader society,2,1,1,3,medium,False,0,False,False,0,0,4,0.0,0.0,success,,
2000,10,What Lies Beneath,469,2655.0,tt0161081,What Lies Beneath,2000-07-21,HIGH,291420351,155464351.0,135956000.0,53.3,46.7,10.0,12.0,1.1434901806466795,0.0,2.0,False,False,False,False,Norman and Claire Spencer are a seemingly happily married couple who uncover a terrible secret… a secret so disturbing it threatens to destroy them.,https://www.boxofficemojo.com/year/world/2000/,True,en,/Users/cedricroetheli/Desktop/BA Cédric/Input/Code/boxoffice-analysis-pipeline/data/raw/subtitles/2000_What_Lies_Beneath_tt0161081_501010.srt,Claire Spencer,individual_civilian,a terrible secret,none,Norman and Claire Spencer,0,0,0,0,medium,False,0,False,False,0,0,25,0.0,0.0,success_with_warnings,villain_actor unresolved (none),
2000,11,Scary Movie,470,4247.0,tt0175142,Scary Movie,2000-07-07,HIGH,278019771,157019771.0,121000000.0,56.5,43.5,9.0,14.0,1.2976840578512396,-2.0,3.0,False,False,False,False,"A familiar-looking group of teenagers find themselves being stalked by a more-than-vaguely recognizable masked killer! As the victims begin to pile up and the laughs pile on, none of your favorite scary movies escape the razor-sharp satire of this outrageously funny parody!",https://www.boxofficemojo.com/year/world/2000/,True,en,/Users/cedricroetheli/Desktop/BA Cédric/Input/Code/boxoffice-analysis-pipeline/data/raw/subtitles/2000_Scary_Movie_tt0175142_11659575.srt,a familiar-looking group of teenagers,collective_civilian,a masked killer,individual_civilian,a familiar-looking group of teenagers,1,0,0,1,medium,False,0,False,False,0,0,13,0.0,0.0,success,,
2000,12,Charlie's Angels,471,4327.0,tt0160127,Charlie's Angels,2000-11-02,HIGH,264105545,125305545.0,138800000.0,47.4,52.6,14.0,11.0,0.9027777017291068,2.0,-1.0,False,False,False,False,"The captivating crime-fighting trio who are masters of disguise, espionage and martial arts are back! When a devious mastermind embroils them in a plot to destroy individual privacy, the Angels, aided by their loyal sidekick Bosley, set out to bring down the bad guys. But when a terrible secret is revealed, it makes the Angels targets for assassination.",https://www.boxofficemojo.com/year/world/2000/,True,en,/Users/cedricroetheli/Desktop/BA Cédric/Input/Code/boxoffice-analysis-pipeline/data/raw/subtitles/2000_Charlie_s_Angels_tt0160127_4635724.srt,the Angels,collective_civilian,a devious mastermind and the bad guys,collective_civilian,individual privacy,2,3,1,5,medium,True,1,False,True,0,1,22,0.0,0.0454545454545454,success,,
2000,13,Unbreakable,472,9741.0,tt0217869,Unbreakable,2000-11-22,HIGH,248118121,95011339.0,153106782.0,38.3,61.7,23.0,7.0,0.6205560443429606,10.0,-6.0,False,False,False,False,"An ordinary man makes an extraordinary discovery when a train accident leaves his fellow passengers dead — and him unscathed. The answer to this mystery could lie with the mysterious Elijah Price, a man who suffers from a disease that renders his bones as fragile as glass.",https://www.boxofficemojo.com/year/world/2000/,True,en,/Users/cedricroetheli/Desktop/BA Cédric/Input/Code/boxoffice-analysis-pipeline/data/raw/subtitles/2000_Unbreakable_tt0217869_421114.srt,the ordinary man who survives the train accident,individual_civilian,Elijah Price,individual_civilian,train passengers and other people endangered by the mystery surrounding Elijah Price,1,1,0,2,medium,False,0,False,False,0,0,15,0.0,0.0,success,,
2000,14,Gone in 60 Seconds,473,9679.0,tt0187078,Gone in Sixty Seconds,2000-06-09,MANUAL_ACCEPTED,237202299,101648571.0,135553728.0,42.9,57.1,22.0,13.0,0.749876617189016,8.0,-1.0,False,False,False,False,"Ex-car thief Randall Raines is forced out of retirement to save his brother Kip after a boost gone wrong. With the help of allies old and new, they race to meet the demands of notorious crime boss Raymond Calitri as the police are in hot pursuit.",https://www.boxofficemojo.com/year/world/2000/,True,en,/Users/cedricroetheli/Desktop/BA Cédric/Input/Code/boxoffice-analysis-pipeline/data/raw/subtitles/2000_Gone_in_60_Seconds_tt0187078_8196051.srt,Randall Raines,individual_civilian,Raymond Calitri,individual_civilian,Kip Raines,0,0,0,0,high,False,0,False,False,0,0,24,0.0,0.0,success,,
2000,15,Chicken Run,474,7443.0,tt0120630,Chicken Run,2000-06-23,HIGH,224834564,106834564.0,118000000.0,47.5,52.5,20.0,15.0,0.9053776610169492,5.0,0.0,False,False,False,False,"The creators of Wallace & Gromit bring you an exciting and original story about a group of chickens determined to fly the coop–even if they can’t fly! It’s hardly poultry in motion when Rocky attempts to teach Ginger and her feathered friends to fly…but, with teamwork, determination and a little bit o’ cluck, the fearless flock plots one last attempt in a spectacular bid for freedom.",https://www.boxofficemojo.com/year/world/2000/,True,en,/Users/cedricroetheli/Desktop/BA Cédric/Input/Code/boxoffice-analysis-pipeline/data/raw/subtitles/2000_Chicken_Run_tt0120630_5065612.srt,Ginger and the flock of chickens,collective_civilian,the coop/farm captivity,corporate_institutional,the group of chickens,1,0,0,1,medium,False,0,False,False,0,0,17,0.0,0.0,success,,
2000,16,Vertical Limit,475,11678.0,tt0190865,Vertical Limit,2000-12-08,HIGH,215663859,69243859.0,146420000.0,32.1,67.9,35.0,8.0,0.4729125734189318,19.0,-8.0,False,False,False,False,"Trapped near the summit of K2, the world's second-highest mountain, Annie Garrett radios to base camp for help. Brother Peter hears Annie's message and assembles a team to save her and her group before they succumb to K2's unforgiving elements. But, as Annie lays injured in an icy cavern, the rescuers face several terrifying events that could end the rescue attempt -- and their lives.",https://www.boxofficemojo.com/year/world/2000/,True,en,/Users/cedricroetheli/Desktop/BA Cédric/Input/Code/boxoffice-analysis-pipeline/data/raw/subtitles/2000_Vertical_Limit_tt0190865_391697.srt,Peter Garrett,individual_civilian,K2's unforgiving elements,non_human,Annie Garrett and her group,1,0,0,1,high,False,0,False,False,0,0,12,0.0,0.0,success,,
2000,17,The Patriot,476,2024.0,tt0187393,The Patriot,2000-06-28,HIGH,215294342,113330342.0,101964000.0,52.6,47.4,19.0,20.0,1.1114740692793534,2.0,3.0,False,False,False,False,"After proving himself on the field of battle in the French and Indian War, Benjamin Martin wants nothing more to do with such things, preferring the simple life of a farmer. But when his son Gabriel enlists in the army to defend their new nation, America, against the British, Benjamin reluctantly returns to his old life to protect his son.",https://www.boxofficemojo.com/year/world/2000/,True,en,/Users/cedricroetheli/Desktop/BA Cédric/Input/Code/boxoffice-analysis-pipeline/data/raw/subtitles/2000_The_Patriot_tt0187393_412350.srt,Benjamin Martin,individual_civilian,the British,state_military,America,2,2,1,4,high,True,2,True,True,1,2,18,0.0555555555555555,0.1111111111111111,success,,
2000,18,"Crouching Tiger, Hidden Dragon",477,146.0,tt0190332,"Crouching Tiger, Hidden Dragon",2000-07-06,HIGH,213525736,128078872.0,85446864.0,60.0,40.0,12.0,23.0,1.498930048503594,-6.0,5.0,False,False,False,False,"Two warriors in pursuit of a stolen sword and a notorious fugitive are led to an impetuous, physically-skilled, teenage nobleman's daughter, who is at a crossroads in her life.",https://www.boxofficemojo.com/year/world/2000/,True,en,/Users/cedricroetheli/Desktop/BA Cédric/Input/Code/boxoffice-analysis-pipeline/data/raw/subtitles/2000_Crouching_Tiger_Hidden_Dragon_tt0190332_440083.srt,Two warriors,collective_civilian,the notorious fugitive and the stolen-sword culprit,individual_civilian,the teenage nobleman's daughter,0,1,0,1,medium,False,0,False,False,0,0,25,0.0,0.0,success,,
2000,19,Miss Congeniality,478,1493.0,tt0212346,Miss Congeniality,2000-12-22,HIGH,212742720,106807667.0,105935053.0,50.2,49.8,21.0,18.0,1.008237254575216,2.0,-1.0,False,False,False,False,"When the local FBI office receives a letter from a terrorist known only as 'The Citizen', it's quickly determined that he's planning his next act at the Miss America beauty pageant. Because tough-as-nails Gracie Hart is the only female Agent at the office, she's chosen to go undercover as the contestant from New Jersey.",https://www.boxofficemojo.com/year/world/2000/,True,en,/Users/cedricroetheli/Desktop/BA Cédric/Input/Code/boxoffice-analysis-pipeline/data/raw/subtitles/2000_Miss_Congeniality_tt0212346_4512783.srt,Gracie Hart,state_military,The Citizen,individual_civilian,the Miss America beauty pageant and its participants,1,1,0,2,high,True,2,True,True,2,2,10,0.2,0.2,success,,
2000,20,Traffic,479,1900.0,tt0181865,Traffic,2000-12-27,HIGH,207515725,124115725.0,83400000.0,59.8,40.2,15.0,25.0,1.4881981414868106,-5.0,5.0,False,False,False,False,"An exploration of the United States of America's war on drugs from multiple perspectives. For the new head of the Office of National Drug Control Policy, the war becomes personal when he discovers his well-educated daughter is abusing cocaine within their comfortable suburban home. In Mexico, a flawed, but noble policeman agrees to testify against a powerful general in league with a cartel, and in San Diego, a drug kingpin's sheltered trophy wife must learn her husband's ruthless business after he is arrested, endangering her luxurious lifestyle.",https://www.boxofficemojo.com/year/world/2000/,True,en,/Users/cedricroetheli/Desktop/BA Cédric/Input/Code/boxoffice-analysis-pipeline/data/raw/subtitles/2000_Traffic_tt0181865_458023.srt,the United States' war on drugs protagonists,collective_civilian,drug cartels and the drug trade,collective_civilian,the United States and communities affected by the drug war,2,2,2,4,medium,False,0,False,False,0,0,15,0.0,0.0,success,,
2001,1,Harry Potter and the Sorcerer's Stone,480,671.0,tt0241527,Harry Potter and the Philosopher's Stone,2001-11-16,MANUAL_ACCEPTED,974755371,317575550.0,657179821.0,32.6,67.4,1.0,1.0,0.4832399593717896,0.0,0.0,False,False,False,False,"Harry Potter has lived under the stairs at his aunt and uncle's house his whole life. But on his 11th birthday, he learns he's a powerful wizard—with a place waiting for him at the Hogwarts School of Witchcraft and Wizardry. As he learns to harness his newfound powers with the help of the school's kindly headmaster, Harry uncovers the truth about his parents' deaths—and about the villain who's to blame.",https://www.boxofficemojo.com/year/world/2001/,True,en,/Users/cedricroetheli/Desktop/BA Cédric/Input/Code/boxoffice-analysis-pipeline/data/raw/subtitles/2001_Harry_Potter_and_the_Sorcerer_s_Stone_tt0241527_8542640.srt,Harry Potter,individual_civilian,the villain responsible for Harry's parents' deaths,individual_civilian,Harry Potter,0,0,0,0,medium,False,0,False,False,0,0,24,0.0,0.0,success,,
2001,2,The Lord of the Rings: The Fellowship of the Ring,481,120.0,tt0120737,The Lord of the Rings: The Fellowship of the Ring,2001-12-18,HIGH,868385360,313364114.0,555021246.0,36.1,63.9,2.0,2.0,0.5645984117876454,0.0,0.0,False,False,False,False,"Young hobbit Frodo Baggins, after inheriting a mysterious ring from his uncle Bilbo, must leave his home in order to keep it from falling into the hands of its evil creator. Along the way, a fellowship is formed to protect the ringbearer and make sure that the ring arrives at its final destination: Mt. Doom, the only place where it can be destroyed.",https://www.boxofficemojo.com/year/world/2001/,True,en,/Users/cedricroetheli/Desktop/BA Cédric/Input/Code/boxoffice-analysis-pipeline/data/raw/subtitles/2001_The_Lord_of_the_Rings_The_Fellowship_of_the_Ring_tt0120737_7937570.srt,Frodo Baggins,individual_civilian,the Ring's evil creator,non_human,Middle-earth,2,3,1,5,medium,True,1,False,True,0,1,30,0.0,0.0333333333333333,success,,
2001,3,"Monsters, Inc.",482,585.0,tt0198781,"Monsters, Inc.",2001-11-01,HIGH,528773250,255873250.0,272900000.0,48.4,51.6,4.0,3.0,0.9376080982044706,1.0,0.0,False,False,False,False,"Lovable Sulley and his wisecracking sidekick Mike Wazowski are the top scare team at Monsters, Inc., the scream-processing factory in Monstropolis. When a little girl named Boo wanders into their world, it's the monsters who are scared silly, and it's up to Sulley and Mike to keep her out of sight and get her back home.",https://www.boxofficemojo.com/year/world/2001/,True,en,/Users/cedricroetheli/Desktop/BA Cédric/Input/Code/boxoffice-analysis-pipeline/data/raw/subtitles/2001_Monsters_Inc_tt0198781_371641.srt,Sulley and Mike Wazowski,collective_civilian,the threat of Boo being discovered in Monstropolis,none,Boo,0,0,0,0,medium,False,0,False,False,0,0,22,0.0,0.0,success_with_warnings,villain_actor unresolved (none),
2001,4,Shrek,483,808.0,tt0126029,Shrek,2001-05-18,HIGH,484944448,268200241.0,216744207.0,55.3,44.7,3.0,8.0,1.2374044257616537,-1.0,4.0,False,False,False,False,"It ain't easy bein' green -- especially if you're a likable (albeit smelly) ogre named Shrek. On a mission to retrieve a gorgeous princess from the clutches of a fire-breathing dragon, Shrek teams up with an unlikely compatriot -- a wisecracking donkey.",https://www.boxofficemojo.com/year/world/2001/,True,en,/Users/cedricroetheli/Desktop/BA Cédric/Input/Code/boxoffice-analysis-pipeline/data/raw/subtitles/2001_Shrek_tt0126029_8203775.srt,Shrek,non_human,the fire-breathing dragon,non_human,the princess,0,1,0,1,medium,False,0,False,False,0,0,20,0.0,0.0,success,,
2001,5,Ocean's Eleven,484,161.0,tt0240772,Ocean's Eleven,2001-12-07,HIGH,450717150,183417150.0,267300000.0,40.7,59.3,8.0,4.0,0.6861846240179573,3.0,-1.0,False,False,False,False,"Less than 24 hours into his parole, charismatic thief Danny Ocean is already rolling out his next plan: In one night, Danny's hand-picked crew of specialists will attempt to steal more than $150 million from three Las Vegas casinos. But to score the cash, Danny risks his chances of reconciling with ex-wife, Tess.",https://www.boxofficemojo.com/year/world/2001/,True,en,/Users/cedricroetheli/Desktop/BA Cédric/Input/Code/boxoffice-analysis-pipeline/data/raw/subtitles/2001_Ocean_s_Eleven_tt0240772_4680794.srt,Danny Ocean and his crew,collective_civilian,the three Las Vegas casinos and their security,corporate_institutional,the three Las Vegas casinos,1,3,0,4,medium,False,0,False,False,0,0,23,0.0,0.0,success,,
2001,6,Pearl Harbor,485,676.0,tt0213149,Pearl Harbor,2001-05-21,HIGH,449220945,198542554.0,250678391.0,44.2,55.8,7.0,6.0,0.7920210162829712,1.0,0.0,False,False,False,False,"The lifelong friendship between Rafe McCawley and Danny Walker is put to the ultimate test when the two ace fighter pilots become entangled in a love triangle with beautiful Naval nurse Evelyn Johnson. But the rivalry between the friends-turned-foes is immediately put on hold when they find themselves at the center of Japan's devastating attack on Pearl Harbor on Dec. 7, 1941.",https://www.boxofficemojo.com/year/world/2001/,True,en,/Users/cedricroetheli/Desktop/BA Cédric/Input/Code/boxoffice-analysis-pipeline/data/raw/subtitles/2001_Pearl_Harbor_tt0213149_4493685.srt,Rafe McCawley and Danny Walker,state_military,Japan's attack on Pearl Harbor,state_military,Pearl Harbor and U.S. military personnel there,1,1,0,2,medium,True,2,True,True,1,2,14,0.0714285714285714,0.1428571428571428,success,,
2001,7,The Mummy Returns,486,1734.0,tt0209163,The Mummy Returns,2001-05-04,HIGH,433013274,202019785.0,230993489.0,46.7,53.3,6.0,7.0,0.874569174545002,-1.0,0.0,False,False,False,False,"Rick and Evelyn O’Connell, along with their 8-year-old son Alex, discover the key to the legendary Scorpion King’s might: the fabled Bracelet of Anubis. Unfortunately, a newly resurrected Imhotep has designs on the bracelet as well, and isn’t above kidnapping its new bearer, Alex, to gain control of Anubis’s otherworldly army.",https://www.boxofficemojo.com/year/world/2001/,True,en,/Users/cedricroetheli/Desktop/BA Cédric/Input/Code/boxoffice-analysis-pipeline/data/raw/subtitles/2001_The_Mummy_Returns_tt0209163_6663536.srt,Rick and Evelyn O’Connell,collective_civilian,Imhotep,non_human,Alex O’Connell,0,0,0,0,medium,False,0,False,False,0,0,12,0.0,0.0,success,,
2001,8,Jurassic Park III,487,331.0,tt0163025,Jurassic Park III,2001-07-18,HIGH,368780809,181171875.0,187608934.0,49.1,50.9,9.0,10.0,0.9656889527446492,1.0,2.0,False,False,False,False,"In need of funds for research, Dr. Alan Grant accepts a large sum of money to accompany Paul and Amanda Kirby on an aerial tour of the infamous Isla Sorna. It isn't long before all hell breaks loose and the stranded wayfarers must fight for survival as a host of new -- and even more deadly -- dinosaurs try to make snacks of them.",https://www.boxofficemojo.com/year/world/2001/,True,en,/Users/cedricroetheli/Desktop/BA Cédric/Input/Code/boxoffice-analysis-pipeline/data/raw/subtitles/2001_Jurassic_Park_III_tt0163025_4479263.srt,Dr. Alan Grant,individual_civilian,the dinosaurs on Isla Sorna,non_human,"Alan Grant, the Kirbys, and the stranded survivors",1,0,0,1,high,False,0,False,False,0,0,21,0.0,0.0,success,,
2001,9,Planet of the Apes,488,869.0,tt0133152,Planet of the Apes,2001-07-26,HIGH,362211740,180011740.0,182200000.0,49.7,50.3,10.0,12.0,0.9879897914379804,1.0,3.0,False,False,False,False,"After a spectacular crash-landing on an uncharted planet, brash astronaut Leo Davidson finds himself trapped in a savage world where talking apes dominate the human race. Desperate to find a way home, Leo must evade the invincible gorilla army led by Ruthless General Thade.",https://www.boxofficemojo.com/year/world/2001/,True,en,/Users/cedricroetheli/Desktop/BA Cédric/Input/Code/boxoffice-analysis-pipeline/data/raw/subtitles/2001_Planet_of_the_Apes_tt0133152_1265306.srt,Leo Davidson,individual_civilian,General Thade and the gorilla army,state_military,humans on the ape-ruled planet,2,1,0,3,high,True,1,True,True,1,1,12,0.0833333333333333,0.0833333333333333,success,,
2001,10,Hannibal,489,9740.0,tt0212985,Hannibal,2001-02-08,HIGH,351692268,165092268.0,186600000.0,46.9,53.1,12.0,11.0,0.8847388424437299,2.0,1.0,False,False,False,False,"After having successfully eluded the authorities for years, Hannibal peacefully lives in Italy in disguise as an art scholar. Trouble strikes again when he's discovered leaving a deserving few dead in the process. He returns to America to make contact with now disgraced Agent Clarice Starling, who is suffering the wrath of a malicious FBI rival as well as the media.",https://www.boxofficemojo.com/year/world/2001/,True,en,/Users/cedricroetheli/Desktop/BA Cédric/Input/Code/boxoffice-analysis-pipeline/data/raw/subtitles/2001_Hannibal_tt0212985_5140407.srt,Clarice Starling,individual_civilian,Hannibal Lecter,individual_civilian,Clarice Starling,0,0,1,0,medium,True,1,True,True,1,1,24,0.0416666666666666,0.0416666666666666,success,,
2001,11,Rush Hour 2,490,5175.0,tt0266915,Rush Hour 2,2001-08-03,HIGH,347325802,226164286.0,121161516.0,65.1,34.9,5.0,19.0,1.866634666406782,-6.0,8.0,False,False,False,False,"It's vacation time for Carter as he finds himself alongside Lee in Hong Kong wishing for more excitement. While Carter wants to party and meet the ladies, Lee is out to track down a Triad gang lord who may be responsible for killing two men at the American Embassy. Things get complicated as the pair stumble onto a counterfeiting plot. The boys are soon up to their necks in fist fights and life-threatening situations. A trip back to the U.S. may provide the answers about the bombing, the counterfeiting, and the true allegiance of sexy customs agent Isabella.",https://www.boxofficemojo.com/year/world/2001/,True,en,/Users/cedricroetheli/Desktop/BA Cédric/Input/Code/boxoffice-analysis-pipeline/data/raw/subtitles/2001_Rush_Hour_2_tt0266915_475845.srt,Lee and Carter,collective_civilian,a Triad gang lord and the counterfeiting plot,collective_civilian,American Embassy personnel and those threatened by the bombing/counterfeiting conspiracy,1,2,2,3,medium,False,0,False,False,0,0,8,0.0,0.0,success,,
2001,12,A Beautiful Mind,491,453.0,tt0268978,A Beautiful Mind,2001-12-14,HIGH,313542341,170742341.0,142800000.0,54.5,45.5,11.0,15.0,1.195674656862745,-1.0,3.0,False,False,False,False,"From the heights of notoriety to the depths of depravity, John Forbes Nash Jr. experiences it all. As a brilliant but socially awkward mathematician, he made a groundbreaking discovery early in his career and stands on the brink of international acclaim. But as the handsome and arrogant Nash accepts secret work in cryptography, he becomes entangled in a mysterious conspiracy. His life takes a nightmarish turn and he soon finds himself on a painful and harrowing journey of self-discovery.",https://www.boxofficemojo.com/year/world/2001/,True,en,/Users/cedricroetheli/Desktop/BA Cédric/Input/Code/boxoffice-analysis-pipeline/data/raw/subtitles/2001_A_Beautiful_Mind_tt0268978_5296062.srt,John Forbes Nash Jr.,individual_civilian,John Nash's delusional conspiracy and mental illness,non_human,John Forbes Nash Jr.,0,0,0,0,medium,False,0,False,False,0,0,32,0.0,0.0,success,,
2001,13,American Pie 2,492,2770.0,tt0252866,American Pie 2,2001-08-10,HIGH,287553595,145103595.0,142450000.0,50.5,49.5,13.0,16.0,1.0186282555282555,0.0,3.0,False,False,False,False,"After a year apart - attending different schools, meeting different people - the guys rent a beach house and vow to make this the best summer ever. As it turns out, whether that will happen or not has a lot to do with the girls. Between the wild parties, outrageous revelations and yes, a trip to band camp, they discover that times change and people change, but in the end, it's all about sticking together.",https://www.boxofficemojo.com/year/world/2001/,True,en,/Users/cedricroetheli/Desktop/BA Cédric/Input/Code/boxoffice-analysis-pipeline/data/raw/subtitles/2001_American_Pie_2_tt0252866_6549591.srt,the guys,collective_civilian,romantic and social complications,none,the guys' friendships and summer plans,1,0,0,1,medium,False,0,False,False,0,0,6,0.0,0.0,success_with_warnings,villain_actor unresolved (none),
2001,14,Bridget Jones's Diary,493,634.0,tt0243155,Bridget Jones's Diary,2001-04-13,HIGH,281929795,71543427.0,210386368.0,25.4,74.6,31.0,9.0,0.3400573320415893,17.0,-5.0,False,False,False,False,"Bridget Jones is an average woman struggling against expectations. As a New Year's resolution, Bridget decides to take control of her life, starting by keeping a diary in which she will always tell the complete truth. Her charming boss takes an interest in her, and she cannot stop running into a rather disagreeable acquaintance whom Bridget cannot help finding quietly attractive.",https://www.boxofficemojo.com/year/world/2001/,True,en,/Users/cedricroetheli/Desktop/BA Cédric/Input/Code/boxoffice-analysis-pipeline/data/raw/subtitles/2001_Bridget_Jones_s_Diary_tt0243155_4665524.srt,Bridget Jones,individual_civilian,romantic and social expectations embodied by her charming boss and disagreeable acquaintance,collective_civilian,Bridget Jones,0,0,0,0,medium,False,0,False,False,0,0,17,0.0,0.0,success,,
2001,15,Spirited Away,494,129.0,tt0245429,Spirited Away,2001-07-20,HIGH,274925095,10055859.0,264869236.0,3.7,96.3,135.0,5.0,0.0379653717127043,120.0,-10.0,False,False,False,False,"A young girl, Chihiro, becomes trapped in a strange new world of spirits. When her parents undergo a mysterious transformation, she must call upon the courage she never knew she had to free her family.",https://www.boxofficemojo.com/year/world/2001/,True,en,/Users/cedricroetheli/Desktop/BA Cédric/Input/Code/boxoffice-analysis-pipeline/data/raw/subtitles/2001_Spirited_Away_tt0245429_5098347.srt,Chihiro,individual_civilian,the strange world of spirits,non_human,Chihiro's family,1,0,0,1,medium,False,0,False,False,0,0,11,0.0,0.0,success,,
2001,16,Lara Croft: Tomb Raider,495,1995.0,tt0146316,Lara Croft: Tomb Raider,2001-06-15,HIGH,274703340,131168070.0,143535270.0,47.7,52.3,15.0,14.0,0.9138385986942444,-1.0,-2.0,False,False,False,False,"Orphaned heiress, English aristocrat and intrepid archaeologist, Lara Croft, embarks on a dangerous quest to retrieve the two halves of an ancient artifact which controls time before it falls into the wrong hands. As an extremely rare planetary alignment is about to occur for the first time in 5,000 years, the fearless tomb raider will have to team up with rival adventurers and sworn enemies to collect the pieces, while time is running out. But, in the end, who can harness the archaic talisman's unlimited power?",https://www.boxofficemojo.com/year/world/2001/,True,en,/Users/cedricroetheli/Desktop/BA Cédric/Input/Code/boxoffice-analysis-pipeline/data/raw/subtitles/2001_Lara_Croft_Tomb_Raider_tt0146316_4431031.srt,Lara Croft,individual_civilian,those seeking the ancient time-controlling artifact for the wrong hands,collective_civilian,the world,3,3,3,6,medium,False,0,False,False,0,0,20,0.0,0.0,success,,
2001,17,A.I. Artificial Intelligence,496,644.0,tt0212720,A.I. Artificial Intelligence,2001-06-29,HIGH,235926552,78616689.0,157309863.0,33.3,66.7,28.0,13.0,0.4997568969976154,11.0,-4.0,False,False,False,False,"David, a robotic boy—the first of his kind programmed to love—is adopted as a test case by a Cybertronics employee and his wife. Though he gradually becomes their child, a series of unexpected circumstances make this life impossible for David.",https://www.boxofficemojo.com/year/world/2001/,True,en,/Users/cedricroetheli/Desktop/BA Cédric/Input/Code/boxoffice-analysis-pipeline/data/raw/subtitles/2001_A_I_Artificial_Intelligence_tt0212720_336922.srt,David,non_human,unexpected circumstances,none,David,0,0,0,0,medium,False,0,False,False,0,0,22,0.0,0.0,success_with_warnings,villain_actor unresolved (none),
2001,18,The Others,497,1933.0,tt0230600,The Others,2001-08-02,HIGH,209947037,96522687.0,113424350.0,46.0,54.0,21.0,20.0,0.8509873497181161,3.0,2.0,False,False,False,False,"Grace is a religious woman who lives in an old house kept dark because her two children, Anne and Nicholas, have a rare sensitivity to light. When the family begins to suspect the house is haunted, Grace fights to protect her children at any cost in the face of strange events and disturbing visions.",https://www.boxofficemojo.com/year/world/2001/,True,en,/Users/cedricroetheli/Desktop/BA Cédric/Input/Code/boxoffice-analysis-pipeline/data/raw/subtitles/2001_The_Others_tt0230600_7405929.srt,Grace,individual_civilian,the haunting presence in the house,non_human,Anne and Nicholas,0,0,0,0,high,True,2,True,True,1,2,20,0.05,0.1,success,,
2001,19,The Fast and the Furious,498,9799.0,tt0232500,The Fast and the Furious,2001-06-22,HIGH,207283925,144533925.0,62750000.0,69.7,30.3,14.0,32.0,2.303329482071713,-5.0,13.0,False,False,False,False,"Dominic Toretto is a Los Angeles street racer suspected of masterminding a series of big-rig hijackings. When undercover cop Brian O'Conner infiltrates Toretto's iconoclastic crew, he falls for Toretto's sister and must choose a side: the gang or the LAPD.",https://www.boxofficemojo.com/year/world/2001/,True,en,/Users/cedricroetheli/Desktop/BA Cédric/Input/Code/boxoffice-analysis-pipeline/data/raw/subtitles/2001_The_Fast_and_the_Furious_tt0232500_288718.srt,Brian O'Conner,state_military,Dominic Toretto's crew,collective_civilian,big-rig drivers and trucking targets in Los Angeles,1,1,0,2,medium,False,0,False,False,0,0,15,0.0,0.0,success,,
2001,20,Vanilla Sky,499,1903.0,tt0259711,Vanilla Sky,2001-12-14,HIGH,203388341,100618344.0,102769997.0,49.5,50.5,20.0,22.0,0.979063412836336,0.0,2.0,False,False,False,False,"David Aames has it all: wealth, good looks and gorgeous women on his arm. But just as he begins falling for the warmhearted Sofia, his face is horribly disfigured in a car accident. That's just the beginning of his troubles as the lines between illusion and reality, between life and death, are blurred.",https://www.boxofficemojo.com/year/world/2001/,True,en,/Users/cedricroetheli/Desktop/BA Cédric/Input/Code/boxoffice-analysis-pipeline/data/raw/subtitles/2001_Vanilla_Sky_tt0259711_10401064.srt,David Aames,individual_civilian,the blurred illusion-reality crisis following the car accident,none,David Aames,0,0,0,0,medium,False,0,False,False,0,0,36,0.0,0.0,success_with_warnings,villain_actor unresolved (none),
2002,1,The Lord of the Rings: The Two Towers,500,121.0,tt0167261,The Lord of the Rings: The Two Towers,2002-12-18,HIGH,923015234,339789881.0,583225353.0,36.8,63.2,2.0,2.0,0.5826047843293946,1.0,1.0,False,False,False,False,"Frodo Baggins and the other members of the Fellowship continue on their sacred quest to destroy the One Ring--but on separate paths. Their destinies lie at two towers--Orthanc Tower in Isengard, where the corrupt wizard Saruman awaits, and Sauron's fortress at Barad-dur, deep within the dark lands of Mordor. Frodo and Sam are trekking to Mordor to destroy the One Ring of Power while Gimli, Legolas and Aragorn search for the orc-captured Merry and Pippin. All along, nefarious wizard Saruman awaits the Fellowship members at the Orthanc Tower in Isengard.",https://www.boxofficemojo.com/year/world/2002/,True,en,/Users/cedricroetheli/Desktop/BA Cédric/Input/Code/boxoffice-analysis-pipeline/data/raw/subtitles/2002_The_Lord_of_the_Rings_The_Two_Towers_tt0167261_11027868.srt,Frodo Baggins and the Fellowship,collective_civilian,Saruman and Sauron,non_human,Middle-earth,2,2,1,4,medium,True,2,False,True,0,2,33,0.0,0.0606060606060606,success,,
2002,2,Harry Potter and the Chamber of Secrets,501,672.0,tt0295297,Harry Potter and the Chamber of Secrets,2002-11-13,HIGH,878979634,261988482.0,616991152.0,29.8,70.2,4.0,1.0,0.4246227537473665,2.0,-1.0,False,False,False,False,"Cars fly, trees fight back, and a mysterious house-elf comes to warn Harry Potter at the start of his second year at Hogwarts. Adventure and danger await when bloody writing on a wall announces: The Chamber Of Secrets Has Been Opened. To save Hogwarts will require all of Harry, Ron and Hermione's magical abilities and courage.",https://www.boxofficemojo.com/year/world/2002/,True,en,/Users/cedricroetheli/Desktop/BA Cédric/Input/Code/boxoffice-analysis-pipeline/data/raw/subtitles/2002_Harry_Potter_and_the_Chamber_of_Secrets_tt0295297_6702731.srt,Harry Potter,individual_civilian,the Chamber of Secrets threat,non_human,Hogwarts,1,1,0,2,medium,False,0,False,False,0,0,18,0.0,0.0,success,,
2002,3,Spider-Man,502,557.0,tt0145487,Spider-Man,2002-05-01,HIGH,804491625,403706375.0,400745637.0,50.2,49.8,1.0,3.0,1.007388072948627,-2.0,0.0,False,False,False,False,"After being bitten by a genetically altered spider at Oscorp, nerdy but endearing high school student Peter Parker is endowed with amazing powers to become the superhero known as Spider-Man.",https://www.boxofficemojo.com/year/world/2002/,True,en,/Users/cedricroetheli/Desktop/BA Cédric/Input/Code/boxoffice-analysis-pipeline/data/raw/subtitles/2002_Spider_Man_tt0145487_4436424.srt,Peter Parker / Spider-Man,individual_civilian,,none,,,,,,low,False,0,False,False,0,0,17,0.0,0.0,success_with_warnings,villain_actor unresolved (none) | conflict_scale unresolved (none) | hero_victim_distance unresolved (none) | victim_level unresolved (none),
2002,4,Star Wars: Episode II - Attack of the Clones,503,1894.0,tt0121765,Star Wars: Episode II - Attack of the Clones,2002-05-15,HIGH,645256452,302191252.0,343065200.0,46.8,53.2,3.0,4.0,0.8808566185086684,-1.0,0.0,False,False,False,False,"Following an assassination attempt on Senator Padmé Amidala, Jedi Knights Anakin Skywalker and Obi-Wan Kenobi investigate a mysterious plot into the heart of the Separatist movement and the beginning of the Clone Wars.",https://www.boxofficemojo.com/year/world/2002/,True,en,/Users/cedricroetheli/Desktop/BA Cédric/Input/Code/boxoffice-analysis-pipeline/data/raw/subtitles/2002_Star_Wars_Episode_II_Attack_of_the_Clones_tt0121765_5240942.srt,Anakin Skywalker and Obi-Wan Kenobi,collective_civilian,the Separatist movement,collective_civilian,the Galactic Republic,2,2,2,4,medium,True,2,True,True,1,2,21,0.0476190476190476,0.0952380952380952,success,,
2002,5,Men in Black II,504,608.0,tt0120912,Men in Black II,2002-07-03,HIGH,441818803,190418803.0,251400000.0,43.1,56.9,8.0,6.0,0.757433583929992,3.0,1.0,False,False,False,False,"Kay and Jay reunite to provide our best, last and only line of defense against a sinister seductress who levels the toughest challenge yet to the MIB's untarnished mission statement – protecting Earth from the scum of the universe. It's been four years since the alien-seeking agents averted an intergalactic disaster of epic proportions. Now it's a race against the clock as Jay must convince Kay – who not only has absolutely no memory of his time spent with the MIB, but is also the only living person left with the expertise to save the galaxy – to reunite with the MIB before the earth submits to ultimate destruction.",https://www.boxofficemojo.com/year/world/2002/,True,en,/Users/cedricroetheli/Desktop/BA Cédric/Input/Code/boxoffice-analysis-pipeline/data/raw/subtitles/2002_Men_in_Black_II_tt0120912_389761.srt,Jay and Kay,state_military,the sinister seductress,non_human,Earth,3,3,3,6,high,True,1,True,True,1,1,17,0.0588235294117647,0.0588235294117647,success,,
2002,6,Die Another Day,505,36669.0,tt0246460,Die Another Day,2002-11-17,HIGH,431971116,160942139.0,271028977.0,37.3,62.7,12.0,5.0,0.5938189369323413,6.0,-1.0,False,False,False,False,"James Bond is sent to investigate the connection between a North Korean terrorist and a diamond mogul, who is funding the development of an international space weapon.",https://www.boxofficemojo.com/year/world/2002/,True,en,/Users/cedricroetheli/Desktop/BA Cédric/Input/Code/boxoffice-analysis-pipeline/data/raw/subtitles/2002_Die_Another_Day_tt0246460_7239454.srt,James Bond,state_military,a North Korean terrorist and a diamond mogul,collective_civilian,international targets threatened by the space weapon,2,3,2,5,medium,True,3,True,True,1,3,26,0.0384615384615384,0.1153846153846153,success,,
2002,7,Signs,506,2675.0,tt0286106,Signs,2002-08-02,HIGH,408247917,227966634.0,180281283.0,55.8,44.2,6.0,10.0,1.2645052786761009,-1.0,3.0,False,False,False,False,A family living on a farm finds mysterious crop circles in their fields which suggests something more frightening to come.,https://www.boxofficemojo.com/year/world/2002/,True,en,/Users/cedricroetheli/Desktop/BA Cédric/Input/Code/boxoffice-analysis-pipeline/data/raw/subtitles/2002_Signs_tt0286106_1279210.srt,the family living on the farm,collective_civilian,the mysterious threat behind the crop circles,none,the family living on the farm,1,0,0,1,medium,False,0,False,False,0,0,17,0.0,0.0,success_with_warnings,villain_actor unresolved (none),
2002,8,Ice Age,507,425.0,tt0268380,Ice Age,2002-03-14,HIGH,383257136,176387405.0,206869731.0,46.0,54.0,9.0,8.0,0.8526496561258641,1.0,0.0,False,False,False,False,"Manny the mammoth, Sid the loquacious sloth, and Diego the sabre-toothed tiger go on a comical quest to return a human baby back to his father, across a world on the brink of an ice age.",https://www.boxofficemojo.com/year/world/2002/,True,en,/Users/cedricroetheli/Desktop/BA Cédric/Input/Code/boxoffice-analysis-pipeline/data/raw/subtitles/2002_Ice_Age_tt0268380_1275831.srt,"Manny, Sid, and Diego",collective_civilian,the ice age and related natural dangers,non_human,the human baby,0,0,0,0,medium,False,0,False,False,0,0,20,0.0,0.0,success,,
2002,9,My Big Fat Greek Wedding,508,8346.0,tt0259446,My Big Fat Greek Wedding,2002-04-19,HIGH,368744044,241438208.0,127305836.0,65.5,34.5,5.0,14.0,1.8965211304217036,-4.0,5.0,False,False,False,False,A young Greek woman falls in love with a non-Greek and struggles to get her family to accept him while she comes to terms with her heritage and cultural identity.,https://www.boxofficemojo.com/year/world/2002/,True,en,/Users/cedricroetheli/Desktop/BA Cédric/Input/Code/boxoffice-analysis-pipeline/data/raw/subtitles/2002_My_Big_Fat_Greek_Wedding_tt0259446_544485.srt,a young Greek woman,individual_civilian,her family's resistance to accepting her non-Greek partner,collective_civilian,the couple,1,0,0,1,medium,False,0,False,False,0,0,16,0.0,0.0,success,,
2002,10,Minority Report,509,180.0,tt0181689,Minority Report,2002-06-20,HIGH,358372926,132072926.0,226300000.0,36.9,63.1,17.0,7.0,0.5836187627043747,7.0,-3.0,False,False,False,False,"John Anderton is a top 'Precrime' cop in the late-21st century, when technology can predict crimes before they're committed. But Anderton becomes the quarry when another investigator targets him for a murder charge.",https://www.boxofficemojo.com/year/world/2002/,True,en,/Users/cedricroetheli/Desktop/BA Cédric/Input/Code/boxoffice-analysis-pipeline/data/raw/subtitles/2002_Minority_Report_tt0181689_380878.srt,John Anderton,state_military,the Precrime system and the investigator pursuing Anderton,state_military,John Anderton,0,0,0,0,medium,True,1,True,True,1,1,30,0.0333333333333333,0.0333333333333333,success,,
2002,11,Catch Me If You Can,510,640.0,tt0264464,Catch Me If You Can,2002-12-16,HIGH,352114312,164615351.0,187498961.0,46.8,53.2,11.0,9.0,0.8779534036991277,0.0,-2.0,False,False,False,False,"A true story about Frank Abagnale Jr. who, before his 19th birthday, successfully conned millions of dollars worth of checks as a Pan Am pilot, doctor, and legal prosecutor. An FBI agent makes it his mission to put him behind bars. But Frank not only eludes capture, he revels in the pursuit.",https://www.boxofficemojo.com/year/world/2002/,True,en,/Users/cedricroetheli/Desktop/BA Cédric/Input/Code/boxoffice-analysis-pipeline/data/raw/subtitles/2002_Catch_Me_If_You_Can_tt0264464_6521034.srt,FBI agent,state_military,Frank Abagnale Jr.,individual_civilian,banks and defrauded institutions,1,2,1,3,medium,True,1,True,True,1,1,17,0.0588235294117647,0.0588235294117647,success,,
2002,12,Chicago,511,1574.0,tt0299658,Chicago,2002-12-10,HIGH,306776732,170687518.0,136089214.0,55.6,44.4,10.0,11.0,1.254232521322373,-2.0,-1.0,False,False,False,False,Murderesses Velma Kelly and Roxie Hart find themselves on death row together and fight for the fame that will keep them from the gallows in 1920s Chicago.,https://www.boxofficemojo.com/year/world/2002/,True,en,/Users/cedricroetheli/Desktop/BA Cédric/Input/Code/boxoffice-analysis-pipeline/data/raw/subtitles/2002_Chicago_tt0299658_4884632.srt,Roxie Hart and Velma Kelly,collective_civilian,the death row justice system and threat of execution,state_military,Roxie Hart and Velma Kelly,0,0,0,0,medium,True,3,True,True,1,3,17,0.0588235294117647,0.1764705882352941,success,,
2002,13,Austin Powers in Goldmember,512,818.0,tt0295178,Austin Powers in Goldmember,2002-07-26,HIGH,296939148,213307889.0,83630912.0,71.8,28.2,7.0,29.0,2.550586665849106,-6.0,16.0,False,False,False,False,"The world's most shagadelic spy continues his fight against Dr. Evil. This time, the diabolical doctor and his clone, Mini-Me, team up with a new foe—'70s kingpin Goldmember. While pursuing the team of villains to stop them from world domination, Austin gets help from his dad and an old girlfriend.",https://www.boxofficemojo.com/year/world/2002/,True,en,/Users/cedricroetheli/Desktop/BA Cédric/Input/Code/boxoffice-analysis-pipeline/data/raw/subtitles/2002_Austin_Powers_in_Goldmember_tt0295178_4616715.srt,Austin Powers,individual_civilian,"Dr. Evil, Mini-Me, and Goldmember",collective_civilian,the world,3,3,3,6,high,True,1,False,True,0,1,24,0.0,0.0416666666666666,success,,
2002,14,xXx,513,7451.0,tt0295701,xXx,2002-08-09,HIGH,277448382,142109382.0,135339000.0,51.2,48.8,15.0,12.0,1.0500253585441004,1.0,-2.0,False,False,False,False,"Xander Cage is your standard adrenaline junkie with no fear and a lousy attitude. When the US Government ""recruits"" him to go on a mission, he's not exactly thrilled. His mission: to gather information on an organization that may just be planning the destruction of the world, led by the nihilistic Yorgi.",https://www.boxofficemojo.com/year/world/2002/,True,en,/Users/cedricroetheli/Desktop/BA Cédric/Input/Code/boxoffice-analysis-pipeline/data/raw/subtitles/2002_xXx_tt0295701_5358988.srt,Xander Cage,individual_civilian,Yorgi and his organization,collective_civilian,the world,3,3,3,6,high,True,1,True,True,1,1,8,0.125,0.125,success,,
2002,15,Scooby-Doo,514,9637.0,tt0267913,Scooby-Doo,2002-06-14,HIGH,275650703,153294164.0,122356539.0,55.6,44.4,13.0,17.0,1.2528481538694063,-2.0,2.0,False,False,False,False,"When the Mystery Inc. gang is invited to Spooky Island, a popular amusement park, they soon discover that the attractions aren't the only things that are spooky. Strange things are happening, and it's up to Scooby, Shaggy, Fred, Daphne, and Velma to uncover the truth behind the mysterious happenings.",https://www.boxofficemojo.com/year/world/2002/,True,en,/Users/cedricroetheli/Desktop/BA Cédric/Input/Code/boxoffice-analysis-pipeline/data/raw/subtitles/2002_Scooby_Doo_tt0267913_266327.srt,Mystery Inc. gang,collective_civilian,the mysterious force behind the happenings on Spooky Island,none,visitors and people on Spooky Island,1,1,0,2,medium,False,0,False,False,0,0,11,0.0,0.0,success_with_warnings,villain_actor unresolved (none),
2002,16,Lilo & Stitch,515,11544.0,tt0275847,Lilo & Stitch,2002-06-21,HIGH,273144151,145794338.0,127349813.0,53.4,46.6,14.0,13.0,1.1448335460060708,-2.0,-3.0,False,False,False,False,"As Stitch, a runaway genetic experiment from a faraway planet, wreaks havoc on the Hawaiian Islands, he becomes the mischievous adopted alien ""puppy"" of an independent little girl named Lilo and learns about loyalty, friendship, and ʻohana, the Hawaiian tradition of family.",https://www.boxofficemojo.com/year/world/2002/,True,en,/Users/cedricroetheli/Desktop/BA Cédric/Input/Code/boxoffice-analysis-pipeline/data/raw/subtitles/2002_Lilo_Stitch_tt0275847_335391.srt,Lilo,individual_civilian,Stitch,non_human,Lilo and her family,1,0,0,1,medium,False,0,False,False,0,0,13,0.0,0.0,success,,
2002,17,The Ring,516,565.0,tt0298130,The Ring,2002-10-18,HIGH,249348933,129128133.0,120220800.0,51.8,48.2,18.0,18.0,1.074091446738002,1.0,1.0,False,False,False,False,Rachel Keller is a journalist investigating a videotape that may have killed four teenagers. There is an urban legend about this tape: the viewer will die seven days after watching it. Rachel tracks down the video... and watches it. Now she has just seven days to unravel the mystery of the Ring so she can save herself and her son.,https://www.boxofficemojo.com/year/world/2002/,True,en,/Users/cedricroetheli/Desktop/BA Cédric/Input/Code/boxoffice-analysis-pipeline/data/raw/subtitles/2002_The_Ring_tt0298130_8711676.srt,Rachel Keller,individual_civilian,the cursed videotape,non_human,Rachel Keller and her son,1,0,0,1,high,False,0,False,False,0,0,18,0.0,0.0,success,,
2002,18,8 Mile,517,65.0,tt0298203,8 Mile,2002-11-08,HIGH,242875078,116750901.0,126124177.0,48.1,51.9,23.0,15.0,0.9256821632223614,5.0,-3.0,False,False,False,False,"For Jimmy Smith, Jr., life is a daily fight just to keep hope alive. Feeding his dreams in Detroit's vibrant music scene, Jimmy wages an extraordinary personal struggle to find his own voice - and earn a place in a world where rhymes rule, legends are born and every moment… is another chance.",https://www.boxofficemojo.com/year/world/2002/,True,en,/Users/cedricroetheli/Desktop/BA Cédric/Input/Code/boxoffice-analysis-pipeline/data/raw/subtitles/2002_8_Mile_tt0298203_5277216.srt,"Jimmy Smith, Jr.",individual_civilian,Jimmy's personal struggles and competitive obstacles in Detroit's music scene,collective_civilian,"Jimmy Smith, Jr.",0,0,0,0,medium,False,0,False,False,0,0,16,0.0,0.0,success,,
2002,19,The Bourne Identity,518,2501.0,tt0258463,The Bourne Identity,2002-06-14,HIGH,214034224,121661683.0,92372541.0,56.8,43.2,21.0,25.0,1.3170762835245595,2.0,6.0,False,False,False,False,"Wounded to the brink of death and suffering from amnesia, Jason Bourne is rescued at sea by a fisherman. With nothing to go on but a Swiss bank account number, he starts to reconstruct his life, but finds that many people he encounters want him dead. However, Bourne realizes that he has the combat and mental skills of a world-class spy—but who does he work for?",https://www.boxofficemojo.com/year/world/2002/,True,en,/Users/cedricroetheli/Desktop/BA Cédric/Input/Code/boxoffice-analysis-pipeline/data/raw/subtitles/2002_The_Bourne_Identity_tt0258463_6907372.srt,Jason Bourne,individual_civilian,the unknown spy organization pursuing Bourne,corporate_institutional,Jason Bourne,0,0,2,0,medium,True,1,False,True,0,1,30,0.0,0.0333333333333333,success,,
2002,20,Red Dragon,519,9533.0,tt0289765,Red Dragon,2002-10-02,HIGH,209196298,93149898.0,116046400.0,44.5,55.5,29.0,19.0,0.8026952839553834,9.0,-1.0,False,False,False,False,"Former FBI Agent Will Graham, who was once almost killed by the savage Hannibal 'The Cannibal' Lecter, now has no choice but to face him again, as it seems Lecter is the only one who can help Graham track down a new serial killer.",https://www.boxofficemojo.com/year/world/2002/,True,en,/Users/cedricroetheli/Desktop/BA Cédric/Input/Code/boxoffice-analysis-pipeline/data/raw/subtitles/2002_Red_Dragon_tt0289765_7306783.srt,Will Graham,individual_civilian,the new serial killer,individual_civilian,the serial killer's victims,0,3,0,3,medium,True,1,True,True,1,1,15,0.0666666666666666,0.0666666666666666,success,,
2003,1,The Lord of the Rings: The Return of the King,520,122.0,tt0167260,The Lord of the Rings: The Return of the King,2003-12-17,HIGH,1118887224,377027325.0,741859899.0,33.7,66.3,1.0,1.0,0.5082190390776197,0.0,0.0,False,False,False,False,"As armies mass for a final battle that will decide the fate of the world--and powerful, ancient forces of Light and Dark compete to determine the outcome--one member of the Fellowship of the Ring is revealed as the noble heir to the throne of the Kings of Men. Yet, the sole hope for triumph over evil lies with a brave hobbit, Frodo, who, accompanied by his loyal friend Sam and the hideous, wretched Gollum, ventures deep into the very dark heart of Mordor on his seemingly impossible quest to destroy the Ring of Power.​",https://www.boxofficemojo.com/year/world/2003/,True,en,/Users/cedricroetheli/Desktop/BA Cédric/Input/Code/boxoffice-analysis-pipeline/data/raw/subtitles/2003_The_Lord_of_the_Rings_The_Return_of_the_King_tt0167260_7937573.srt,Frodo,individual_civilian,evil centered in Mordor and the Ring of Power,non_human,the world,3,3,3,6,high,True,3,True,True,1,3,40,0.025,0.075,success,,
2003,2,Finding Nemo,521,12.0,tt0266543,Finding Nemo,2003-05-30,HIGH,871014978,339714978.0,531300000.0,39.0,61.0,2.0,2.0,0.639403308865048,0.0,0.0,False,False,False,False,"Nemo, an adventurous young clownfish, is unexpectedly taken from his Great Barrier Reef home to a dentist's office aquarium. It's up to his worrisome father Marlin and a friendly but forgetful fish Dory to bring Nemo home -- meeting vegetarian sharks, surfer dude turtles, hypnotic jellyfish, hungry seagulls, and more along the way.",https://www.boxofficemojo.com/year/world/2003/,True,en,/Users/cedricroetheli/Desktop/BA Cédric/Input/Code/boxoffice-analysis-pipeline/data/raw/subtitles/2003_Finding_Nemo_tt0266543_11506179.srt,Marlin,individual_civilian,the capture and confinement of Nemo by humans,collective_civilian,Nemo,0,0,2,0,high,False,0,False,False,0,0,21,0.0,0.0,success,,
2003,3,The Matrix Reloaded,522,604.0,tt0234215,The Matrix Reloaded,2003-05-15,HIGH,739412035,281576461.0,457835574.0,38.1,61.9,4.0,3.0,0.6150165626928763,1.0,0.0,False,False,False,False,"The Resistance builds in numbers as humans are freed from the Matrix and brought to the city of Zion. Neo discovers his superpowers, including the ability to see the code inside the Matrix. With machine sentinels digging to Zion in 72 hours, Neo, Morpheus and Trinity must find the Keymaker to ultimately reach the Source.",https://www.boxofficemojo.com/year/world/2003/,True,en,/Users/cedricroetheli/Desktop/BA Cédric/Input/Code/boxoffice-analysis-pipeline/data/raw/subtitles/2003_The_Matrix_Reloaded_tt0234215_4884319.srt,Neo,individual_civilian,the machines and their sentinels,non_human,Zion and the human resistance,2,2,1,4,high,False,0,False,False,0,0,36,0.0,0.0,success,,
2003,4,Pirates of the Caribbean: The Curse of the Black Pearl,523,22.0,tt0325980,Pirates of the Caribbean: The Curse of the Black Pearl,2003-07-09,HIGH,654264015,305413918.0,348850097.0,46.7,53.3,3.0,4.0,0.8754875536124618,-1.0,0.0,False,False,False,False,"When wily Captain Barbossa steals Jack Sparrow's ship and kidnaps the governor's beautiful daughter, Elizabeth, her childhood friend Will Turner joins forces with Jack to save her and recapture Jack's ship, the Black Pearl.",https://www.boxofficemojo.com/year/world/2003/,True,en,/Users/cedricroetheli/Desktop/BA Cédric/Input/Code/boxoffice-analysis-pipeline/data/raw/subtitles/2003_Pirates_of_the_Caribbean_The_Curse_of_the_Black_Pearl_tt0325980_5088202.srt,Will Turner and Jack Sparrow,collective_civilian,Captain Barbossa,individual_civilian,Elizabeth,0,0,0,0,high,True,1,True,True,1,1,19,0.0526315789473684,0.0526315789473684,success,,
2003,5,Bruce Almighty,524,310.0,tt0315327,Bruce Almighty,2003-05-23,HIGH,484592874,242829261.0,241763613.0,50.1,49.9,5.0,8.0,1.004407809706252,0.0,3.0,False,False,False,False,"Bruce Nolan toils as a ""human interest"" television reporter in Buffalo, NY, but despite his high ratings and the love of his beautiful girlfriend, Bruce remains unfulfilled. At the end of the worst day in his life, he angrily ridicules God — and the Almighty responds, endowing Bruce with all of His divine powers.",https://www.boxofficemojo.com/year/world/2003/,True,en,/Users/cedricroetheli/Desktop/BA Cédric/Input/Code/boxoffice-analysis-pipeline/data/raw/subtitles/2003_Bruce_Almighty_tt0315327_6551957.srt,Bruce Nolan,individual_civilian,Bruce Nolan's misuse of divine power,individual_civilian,Bruce Nolan and his close relationships,1,0,0,1,medium,False,0,False,False,0,0,20,0.0,0.0,success,,
2003,6,The Last Samurai,525,616.0,tt0325710,The Last Samurai,2003-12-05,HIGH,454627263,111127263.0,343500000.0,24.4,75.6,21.0,5.0,0.3235145938864628,15.0,-1.0,False,False,False,False,"Nathan Algren is an American hired to instruct the Japanese army in the ways of modern warfare, which finds him learning to respect the samurai and the honorable principles that rule them. Pressed to destroy the samurai's way of life in the name of modernization and open trade, Algren decides to become an ultimate warrior himself and to fight for their right to exist.",https://www.boxofficemojo.com/year/world/2003/,True,en,/Users/cedricroetheli/Desktop/BA Cédric/Input/Code/boxoffice-analysis-pipeline/data/raw/subtitles/2003_The_Last_Samurai_tt0325710_243749.srt,Nathan Algren,individual_civilian,the Japanese modernization forces seeking to destroy the samurai way of life,state_military,the samurai,1,1,1,2,high,True,4,True,True,2,4,38,0.0526315789473684,0.1052631578947368,success,,
2003,7,Terminator 3: Rise of the Machines,526,296.0,tt0181852,Terminator 3: Rise of the Machines,2003-07-02,HIGH,433371112,150371112.0,283000000.0,34.7,65.3,8.0,7.0,0.5313466855123675,1.0,0.0,False,False,False,False,"It's been 10 years since John Connor saved Earth from Judgment Day, and he's now living under the radar, steering clear of using anything Skynet can trace. That is, until he encounters T-X, a robotic assassin ordered to finish what T-1000 started. Good thing Connor's former nemesis, the Terminator, is back to aid the now-adult Connor … just like he promised.",https://www.boxofficemojo.com/year/world/2003/,True,en,/Users/cedricroetheli/Desktop/BA Cédric/Input/Code/boxoffice-analysis-pipeline/data/raw/subtitles/2003_Terminator_3_Rise_of_the_Machines_tt0181852_5103639.srt,John Connor and the Terminator,collective_civilian,T-X,non_human,Earth,3,3,3,6,medium,False,0,False,False,0,0,20,0.0,0.0,success,,
2003,8,The Matrix Revolutions,527,605.0,tt0242653,The Matrix Revolutions,2003-11-05,HIGH,427343298,139313948.0,288029350.0,32.6,67.4,9.0,6.0,0.4836796944478054,1.0,-2.0,False,False,False,False,The human city of Zion defends itself against the massive invasion of the machines as Neo fights to end the war at another front while also opposing the rogue Agent Smith.,https://www.boxofficemojo.com/year/world/2003/,True,en,/Users/cedricroetheli/Desktop/BA Cédric/Input/Code/boxoffice-analysis-pipeline/data/raw/subtitles/2003_The_Matrix_Revolutions_tt0242653_4881679.srt,Neo,individual_civilian,the machines and Agent Smith,non_human,Zion and humanity,2,2,1,4,medium,False,0,False,False,0,0,37,0.0,0.0,success,,
2003,9,X2: X-Men United,528,36658.0,tt0290334,X2,2003-04-27,MANUAL_ACCEPTED,407711549,214949694.0,192761855.0,52.7,47.3,6.0,9.0,1.1151049257126104,-3.0,0.0,False,False,False,False,"Professor Charles Xavier and his team of genetically gifted superheroes face a rising tide of anti-mutant sentiment led by Col. William Stryker. Storm, Wolverine and Jean Grey must join their usual nemeses—Magneto and Mystique—to unhinge Stryker's scheme to exterminate all mutants.",https://www.boxofficemojo.com/year/world/2003/,True,en,/Users/cedricroetheli/Desktop/BA Cédric/Input/Code/boxoffice-analysis-pipeline/data/raw/subtitles/2003_X2_X_Men_United_tt0290334_6527147.srt,Professor Charles Xavier and the X-Men,collective_civilian,Col. William Stryker,state_military,all mutants,2,2,1,4,high,True,1,True,True,1,1,6,0.1666666666666666,0.1666666666666666,success,,
2003,10,Bad Boys II,529,8961.0,tt0172156,Bad Boys II,2003-07-18,HIGH,273339556,138608444.0,134731112.0,50.7,49.3,11.0,16.0,1.028778297324526,1.0,6.0,False,False,False,False,"Detectives Marcus Burnett and Mike Lowrey of the Miami Narcotics Task Force are tasked with stopping the flow of the drug Ecstasy into Miami. They track the drugs to the whacked-out Cuban drug lord Johnny Tapia, who is also involved in a bloody war with Russian and Haitian mobsters. If that isn't bad enough, there's tension between the two detectives when Marcus discovers that playboy Mike is secretly romancing Marcus’ sister, Syd.",https://www.boxofficemojo.com/year/world/2003/,True,en,/Users/cedricroetheli/Desktop/BA Cédric/Input/Code/boxoffice-analysis-pipeline/data/raw/subtitles/2003_Bad_Boys_II_tt0172156_338845.srt,Detectives Marcus Burnett and Mike Lowrey,state_military,Johnny Tapia,collective_civilian,Miami,2,1,0,3,high,True,1,True,True,1,1,29,0.0344827586206896,0.0344827586206896,success,,
2003,11,Something's Gotta Give,530,6964.0,tt0337741,Something's Gotta Give,2003-12-12,HIGH,265328738,124728738.0,140600000.0,47.0,53.0,16.0,15.0,0.8871176244665718,5.0,4.0,False,False,False,False,"When perpetually single, aging music industry exec Harry Sanborn, and his latest trophy girlfriend, Marin, arrive at her mother's beach house in the Hamptons, they find that her mother, playwright Erica Barry, also plans to stay for the weekend. Erica is scandalized by the relationship and Harry's sexist ways. But when Harry has a heart attack while there, and the doctor prescribes bedrest, his only option is to stay at the Barry home. Left in the care of Erica and his doctor, a love triangle starts to take shape.",https://www.boxofficemojo.com/year/world/2003/,True,en,/Users/cedricroetheli/Desktop/BA Cédric/Input/Code/boxoffice-analysis-pipeline/data/raw/subtitles/2003_Something_s_Gotta_Give_tt0337741_4872250.srt,Erica Barry,individual_civilian,"Harry Sanborn's sexist, commitment-averse behavior",individual_civilian,Erica Barry and Harry Sanborn's potential relationship,0,0,0,0,medium,False,0,False,False,0,0,18,0.0,0.0,success,,
2003,12,Charlie's Angels: Full Throttle,531,9471.0,tt0305357,Charlie's Angels: Full Throttle,2003-06-25,HIGH,259175788,100830111.0,158345677.0,38.9,61.1,30.0,12.0,0.6367721109304424,18.0,0.0,False,False,False,False,"The Angels are charged with finding a pair of missing rings that are encoded with the personal information of members of the Witness Protection Program. As informants are killed, the ladies target a rogue agent who might be responsible.",https://www.boxofficemojo.com/year/world/2003/,True,en,/Users/cedricroetheli/Desktop/BA Cédric/Input/Code/boxoffice-analysis-pipeline/data/raw/subtitles/2003_Charlie_s_Angels_Full_Throttle_tt0305357_347562.srt,The Angels,collective_civilian,a rogue agent,individual_civilian,members of the Witness Protection Program,1,2,1,3,medium,True,1,False,True,0,1,19,0.0,0.0526315789473684,success,,
2003,13,The Village,532,442780.0,tt1252474,The Ball,2003-01-01,MANUAL_ACCEPTED,256697520,114197520.0,142500000.0,44.5,55.5,19.0,14.0,0.8013861052631579,6.0,1.0,False,False,False,False,A dark comedy set in an Eastern European village populated by odd characters but also by Nadia - a statuesque beauty and focal point of many villagers' lives.,https://www.boxofficemojo.com/year/world/2003/,True,en,/Users/cedricroetheli/Desktop/BA Cédric/Input/Code/boxoffice-analysis-pipeline/data/raw/subtitles/2003_The_Village_tt1252474_1302743.srt,Nadia,individual_civilian,the village's odd characters and social pressures,collective_civilian,Nadia,0,0,0,0,low,False,0,False,False,0,0,0,0.0,0.0,success,,
2003,14,Brother Bear,533,10009.0,tt0328880,Brother Bear,2003-10-23,HIGH,250397798,85336277.0,165061521.0,34.1,65.9,35.0,11.0,0.5169967929715127,21.0,-3.0,False,False,False,False,"When an impulsive boy named Kenai is magically transformed into a bear, he must literally walk in another's footsteps until he learns some valuable life lessons. His courageous and often zany journey introduces him to a forest full of wildlife, including the lovable bear cub Koda, hilarious moose Rutt and Tuke, woolly mammoths and rambunctious rams.",https://www.boxofficemojo.com/year/world/2003/,True,en,/Users/cedricroetheli/Desktop/BA Cédric/Input/Code/boxoffice-analysis-pipeline/data/raw/subtitles/2003_Brother_Bear_tt0328880_214632.srt,Kenai,individual_civilian,Kenai's impulsiveness and magical transformation,non_human,Kenai,0,0,0,0,medium,False,0,False,False,0,0,14,0.0,0.0,success,,
2003,15,Hulk,534,1927.0,tt0286716,Hulk,2003-06-19,HIGH,245285165,132177234.0,113107931.0,53.9,46.1,14.0,20.0,1.1685938627946435,-1.0,5.0,False,False,False,False,"Bruce Banner, a genetics researcher with a tragic past, suffers massive radiation exposure in his laboratory that causes him to transform into a raging green monster when he gets angry.",https://www.boxofficemojo.com/year/world/2003/,True,en,/Users/cedricroetheli/Desktop/BA Cédric/Input/Code/boxoffice-analysis-pipeline/data/raw/subtitles/2003_Hulk_tt0286716_193898.srt,Bruce Banner / Hulk,individual_civilian,Bruce Banner's Hulk transformation,non_human,Bruce Banner and those around him,1,0,0,1,medium,True,2,True,True,1,2,28,0.0357142857142857,0.0714285714285714,success,,
2003,16,Love Actually,535,508.0,tt0314331,Love Actually,2003-09-07,HIGH,245062641,59827019.0,185235622.0,24.4,75.6,50.0,10.0,0.3229779367167293,34.0,-6.0,False,False,False,False,Eight very different couples deal with their love lives in various loosely interrelated tales all set during a frantic month before Christmas in London.,https://www.boxofficemojo.com/year/world/2003/,True,en,/Users/cedricroetheli/Desktop/BA Cédric/Input/Code/boxoffice-analysis-pipeline/data/raw/subtitles/2003_Love_Actually_tt0314331_7136678.srt,,collective_civilian,romantic and interpersonal obstacles,none,eight couples and their love lives,1,0,0,1,medium,True,1,True,True,1,1,19,0.0526315789473684,0.0526315789473684,success_with_warnings,villain_actor unresolved (none),
2003,17,2 Fast 2 Furious,536,584.0,tt0322259,2 Fast 2 Furious,2003-06-05,HIGH,236350661,127154901.0,109195760.0,53.8,46.2,15.0,24.0,1.1644673840815798,-2.0,7.0,False,False,False,False,"It's a major double-cross when former police officer Brian O'Conner teams up with his ex-con buddy Roman Pearce to transport a shipment of ""dirty"" money for shady Miami-based import-export dealer Carter Verone. But the guys are actually working with undercover agent Monica Fuentes to bring Verone down.",https://www.boxofficemojo.com/year/world/2003/,True,en,/Users/cedricroetheli/Desktop/BA Cédric/Input/Code/boxoffice-analysis-pipeline/data/raw/subtitles/2003_2_Fast_2_Furious_tt0322259_5341327.srt,Brian O'Conner and Roman Pearce,collective_civilian,Carter Verone,individual_civilian,law enforcement / the public threatened by Verone's criminal operation,1,2,0,3,medium,False,0,False,False,0,0,10,0.0,0.0,success,,
2003,18,American Wedding,537,8273.0,tt0328828,American Wedding,2003-08-01,HIGH,232722935,104565114.0,128157821.0,44.9,55.1,26.0,18.0,0.8159089565044961,8.0,0.0,False,False,False,False,"With high school a distant memory, Jim and Michelle are getting married — and in a hurry, since Jim's grandmother is sick and wants to see him walk down the aisle — prompting Stifler to throw the ultimate bachelor party. And Jim's dad is reliable as ever, doling out advice no one wants to hear.",https://www.boxofficemojo.com/year/world/2003/,True,en,/Users/cedricroetheli/Desktop/BA Cédric/Input/Code/boxoffice-analysis-pipeline/data/raw/subtitles/2003_American_Wedding_tt0328828_5248300.srt,Jim,individual_civilian,wedding-related complications and Stifler's disruptive behavior,individual_civilian,Jim and Michelle's wedding,1,0,0,1,medium,False,0,False,False,0,0,12,0.0,0.0,success,,
2003,19,Scary Movie 3,538,4256.0,tt0306047,Scary Movie 3,2003-10-24,HIGH,220673217,110003217.0,110670000.0,49.8,50.2,23.0,23.0,0.9939750338845216,4.0,4.0,False,False,False,False,"In the third installment of the Scary Movie franchise, news anchorwoman Cindy Campbell has to investigate mysterious crop circles and killing video tapes, and help the President stop an alien invasion in the process.",https://www.boxofficemojo.com/year/world/2003/,True,en,/Users/cedricroetheli/Desktop/BA Cédric/Input/Code/boxoffice-analysis-pipeline/data/raw/subtitles/2003_Scary_Movie_3_tt0306047_7380231.srt,Cindy Campbell,individual_civilian,the alien invaders,non_human,humanity,3,3,3,6,high,False,0,False,False,0,0,13,0.0,0.0,success,,
2003,20,Elf,539,10719.0,tt0319343,Elf,2003-11-07,HIGH,220443451,173398518.0,47044933.0,78.7,21.3,7.0,55.0,3.685806460814813,-13.0,35.0,False,False,False,False,"When young Buddy falls into Santa's gift sack on Christmas Eve, he's transported back to the North Pole and raised as a toy-making elf by Santa's helpers. But as he grows into adulthood, he can't shake the nagging feeling that he doesn't belong. Buddy vows to visit Manhattan and find his real dad, a workaholic.",https://www.boxofficemojo.com/year/world/2003/,True,en,/Users/cedricroetheli/Desktop/BA Cédric/Input/Code/boxoffice-analysis-pipeline/data/raw/subtitles/2003_Elf_tt0319343_10445220.srt,Buddy,individual_civilian,Walter Hobbs's workaholic neglect,individual_civilian,Buddy,0,0,0,0,medium,False,0,False,False,0,0,18,0.0,0.0,success,,
2004,1,Shrek 2,540,809.0,tt0298148,Shrek 2,2004-05-19,HIGH,929103646,441550292.0,487534523.0,47.5,52.5,1.0,2.0,0.905680051707846,0.0,1.0,False,False,False,False,"Happily ever after never seemed so far far away when a trip to meet the in-laws turns into a hilariously twisted adventure for Shrek and Fiona. With the help of his faithful Donkey, Shrek takes on a potion-brewing Fairy Godmother, the pompous Prince Charming, and the ogre-killer, Puss In Boots.",https://www.boxofficemojo.com/year/world/2004/,True,en,/Users/cedricroetheli/Desktop/BA Cédric/Input/Code/boxoffice-analysis-pipeline/data/raw/subtitles/2004_Shrek_2_tt0298148_4427788.srt,Shrek,non_human,Fairy Godmother and Prince Charming,non_human,Shrek and Fiona's marriage,0,0,0,0,medium,True,1,False,True,0,1,19,0.0,0.0526315789473684,success,,
2004,2,Harry Potter and the Prisoner of Azkaban,541,673.0,tt0304141,Harry Potter and the Prisoner of Azkaban,2004-05-31,HIGH,795634069,249541069.0,546093000.0,31.4,68.6,6.0,1.0,0.456957091557665,4.0,-1.0,False,False,False,False,"Year three at Hogwarts means new fun and challenges as Harry learns the delicate art of approaching a Hippogriff, transforming shape-shifting Boggarts into hilarity and even turning back time. But the term also brings danger: soul-sucking Dementors hover over the school, an ally of the accursed He-Who-Cannot-Be-Named lurks within the castle walls, and fearsome wizard Sirius Black escapes Azkaban. And Harry will confront them all.",https://www.boxofficemojo.com/year/world/2004/,True,en,/Users/cedricroetheli/Desktop/BA Cédric/Input/Code/boxoffice-analysis-pipeline/data/raw/subtitles/2004_Harry_Potter_and_the_Prisoner_of_Azkaban_tt0304141_5248741.srt,Harry Potter,individual_civilian,Sirius Black,individual_civilian,Harry Potter,0,0,0,0,medium,False,0,False,False,0,0,29,0.0,0.0,success,,
2004,3,Spider-Man 2,542,558.0,tt0316654,Spider-Man 2,2004-06-25,HIGH,783548506,373585825.0,409924115.0,47.7,52.3,2.0,3.0,0.9113536172420597,-1.0,0.0,False,False,False,False,"Peter Parker is going through a major identity crisis. Burned out from being Spider-Man, he decides to shelve his superhero alter ego, which leaves the city suffering in the wake of carnage left by the evil Doc Ock. In the meantime, Parker still can't act on his feelings for Mary Jane Watson, a girl he's loved since childhood. A certain anger begins to brew in his best friend Harry Osborn as well...",https://www.boxofficemojo.com/year/world/2004/,True,en,/Users/cedricroetheli/Desktop/BA Cédric/Input/Code/boxoffice-analysis-pipeline/data/raw/subtitles/2004_Spider_Man_2_tt0316654_6584036.srt,Peter Parker / Spider-Man,individual_civilian,Doc Ock,individual_civilian,the city,2,1,0,3,high,False,0,False,False,0,0,15,0.0,0.0,success,,
2004,4,The Incredibles,543,9806.0,tt0317705,The Incredibles,2004-11-05,HIGH,631442092,261441092.0,370001000.0,41.4,58.6,5.0,4.0,0.7065956362280102,1.0,0.0,False,False,False,False,"Bob Parr has given up his superhero days to log in time as an insurance adjuster and raise his three children with his formerly heroic wife in suburbia. But when he receives a mysterious assignment, it's time to get back into costume.",https://www.boxofficemojo.com/year/world/2004/,True,en,/Users/cedricroetheli/Desktop/BA Cédric/Input/Code/boxoffice-analysis-pipeline/data/raw/subtitles/2004_The_Incredibles_tt0317705_4781072.srt,Bob Parr,individual_civilian,the mysterious threat behind the assignment,none,Bob Parr's family,1,0,0,1,low,False,0,False,False,0,0,10,0.0,0.0,success_with_warnings,villain_actor unresolved (none),
2004,5,The Passion of the Christ,544,615.0,tt0335345,The Passion of the Christ,2004-02-25,HIGH,609493825,370274604.0,239219221.0,60.8,39.2,3.0,8.0,1.5478463747693585,-2.0,3.0,False,False,False,False,A graphic portrayal of the last twelve hours of Jesus of Nazareth's life.,https://www.boxofficemojo.com/year/world/2004/,True,en,/Users/cedricroetheli/Desktop/BA Cédric/Input/Code/boxoffice-analysis-pipeline/data/raw/subtitles/2004_The_Passion_of_the_Christ_tt0335345_5369250.srt,Jesus of Nazareth,individual_civilian,the Roman and Jewish authorities responsible for his execution,state_military,Jesus of Nazareth,0,0,0,0,medium,False,0,False,False,0,0,25,0.0,0.0,success,,
2004,6,The Day After Tomorrow,545,435.0,tt0319262,The Day After Tomorrow,2004-05-26,HIGH,552639571,186740799.0,365898772.0,33.8,66.2,7.0,5.0,0.5103619178038673,1.0,-1.0,False,False,False,False,"After paleoclimatologist Jack Hall is largely ignored by UN officials when presenting his environmental concerns about the beginning of a new Ice Age, his research proves true when a superstorm develops, setting off catastrophic natural disasters throughout the world. Trying to get to his son, Sam, who is trapped in New York City with his friend Laura and others, Jack and his crew must travel to get to Sam before it's too late.",https://www.boxofficemojo.com/year/world/2004/,True,en,/Users/cedricroetheli/Desktop/BA Cédric/Input/Code/boxoffice-analysis-pipeline/data/raw/subtitles/2004_The_Day_After_Tomorrow_tt0319262_259787.srt,Jack Hall,individual_civilian,the superstorm and new Ice Age,non_human,humanity worldwide,3,0,3,3,high,False,0,False,False,0,0,39,0.0,0.0,success,,
2004,7,Meet the Fockers,546,693.0,tt0290002,Meet the Fockers,2004-12-22,HIGH,522657936,279261160.0,243396776.0,53.4,46.6,4.0,7.0,1.1473494620158815,-3.0,0.0,False,False,False,False,"Hard-to-crack ex-CIA man Jack Byrnes and his wife Dina head for the warmer climes of Florida to meet the parents of their son-in-law-to-be, Greg Focker. Unlike their happily matched offspring, the future in-laws find themselves in a situation of opposites that definitely do not attract.",https://www.boxofficemojo.com/year/world/2004/,True,en,/Users/cedricroetheli/Desktop/BA Cédric/Input/Code/boxoffice-analysis-pipeline/data/raw/subtitles/2004_Meet_the_Fockers_tt0290002_4674423.srt,Greg Focker,individual_civilian,Jack Byrnes,individual_civilian,the future in-law family relationship and engaged couple,1,0,0,1,medium,False,0,False,False,0,0,13,0.0,0.0,success,,
2004,8,Troy,547,652.0,tt0332452,Troy,2004-05-13,HIGH,497409852,133378256.0,364031596.0,26.8,73.2,13.0,6.0,0.366391976590955,5.0,-2.0,False,False,False,False,"In year 1250 B.C. during the late Bronze age, two emerging nations begin to clash. Paris, the Trojan prince, convinces Helen, Queen of Sparta, to leave her husband Menelaus, and sail with him back to Troy. After Menelaus finds out that his wife was taken by the Trojans, he asks his brother Agamemnon to help him get her back. Agamemnon sees this as an opportunity for power. They set off with 1,000 ships holding 50,000 Greeks to Troy.",https://www.boxofficemojo.com/year/world/2004/,True,en,/Users/cedricroetheli/Desktop/BA Cédric/Input/Code/boxoffice-analysis-pipeline/data/raw/subtitles/2004_Troy_tt0332452_7148435.srt,the Greek forces led by Agamemnon,state_military,Troy and the Trojans,state_military,Helen,0,2,2,2,medium,True,1,True,True,1,1,28,0.0357142857142857,0.0357142857142857,success,,
2004,9,Shark Tale,548,10555.0,tt0307453,Shark Tale,2004-09-20,HIGH,374583879,160861908.0,213721971.0,42.9,57.1,11.0,12.0,0.7526690271820485,2.0,3.0,False,False,False,False,"Oscar is a small fish whose big aspirations often get him into trouble. Meanwhile, Lenny is a great white shark with a surprising secret that no sea creature would guess: He's a vegetarian. When a lie turns Oscar into an improbable hero and Lenny becomes an outcast, the two form an unlikely friendship.",https://www.boxofficemojo.com/year/world/2004/,True,en,/Users/cedricroetheli/Desktop/BA Cédric/Input/Code/boxoffice-analysis-pipeline/data/raw/subtitles/2004_Shark_Tale_tt0307453_4886336.srt,Oscar,individual_civilian,the shark mob and predatory shark social order,collective_civilian,Lenny,0,0,0,0,medium,False,0,False,False,0,0,9,0.0,0.0,success,,
2004,10,Ocean's Twelve,549,163.0,tt0349903,Ocean's Twelve,2004-12-09,HIGH,362744280,125544280.0,237200000.0,34.6,65.4,14.0,9.0,0.5292760539629006,4.0,-1.0,False,False,False,False,"Despite pulling off one of the biggest heists in Las Vegas history and splitting the $160 million take, each of the infamous Ocean's crew have tried to go straight, lay low and live a legit life... but that's proven to be a challenge. Casino owner Terry Benedict demands that Danny Ocean return the money, plus millions more in interest. Unable to come up the cash, the crew is forced to come together to pull off another series of heists, this time in Rome, Paris, and Amsterdam – but a Europol agent is hot on their heels.",https://www.boxofficemojo.com/year/world/2004/,True,en,/Users/cedricroetheli/Desktop/BA Cédric/Input/Code/boxoffice-analysis-pipeline/data/raw/subtitles/2004_Ocean_s_Twelve_tt0349903_210719.srt,Danny Ocean and his crew,collective_civilian,Terry Benedict,individual_civilian,Danny Ocean and his crew,1,0,2,1,high,False,0,False,False,0,0,16,0.0,0.0,success,,
2004,11,"I, Robot",550,2048.0,tt0343818,"I, Robot",2004-07-15,HIGH,353133898,144801023.0,208332875.0,41.0,59.0,12.0,13.0,0.6950464395021669,1.0,2.0,False,False,False,False,"In 2035, where robots are commonplace and abide by the three laws of robotics, a technophobic cop investigates an apparent suicide. Suspecting that a robot may be responsible for the death, his investigation leads him to believe that humanity may be in danger.",https://www.boxofficemojo.com/year/world/2004/,True,en,/Users/cedricroetheli/Desktop/BA Cédric/Input/Code/boxoffice-analysis-pipeline/data/raw/subtitles/2004_I_Robot_tt0343818_1280442.srt,the technophobic cop,individual_civilian,the robot threat,non_human,humanity,3,3,3,6,medium,False,0,False,False,0,0,29,0.0,0.0,success,,
2004,12,National Treasure,551,2059.0,tt0368891,National Treasure,2004-11-19,HIGH,347512318,173008894.0,174503424.0,49.8,50.2,9.0,15.0,0.9914355262163796,-3.0,3.0,False,False,False,False,"Modern treasure hunters, led by archaeologist Ben Gates, search for a chest of riches rumored to have been stashed away by George Washington, Thomas Jefferson and Benjamin Franklin during the Revolutionary War. The chest's whereabouts may lie in secret clues embedded in the Constitution and the Declaration of Independence, and Gates is in a race to find the gold before his enemies do.",https://www.boxofficemojo.com/year/world/2004/,True,en,/Users/cedricroetheli/Desktop/BA Cédric/Input/Code/boxoffice-analysis-pipeline/data/raw/subtitles/2004_National_Treasure_tt0368891_4440088.srt,Ben Gates,individual_civilian,Ben Gates's enemies,collective_civilian,the hidden national treasure,0,3,1,3,medium,True,2,True,True,2,2,37,0.054054054054054,0.054054054054054,success,,
2004,13,Van Helsing,552,7131.0,tt0338526,Van Helsing,2004-05-03,HIGH,300157638,120177084.0,179980554.0,40.0,60.0,16.0,14.0,0.667722602965207,3.0,1.0,False,False,False,False,Famed monster slayer Gabriel Van Helsing is dispatched to Transylvania to assist the last of the Valerious bloodline in defeating Count Dracula. Anna Valerious reveals that Dracula has formed an unholy alliance with Dr. Frankenstein's monster and is hell-bent on exacting a centuries-old curse on her family.,https://www.boxofficemojo.com/year/world/2004/,True,en,/Users/cedricroetheli/Desktop/BA Cédric/Input/Code/boxoffice-analysis-pipeline/data/raw/subtitles/2004_Van_Helsing_tt0338526_342476.srt,Gabriel Van Helsing,individual_civilian,Count Dracula,individual_civilian,the Valerious bloodline,1,1,0,2,high,False,0,False,False,0,0,16,0.0,0.0,success,,
2004,14,The Bourne Supremacy,553,2502.0,tt0372183,The Bourne Supremacy,2004-07-23,HIGH,290633422,176241941.0,114391481.0,60.6,39.4,8.0,23.0,1.5406911376556092,-6.0,9.0,False,False,False,False,"A CIA operation to purchase classified Russian documents is blown by a rival agent, who then shows up in the sleepy seaside village where Bourne and Marie have been living. The pair run for their lives and Bourne, who promised retaliation should anyone from his former life attempt contact, is forced to once again take up his life as a trained assassin to survive.",https://www.boxofficemojo.com/year/world/2004/,True,en,/Users/cedricroetheli/Desktop/BA Cédric/Input/Code/boxoffice-analysis-pipeline/data/raw/subtitles/2004_The_Bourne_Supremacy_tt0372183_172976.srt,Jason Bourne,individual_civilian,a rival agent tied to Bourne's former CIA world,state_military,Jason Bourne and Marie,1,0,2,1,medium,True,1,False,True,0,1,22,0.0,0.0454545454545454,success,,
2004,15,The Polar Express,554,5255.0,tt0338348,The Polar Express,2004-11-10,HIGH,286000505,162775358.0,123225147.0,56.9,43.1,10.0,20.0,1.320958927320249,-5.0,5.0,False,False,False,False,"When a doubting young boy takes an extraordinary train ride to the North Pole, he embarks on a journey of self-discovery that shows him that the wonder of life never fades for those who believe.",https://www.boxofficemojo.com/year/world/2004/,True,en,/Users/cedricroetheli/Desktop/BA Cédric/Input/Code/boxoffice-analysis-pipeline/data/raw/subtitles/2004_The_Polar_Express_tt0338348_4425183.srt,a doubting young boy,individual_civilian,the boy's doubt and disbelief,none,the boy,0,0,0,0,medium,False,0,False,False,0,0,14,0.0,0.0,success_with_warnings,villain_actor unresolved (none),
2004,16,Bridget Jones: The Edge of Reason,555,9801.0,tt0317198,Bridget Jones: The Edge of Reason,2004-11-10,HIGH,265126918,40226215.0,224900703.0,15.2,84.8,72.0,11.0,0.1788621132055776,56.0,-5.0,False,False,False,False,"Bridget Jones is still dating her new love, barrister Mark Darcy, for a perfect six weeks. However, while on assignment in Thailand with her disreputable ex, Daniel Cleaver, claiming to be reformed, Bridget questions if she has everything she's ever dreamed of having.",https://www.boxofficemojo.com/year/world/2004/,True,en,/Users/cedricroetheli/Desktop/BA Cédric/Input/Code/boxoffice-analysis-pipeline/data/raw/subtitles/2004_Bridget_Jones_The_Edge_of_Reason_tt0317198_231525.srt,Bridget Jones,individual_civilian,romantic insecurity and Daniel Cleaver as disruptive ex-partner,individual_civilian,Bridget Jones and her relationship with Mark Darcy,0,0,2,0,medium,False,0,False,False,0,0,23,0.0,0.0,success,,
2004,17,Howl's Moving Castle,556,4935.0,tt0347149,Howl's Moving Castle,2004-09-09,HIGH,235184110,4711096.0,230473014.0,2.0,98.0,153.0,10.0,0.0204409875075439,136.0,-7.0,False,False,False,False,"Sophie, a young milliner, is turned into an elderly woman by a witch who enters her shop and curses her. She encounters a wizard named Howl and gets caught up in his resistance to fighting for the king.",https://www.boxofficemojo.com/year/world/2004/,True,en,/Users/cedricroetheli/Desktop/BA Cédric/Input/Code/boxoffice-analysis-pipeline/data/raw/subtitles/2004_Howl_s_Moving_Castle_tt0347149_4916886.srt,Sophie,individual_civilian,the king's war effort,state_military,the kingdom's people,2,1,1,3,medium,False,0,False,False,0,0,23,0.0,0.0,success,,
2004,18,Fahrenheit 9/11,557,1777.0,tt0361596,Fahrenheit 9/11,2004-06-25,HIGH,222446882,119194771.0,103252111.0,53.6,46.4,17.0,27.0,1.1544051724036906,-1.0,9.0,False,False,False,False,Michael Moore's view on how the Bush administration allegedly used the tragic events on 9/11 to push forward its agenda for unjust wars in Afghanistan and Iraq.,https://www.boxofficemojo.com/year/world/2004/,True,en,/Users/cedricroetheli/Desktop/BA Cédric/Input/Code/boxoffice-analysis-pipeline/data/raw/subtitles/2004_Fahrenheit_9_11_tt0361596_4424433.srt,Michael Moore,individual_civilian,the Bush administration,state_military,the United States and people affected by the wars in Afghanistan and Iraq,2,2,2,4,medium,True,4,True,True,4,4,18,0.2222222222222222,0.2222222222222222,success,,
2004,19,Collateral,558,1538.0,tt0369339,Collateral,2004-08-04,HIGH,220241086,101005703.0,119234222.0,45.9,54.1,22.0,21.0,0.847120074302158,3.0,2.0,False,False,False,False,Cab driver Max picks up a man who offers him $600 to drive him around. But the promise of easy money sours when Max realizes his fare is an assassin.,https://www.boxofficemojo.com/year/world/2004/,True,en,/Users/cedricroetheli/Desktop/BA Cédric/Input/Code/boxoffice-analysis-pipeline/data/raw/subtitles/2004_Collateral_tt0369339_4678641.srt,Max,individual_civilian,the assassin fare,individual_civilian,Max,0,0,0,0,medium,True,3,True,True,1,3,26,0.0384615384615384,0.1153846153846153,success,,
2004,20,The Terminal,559,594.0,tt0362227,The Terminal,2004-06-17,HIGH,218685607,77872883.0,140812724.0,35.6,64.4,34.0,17.0,0.5530244766801046,14.0,-3.0,False,False,False,False,"An Eastern European tourist unexpectedly finds himself stranded in JFK airport, and must take up temporary residence there.",https://www.boxofficemojo.com/year/world/2004/,True,en,/Users/cedricroetheli/Desktop/BA Cédric/Input/Code/boxoffice-analysis-pipeline/data/raw/subtitles/2004_The_Terminal_tt0362227_221845.srt,the stranded Eastern European tourist,individual_civilian,the airport/immigration system that strands him at JFK,corporate_institutional,the stranded tourist,0,0,0,0,medium,False,0,False,False,0,0,23,0.0,0.0,success,,
2005,1,Harry Potter and the Goblet of Fire,560,674.0,tt0330373,Harry Potter and the Goblet of Fire,2005-11-16,HIGH,895921036,290013036.0,605908000.0,32.4,67.6,3.0,1.0,0.4786420314635225,2.0,0.0,False,False,False,False,"When his name emerges from the Goblet of Fire, Harry Potter becomes a competitor in a grueling battle for glory among three wizarding schools—the Triwizard Tournament. But since Harry never submitted his name for the Tournament, who did? Now Harry must confront a deadly dragon, fierce water demons, and an enchanted maze only to find himself in the cruel grasp of He Who Must Not Be Named.",https://www.boxofficemojo.com/year/world/2005/,True,en,/Users/cedricroetheli/Desktop/BA Cédric/Input/Code/boxoffice-analysis-pipeline/data/raw/subtitles/2005_Harry_Potter_and_the_Goblet_of_Fire_tt0330373_6780526.srt,Harry Potter,individual_civilian,He Who Must Not Be Named,individual_civilian,Harry Potter,0,0,0,0,medium,False,0,False,False,0,0,22,0.0,0.0,success,,
2005,2,Star Wars: Episode III - Revenge of the Sith,561,1895.0,tt0121766,Star Wars: Episode III - Revenge of the Sith,2005-05-17,HIGH,849997605,380270577.0,469727028.0,44.7,55.3,1.0,2.0,0.8095565175781199,-1.0,0.0,False,False,False,False,"When the sinister Sith unveil a thousand-year-old plot to rule the galaxy, the Republic crumbles and from its ashes rises the evil Galactic Empire. Jedi hero Anakin Skywalker must choose a side.",https://www.boxofficemojo.com/year/world/2005/,True,en,/Users/cedricroetheli/Desktop/BA Cédric/Input/Code/boxoffice-analysis-pipeline/data/raw/subtitles/2005_Star_Wars_Episode_III_Revenge_of_the_Sith_tt0121766_5240827.srt,Anakin Skywalker,state_military,the Sith,collective_civilian,the Republic,2,2,3,4,medium,True,1,True,True,1,1,29,0.0344827586206896,0.0344827586206896,success,,
2005,3,"The Chronicles of Narnia: The Lion, the Witch and the Wardrobe",562,411.0,tt0363771,"The Chronicles of Narnia: The Lion, the Witch and the Wardrobe",2005-12-07,HIGH,745013115,291710957.0,453302158.0,39.2,60.8,2.0,3.0,0.6435243068046458,-1.0,0.0,False,False,False,False,"Siblings Lucy, Edmund, Susan and Peter step through a magical wardrobe and find the land of Narnia. There, they discover a charming, once peaceful kingdom that has been plunged into eternal winter by the evil White Witch, Jadis. Aided by the wise and magnificent lion, Aslan, the children lead Narnia into a spectacular, climactic battle to be free of the Witch's glacial powers forever.",https://www.boxofficemojo.com/year/world/2005/,True,en,/Users/cedricroetheli/Desktop/BA Cédric/Input/Code/boxoffice-analysis-pipeline/data/raw/subtitles/2005_The_Chronicles_of_Narnia_The_Lion_the_Witch_and_the_Wardrobe_tt0363771_4529028.srt,"Lucy, Edmund, Susan and Peter Pevensie with Aslan",collective_civilian,"the White Witch, Jadis",individual_civilian,Narnia,2,1,0,3,high,True,1,False,True,0,1,21,0.0,0.0476190476190476,success,,
2005,4,War of the Worlds,563,74.0,tt0407304,War of the Worlds,2005-06-28,HIGH,603873119,234280354.0,369592765.0,38.8,61.2,4.0,4.0,0.6338878251580493,0.0,0.0,False,False,False,False,"Ray Ferrier is a divorced dockworker and less-than-perfect father. Soon after his ex-wife and her new husband drop off his teenage son and young daughter for a rare weekend visit, a strange and powerful lightning storm touches down.",https://www.boxofficemojo.com/year/world/2005/,True,en,/Users/cedricroetheli/Desktop/BA Cédric/Input/Code/boxoffice-analysis-pipeline/data/raw/subtitles/2005_War_of_the_Worlds_tt0407304_268669.srt,Ray Ferrier,individual_civilian,alien invaders,non_human,Ray Ferrier's children,1,0,3,1,medium,False,0,False,False,0,0,14,0.0,0.0,success,,
2005,5,King Kong,564,254.0,tt0360717,King Kong,2005-12-12,HIGH,556906378,218080025.0,338826353.0,39.2,60.8,5.0,6.0,0.6436335989485445,0.0,1.0,False,False,False,False,"In 1933 New York, an overly ambitious movie producer coerces his cast and hired ship crew to travel to mysterious Skull Island, where they encounter Kong, a giant ape who is immediately smitten with the leading lady.",https://www.boxofficemojo.com/year/world/2005/,True,en,/Users/cedricroetheli/Desktop/BA Cédric/Input/Code/boxoffice-analysis-pipeline/data/raw/subtitles/2005_King_Kong_tt0360717_5246670.srt,Ann Darrow,individual_civilian,Kong,non_human,Ann Darrow,0,0,0,0,medium,False,0,False,False,0,0,19,0.0,0.0,success,,
2005,6,Madagascar,565,953.0,tt0351283,Madagascar,2005-05-25,HIGH,542063846,193595521.0,348468325.0,35.7,64.3,9.0,5.0,0.5555613153648901,3.0,-1.0,False,False,False,False,Four animal friends get a taste of the wild life when they break out of captivity at the Central Park Zoo and wash ashore on the island of Madagascar.,https://www.boxofficemojo.com/year/world/2005/,True,en,/Users/cedricroetheli/Desktop/BA Cédric/Input/Code/boxoffice-analysis-pipeline/data/raw/subtitles/2005_Madagascar_tt0351283_4678903.srt,four animal friends,collective_civilian,the wild environment of Madagascar,non_human,four animal friends,1,0,2,1,medium,False,0,False,False,0,0,21,0.0,0.0,success,,
2005,7,Mr. & Mrs. Smith,566,787.0,tt0356910,Mr. & Mrs. Smith,2005-06-07,HIGH,487287646,186336279.0,300951367.0,38.2,61.8,10.0,7.0,0.6191574434682664,3.0,0.0,False,False,False,False,"A husband and wife struggle to keep their marriage alive until they realize they are both secretly working as assassins. Now, their respective assignments require them to kill each other.",https://www.boxofficemojo.com/year/world/2005/,True,en,/Users/cedricroetheli/Desktop/BA Cédric/Input/Code/boxoffice-analysis-pipeline/data/raw/subtitles/2005_Mr_Mrs_Smith_tt0356910_5047358.srt,John and Jane Smith,collective_civilian,their respective assassin assignments and agencies,collective_civilian,John and Jane Smith,1,0,0,1,medium,False,0,False,False,0,0,15,0.0,0.0,success,,
2005,8,Charlie and the Chocolate Factory,567,118.0,tt0367594,Charlie and the Chocolate Factory,2005-07-13,HIGH,474968763,206459076.0,268509687.0,43.5,56.5,7.0,8.0,0.7689073653420928,-1.0,0.0,False,False,False,False,"A young boy wins a tour through the most magnificent chocolate factory in the world, led by the world's most unusual candy maker.",https://www.boxofficemojo.com/year/world/2005/,True,en,/Users/cedricroetheli/Desktop/BA Cédric/Input/Code/boxoffice-analysis-pipeline/data/raw/subtitles/2005_Charlie_and_the_Chocolate_Factory_tt0367594_346459.srt,Charlie,individual_civilian,,none,Charlie,0,0,0,0,low,False,0,False,False,0,0,13,0.0,0.0,success_with_warnings,villain_actor unresolved (none),
2005,9,Batman Begins,568,272.0,tt0372784,Batman Begins,2005-06-10,HIGH,373443774,205343774.0,168100000.0,55.0,45.0,8.0,12.0,1.221557251635931,-1.0,3.0,False,False,False,False,"Driven by tragedy, billionaire Bruce Wayne dedicates his life to uncovering and defeating the corruption that plagues his home, Gotham City.  Unable to work within the system, he instead creates a new identity, a symbol of fear for the criminal underworld - The Batman.",https://www.boxofficemojo.com/year/world/2005/,True,en,/Users/cedricroetheli/Desktop/BA Cédric/Input/Code/boxoffice-analysis-pipeline/data/raw/subtitles/2005_Batman_Begins_tt0372784_6512989.srt,Bruce Wayne / Batman,individual_civilian,the corruption and criminal underworld plaguing Gotham City,collective_civilian,Gotham City,2,1,0,3,high,False,0,False,False,0,0,17,0.0,0.0,success,,
2005,10,Hitch,569,8488.0,tt0386588,Hitch,2005-02-11,HIGH,371594603,179495555.0,192098655.0,48.3,51.7,11.0,9.0,0.9343925651119211,1.0,-1.0,False,False,False,False,"Dating coach Alex 'Hitch' Hitchens mentors a bumbling client, Albert, who hopes to win the heart of the glamorous Allegra Cole. While Albert makes progress, Hitch faces his own romantic setbacks when proven techniques fail to work on Sara Melas, a tabloid reporter digging for dirt on Allegra Cole's love life. When Sara discovers Hitch's connection to Albert – now Allegra's boyfriend – it threatens to destroy both relationships.",https://www.boxofficemojo.com/year/world/2005/,True,en,/Users/cedricroetheli/Desktop/BA Cédric/Input/Code/boxoffice-analysis-pipeline/data/raw/subtitles/2005_Hitch_tt0386588_229660.srt,Alex 'Hitch' Hitchens,individual_civilian,Sara Melas's investigation and resulting misunderstanding,individual_civilian,Hitch and Albert's romantic relationships,1,0,0,1,medium,False,0,False,False,0,0,4,0.0,0.0,success,,
2005,11,Fantastic Four,570,9738.0,tt0120667,Fantastic Four,2005-06-29,HIGH,333535934,154696080.0,178839854.0,46.4,53.6,13.0,11.0,0.8649977985332061,2.0,0.0,False,False,False,False,"During a space voyage, four scientists are altered by cosmic rays: Reed Richards gains the ability to stretch his body; Sue Storm can become invisible; Johnny Storm controls fire; and Ben Grimm is turned into a super-strong … thing. Together, these ""Fantastic Four"" must now thwart the evil plans of Dr. Doom and save the world from certain destruction.",https://www.boxofficemojo.com/year/world/2005/,True,en,/Users/cedricroetheli/Desktop/BA Cédric/Input/Code/boxoffice-analysis-pipeline/data/raw/subtitles/2005_Fantastic_Four_tt0120667_11443008.srt,Fantastic Four,collective_civilian,Dr. Doom,individual_civilian,the world,3,3,3,6,high,True,1,False,True,0,1,23,0.0,0.0434782608695652,success,,
2005,12,Chicken Little,571,9982.0,tt0371606,Chicken Little,2005-11-04,HIGH,314432837,135386665.0,179046172.0,43.1,56.9,14.0,10.0,0.756155038042366,2.0,-2.0,False,False,False,False,"When the sky really is falling and sanity has flown the coop, who will rise to save the day? Together with his hysterical band of misfit friends, Chicken Little must hatch a plan to save the planet from alien invasion and prove that the world's biggest hero is a little chicken.",https://www.boxofficemojo.com/year/world/2005/,True,en,/Users/cedricroetheli/Desktop/BA Cédric/Input/Code/boxoffice-analysis-pipeline/data/raw/subtitles/2005_Chicken_Little_tt0371606_603194.srt,Chicken Little,non_human,alien invasion,non_human,the planet,3,3,3,6,high,False,0,False,False,0,0,17,0.0,0.0,success,,
2005,13,Wedding Crashers,572,9522.0,tt0396269,Wedding Crashers,2005-07-13,HIGH,288467645,209255921.0,79211724.0,72.5,27.5,6.0,29.0,2.6417291586785816,-7.0,16.0,False,False,False,False,"John and his buddy Jeremy are emotional criminals who know how to use a woman's hopes and dreams for their own carnal gain. Their modus operandi: crashing weddings. Normally, they meet guests who want to toast the romantic day with a random hook-up. But when John meets Claire, he discovers what true love – and heartache – feels like.",https://www.boxofficemojo.com/year/world/2005/,True,en,/Users/cedricroetheli/Desktop/BA Cédric/Input/Code/boxoffice-analysis-pipeline/data/raw/subtitles/2005_Wedding_Crashers_tt0396269_4886536.srt,John,individual_civilian,John and Jeremy's deceptive wedding-crashing scheme,collective_civilian,women they deceive at weddings,1,0,0,1,medium,False,0,False,False,0,0,5,0.0,0.0,success,,
2005,14,Robots,573,9928.0,tt0358082,Robots,2005-03-10,HIGH,262511490,128200012.0,134311478.0,48.8,51.2,15.0,16.0,0.9544978129121624,1.0,2.0,False,False,False,False,"Rodney Copperbottom is a young robot inventor who dreams of making the world a better place, until the evil Ratchet takes over Bigweld Industries. Now, Rodney's dreams – and those of his friends – are in danger of becoming obsolete.",https://www.boxofficemojo.com/year/world/2005/,True,en,/Users/cedricroetheli/Desktop/BA Cédric/Input/Code/boxoffice-analysis-pipeline/data/raw/subtitles/2005_Robots_tt0358082_249999.srt,Rodney Copperbottom,non_human,Ratchet,non_human,Rodney and his friends,1,0,0,1,high,False,0,False,False,0,0,7,0.0,0.0,success,,
2005,15,Constantine,574,561.0,tt0360486,Constantine,2005-02-08,HIGH,230884728,75976178.0,154908550.0,32.9,67.1,29.0,14.0,0.4904582606963915,14.0,-1.0,False,False,False,False,"John Constantine has literally been to Hell and back. When he teams up with a policewoman to solve the mysterious suicide of her twin sister, their investigation takes them through the world of demons and angels that exists beneath the landscape of contemporary Los Angeles.",https://www.boxofficemojo.com/year/world/2005/,True,en,/Users/cedricroetheli/Desktop/BA Cédric/Input/Code/boxoffice-analysis-pipeline/data/raw/subtitles/2005_Constantine_tt0360486_5258791.srt,John Constantine,individual_civilian,the demonic forces behind the mystery,non_human,Angela Dodson and those targeted by the demonic plot,0,1,0,1,medium,False,0,False,False,0,0,22,0.0,0.0,success,,
2005,16,Flightplan,575,9315.0,tt0408790,Flightplan,2005-09-22,HIGH,223387299,89707299.0,133680000.0,40.2,59.8,20.0,17.0,0.671059986535009,4.0,1.0,False,False,False,False,"Flying at 40,000 feet in a state-of-the art aircraft that she helped design, Kyle Pratt's 6-year-old daughter Julia vanishes without a trace. Or did she? No one on the plane believes Julia was ever onboard. And now Kyle, desperate and alone, can only count on her own wits to unravel the mystery and save her daughter.",https://www.boxofficemojo.com/year/world/2005/,True,en,/Users/cedricroetheli/Desktop/BA Cédric/Input/Code/boxoffice-analysis-pipeline/data/raw/subtitles/2005_Flightplan_tt0408790_549066.srt,Kyle Pratt,individual_civilian,the person or persons behind Julia's disappearance,individual_civilian,Julia Pratt,0,0,0,0,medium,False,0,False,False,0,0,8,0.0,0.0,success,,
2005,17,Kingdom of Heaven,576,1495.0,tt0320661,Kingdom of Heaven,2005-05-03,HIGH,213924874,47398413.0,166522330.0,22.2,77.8,63.0,13.0,0.2846369793168279,46.0,-4.0,False,False,False,False,"After his wife dies, a blacksmith named Balian is thrust into royalty, political intrigue and bloody holy wars during the Crusades.",https://www.boxofficemojo.com/year/world/2005/,True,en,/Users/cedricroetheli/Desktop/BA Cédric/Input/Code/boxoffice-analysis-pipeline/data/raw/subtitles/2005_Kingdom_of_Heaven_tt0320661_10026681.srt,Balian,individual_civilian,the Crusades and the opposing forces driving the holy war,collective_civilian,Jerusalem and those caught in the holy wars,2,1,2,3,medium,True,1,True,True,1,1,26,0.0384615384615384,0.0384615384615384,success,,
2005,18,Fun with Dick and Jane,577,7552.0,tt0369441,Fun with Dick and Jane,2005-12-21,HIGH,204681899,110332737.0,94349162.0,53.9,46.1,18.0,22.0,1.169408764860042,0.0,4.0,False,False,False,False,"After Dick Harper loses his job at Globodyne in an Enron-esque collapse, he and his wife, Jane, turn to crime in order to handle the massive debt they now face. Two intelligent people, Dick and Jane actually get pretty good at robbing people and even enjoy it -- but they have second thoughts when they're reminded that crime can hurt innocent people. When the couple hears that Globodyne boss Jack McCallister actually swindled the company, they plot revenge.",https://www.boxofficemojo.com/year/world/2005/,True,en,/Users/cedricroetheli/Desktop/BA Cédric/Input/Code/boxoffice-analysis-pipeline/data/raw/subtitles/2005_Fun_with_Dick_and_Jane_tt0369441_735847.srt,Dick and Jane Harper,collective_civilian,Jack McCallister,corporate_institutional,Dick and Jane Harper,0,0,0,0,medium,True,1,True,True,1,1,14,0.0714285714285714,0.0714285714285714,success,,
2005,19,The Pacifier,578,10022.0,tt0395699,The Pacifier,2005-03-04,HIGH,198636868,113086868.0,85550000.0,56.9,43.1,17.0,25.0,1.3218803974284044,-2.0,6.0,False,False,False,False,Navy SEAL Shane Wolfe is handed a new assignment: Protect the five Plummer kids from enemies of their recently deceased father -- a government scientist whose top-secret experiment remains hidden in the kids' house.,https://www.boxofficemojo.com/year/world/2005/,True,en,/Users/cedricroetheli/Desktop/BA Cédric/Input/Code/boxoffice-analysis-pipeline/data/raw/subtitles/2005_The_Pacifier_tt0395699_240880.srt,Shane Wolfe,state_military,enemies of the Plummers' father seeking the top-secret experiment,none,the five Plummer kids,1,1,0,2,medium,False,0,False,False,0,0,10,0.0,0.0,success_with_warnings,villain_actor unresolved (none),
2005,20,Wallace & Gromit: The Curse of the Were-Rabbit,579,533.0,tt0312004,Wallace & Gromit: The Curse of the Were-Rabbit,2005-09-15,HIGH,192614977,56110897.0,136504080.0,29.1,70.9,47.0,15.0,0.4110565559652136,27.0,-5.0,False,False,False,False,"Cheese-loving eccentric Wallace and his cunning canine pal Gromit run a business ridding the town of garden pests. Using only humane methods, which turns their home into a halfway house for evicted vermin, the pair stumble upon a mystery involving a voracious vegetarian monster that threatens to ruin the annual veggie-growing contest.",https://www.boxofficemojo.com/year/world/2005/,True,en,/Users/cedricroetheli/Desktop/BA Cédric/Input/Code/boxoffice-analysis-pipeline/data/raw/subtitles/2005_Wallace_Gromit_The_Curse_of_the_Were_Rabbit_tt0312004_4913239.srt,Wallace and Gromit,collective_civilian,the voracious vegetarian monster (the Were-Rabbit),non_human,the town and its annual veggie-growing contest,1,1,0,2,high,False,0,False,False,0,0,19,0.0,0.0,success,,
2006,1,Pirates of the Caribbean: Dead Man's Chest,580,58.0,tt0383574,Pirates of the Caribbean: Dead Man's Chest,2006-07-06,HIGH,1066179725,423315812.0,642863913.0,39.7,60.3,1.0,1.0,0.6584843283931541,0.0,0.0,False,False,False,False,"Jack's got a blood debt to pay: he owes his soul to the legendary Davy Jones, ghastly Ruler of the Ocean Depths.  But ever-crafty Jack isn't about to go down without a fight.",https://www.boxofficemojo.com/year/world/2006/,True,en,/Users/cedricroetheli/Desktop/BA Cédric/Input/Code/boxoffice-analysis-pipeline/data/raw/subtitles/2006_Pirates_of_the_Caribbean_Dead_Man_s_Chest_tt0383574_5266660.srt,Jack,individual_civilian,Davy Jones,non_human,Jack,0,0,0,0,high,False,0,False,False,0,0,15,0.0,0.0,success,,
2006,2,The Da Vinci Code,581,591.0,tt0382625,The Da Vinci Code,2006-05-17,HIGH,760006945,217536138.0,542470807.0,28.6,71.4,5.0,2.0,0.4010098519458209,3.0,0.0,False,False,False,False,"A murder in Paris’ Louvre Museum and cryptic clues in some of Leonardo da Vinci’s most famous paintings lead to the discovery of a religious mystery. For 2,000 years a secret society closely guards information that — should it come to light — could rock the very foundations of Christianity.",https://www.boxofficemojo.com/year/world/2006/,True,en,/Users/cedricroetheli/Desktop/BA Cédric/Input/Code/boxoffice-analysis-pipeline/data/raw/subtitles/2006_The_Da_Vinci_Code_tt0382625_4882268.srt,the investigators uncovering the mystery,collective_civilian,the secret forces guarding the religious secret,collective_civilian,Christianity and its believers,2,3,2,5,medium,False,0,False,False,0,0,48,0.0,0.0,success,,
2006,3,Ice Age 2: The Meltdown,582,950.0,tt0438097,Ice Age: The Meltdown,2006-03-29,HIGH,660940780,195330621.0,465610159.0,29.6,70.4,8.0,3.0,0.4195153761668675,5.0,0.0,False,False,False,False,"Diego, Manny and Sid return in this sequel to the hit animated movie Ice Age. This time around, the deep freeze is over, and the ice-covered earth is starting to melt, which will destroy the trio's cherished valley. The impending disaster prompts them to reunite and warn all the other beasts about the desperate situation.",https://www.boxofficemojo.com/year/world/2006/,True,en,/Users/cedricroetheli/Desktop/BA Cédric/Input/Code/boxoffice-analysis-pipeline/data/raw/subtitles/2006_Ice_Age_2_The_Meltdown_tt0438097_3163435.srt,"Manny, Sid, and Diego",collective_civilian,the melting and resulting flood disaster,non_human,the beasts in the valley,1,1,0,2,high,False,0,False,False,0,0,12,0.0,0.0,success,,
2006,4,Casino Royale,583,36557.0,tt0381061,Casino Royale,2006-11-14,HIGH,606000064,167445960.0,438553632.0,27.6,72.4,9.0,4.0,0.3818140993072427,5.0,0.0,False,False,False,False,"Le Chiffre, a banker to the world's terrorists, is scheduled to participate in a high-stakes poker game in Montenegro, where he intends to use his winnings to establish his financial grip on the terrorist market. M sends Bond—on his maiden mission as a 00 Agent—to attend this game and prevent Le Chiffre from winning. With the help of Vesper Lynd and Felix Leiter, Bond enters the most important poker game in his already dangerous career.",https://www.boxofficemojo.com/year/world/2006/,True,en,/Users/cedricroetheli/Desktop/BA Cédric/Input/Code/boxoffice-analysis-pipeline/data/raw/subtitles/2006_Casino_Royale_tt0381061_6552568.srt,James Bond,state_military,Le Chiffre,collective_civilian,the British state and its security interests,2,2,2,4,medium,True,2,True,True,1,2,19,0.0526315789473684,0.1052631578947368,success,,
2006,5,Night at the Museum,584,1593.0,tt0477347,Night at the Museum,2006-12-20,HIGH,574480841,250863268.0,323617573.0,43.7,56.3,2.0,5.0,0.7751843191778711,-3.0,0.0,False,False,False,False,"Chaos reigns at the natural history museum when night watchman Larry Daley accidentally stirs up an ancient curse, awakening Attila the Hun, an army of gladiators, a Tyrannosaurus rex and other exhibits.",https://www.boxofficemojo.com/year/world/2006/,True,en,/Users/cedricroetheli/Desktop/BA Cédric/Input/Code/boxoffice-analysis-pipeline/data/raw/subtitles/2006_Night_at_the_Museum_tt0477347_4593009.srt,Larry Daley,individual_civilian,the ancient curse and awakened museum exhibits,non_human,the natural history museum and its occupants,1,1,0,2,high,False,0,False,False,0,0,14,0.0,0.0,success,,
2006,6,Cars,585,920.0,tt0317219,Cars,2006-06-08,HIGH,461983149,244082982.0,217900167.0,52.8,47.2,3.0,8.0,1.1201596830350296,-3.0,2.0,False,False,False,False,"Lightning McQueen, a hotshot rookie race car driven to succeed, discovers that life is about the journey, not the finish line, when he finds himself unexpectedly detoured in the sleepy Route 66 town of Radiator Springs. On route across the country to the big Piston Cup Championship in California to compete against two seasoned pros, McQueen gets to know the town's offbeat characters.",https://www.boxofficemojo.com/year/world/2006/,True,en,/Users/cedricroetheli/Desktop/BA Cédric/Input/Code/boxoffice-analysis-pipeline/data/raw/subtitles/2006_Cars_tt0317219_6607688.srt,Lightning McQueen,non_human,Lightning McQueen's own ambition and win-at-all-costs mindset,non_human,Radiator Springs,1,1,0,2,medium,False,0,False,False,0,0,25,0.0,0.0,success,,
2006,7,X-Men: The Last Stand,586,36668.0,tt0376994,X-Men: The Last Stand,2006-05-24,HIGH,460435291,234362462.0,226072829.0,50.9,49.1,4.0,7.0,1.0366679756991053,-3.0,0.0,False,False,False,False,"When a cure is found to treat mutations, lines are drawn amongst the X-Men—led by Professor Charles Xavier—and the Brotherhood, a band of powerful mutants organised under Xavier's former ally, Magneto.",https://www.boxofficemojo.com/year/world/2006/,True,en,/Users/cedricroetheli/Desktop/BA Cédric/Input/Code/boxoffice-analysis-pipeline/data/raw/subtitles/2006_X_Men_The_Last_Stand_tt0376994_3236238.srt,Professor Charles Xavier and the X-Men,collective_civilian,Magneto and the Brotherhood,collective_civilian,mutants,2,1,1,3,medium,False,0,False,False,0,0,8,0.0,0.0,success,,
2006,8,Mission: Impossible III,587,956.0,tt0317919,Mission: Impossible III,2006-04-25,HIGH,398479497,134029801.0,264449696.0,33.6,66.4,14.0,6.0,0.506825316978243,6.0,-2.0,False,False,False,False,"Retired from active duty, and training recruits for the Impossible Mission Force, agent Ethan Hunt faces the toughest foe of his career: Owen Davian, an international broker of arms and information, who's as cunning as he is ruthless. Davian emerges to threaten Hunt and all that he holds dear – including the woman Hunt loves.",https://www.boxofficemojo.com/year/world/2006/,True,en,/Users/cedricroetheli/Desktop/BA Cédric/Input/Code/boxoffice-analysis-pipeline/data/raw/subtitles/2006_Mission_Impossible_III_tt0317919_10212997.srt,Ethan Hunt,state_military,Owen Davian,individual_civilian,Ethan Hunt and the woman he loves,0,0,2,0,high,True,2,False,True,0,2,43,0.0,0.0465116279069767,success,,
2006,9,Superman Returns,588,1452.0,tt0348150,Superman Returns,2006-06-28,HIGH,391081192,200081192.0,191000000.0,51.2,48.8,6.0,10.0,1.047545507853403,-3.0,1.0,False,False,False,False,"Superman returns to discover his 5-year absence has allowed Lex Luthor to walk free, and that those he was closest to felt abandoned and have moved on. Luthor plots his ultimate revenge that could see millions killed and change the face of the planet forever, as well as ridding himself of the Man of Steel.",https://www.boxofficemojo.com/year/world/2006/,True,en,/Users/cedricroetheli/Desktop/BA Cédric/Input/Code/boxoffice-analysis-pipeline/data/raw/subtitles/2006_Superman_Returns_tt0348150_4590220.srt,Superman,non_human,Lex Luthor,individual_civilian,millions of people on Earth,3,3,3,6,high,False,0,False,False,0,0,8,0.0,0.0,success,,
2006,10,Happy Feet,589,9836.0,tt0366548,Happy Feet,2006-11-16,HIGH,384335608,198000317.0,186335291.0,51.5,48.5,7.0,11.0,1.0626023440723311,-3.0,1.0,False,False,False,False,"Into the world of the Emperor Penguins, who find their soul mates through song, a penguin is born who cannot sing. But he can tap dance something fierce!",https://www.boxofficemojo.com/year/world/2006/,True,en,/Users/cedricroetheli/Desktop/BA Cédric/Input/Code/boxoffice-analysis-pipeline/data/raw/subtitles/2006_Happy_Feet_tt0366548_3747506.srt,the penguin who cannot sing,non_human,,none,the penguin who cannot sing,0,0,0,0,low,False,0,False,False,0,0,14,0.0,0.0,success_with_warnings,villain_actor unresolved (none),
2006,11,Over the Hedge,590,7518.0,tt0327084,Over the Hedge,2006-05-17,HIGH,339795890,155019340.0,184776550.0,45.6,54.4,11.0,12.0,0.8389557008180962,0.0,1.0,False,False,False,False,"A scheming raccoon fools a mismatched family of forest creatures into helping him repay a debt of food, by invading the new suburban sprawl that popped up while they were hibernating – and learns a lesson about family himself.",https://www.boxofficemojo.com/year/world/2006/,True,en,/Users/cedricroetheli/Desktop/BA Cédric/Input/Code/boxoffice-analysis-pipeline/data/raw/subtitles/2006_Over_the_Hedge_tt0327084_4884971.srt,RJ,non_human,Vincent,non_human,the family of forest creatures,1,0,0,1,medium,False,0,False,False,0,0,17,0.0,0.0,success,,
2006,12,The Devil Wears Prada,591,350.0,tt0458352,The Devil Wears Prada,2006-06-29,HIGH,326551094,124740460.0,201810634.0,38.2,61.8,17.0,9.0,0.6181064769857469,5.0,-3.0,False,False,False,False,"A young woman from the Midwest gets more than she bargained for when she moves to New York to become a writer and ends up as the assistant to the tyrannical, larger-than-life editor-in-chief of a major fashion magazine.",https://www.boxofficemojo.com/year/world/2006/,True,en,/Users/cedricroetheli/Desktop/BA Cédric/Input/Code/boxoffice-analysis-pipeline/data/raw/subtitles/2006_The_Devil_Wears_Prada_tt0458352_3710473.srt,the young woman from the Midwest,individual_civilian,the tyrannical editor-in-chief of the fashion magazine,corporate_institutional,the young woman from the Midwest,0,0,0,0,high,False,0,False,False,0,0,16,0.0,0.0,success,,
2006,13,The Pursuit of Happyness,592,1402.0,tt0454921,The Pursuit of Happyness,2006-12-14,HIGH,307127625,163566459.0,143561166.0,53.3,46.7,10.0,15.0,1.1393503100970912,-3.0,2.0,False,False,False,False,A struggling salesman takes custody of his son as he's poised to begin a life-changing professional career.,https://www.boxofficemojo.com/year/world/2006/,True,en,/Users/cedricroetheli/Desktop/BA Cédric/Input/Code/boxoffice-analysis-pipeline/data/raw/subtitles/2006_The_Pursuit_of_Happyness_tt0454921_4398467.srt,Chris Gardner,individual_civilian,poverty and economic hardship,none,Chris Gardner and his son,1,0,0,1,medium,True,1,False,True,0,1,18,0.0,0.0555555555555555,success_with_warnings,villain_actor unresolved (none),
2006,14,The Departed,593,1422.0,tt0407887,The Departed,2006-10-04,HIGH,291465034,132384315.0,159080719.0,45.4,54.6,15.0,14.0,0.832183283003643,1.0,0.0,False,False,False,False,"To take down South Boston's Irish Mafia, the police send in one of their own to infiltrate the underworld, not realizing the syndicate has done likewise. While an undercover cop curries favor with the mob kingpin, a career criminal rises through the police ranks. But both sides soon discover there's a mole among them.",https://www.boxofficemojo.com/year/world/2006/,True,en,/Users/cedricroetheli/Desktop/BA Cédric/Input/Code/boxoffice-analysis-pipeline/data/raw/subtitles/2006_The_Departed_tt0407887_5048373.srt,the undercover cop,state_military,South Boston's Irish Mafia,collective_civilian,Massachusetts State Police / law enforcement,1,1,0,2,medium,True,2,True,True,1,2,23,0.0434782608695652,0.0869565217391304,success,,
2006,15,Borat,594,496.0,tt0443453,Borat: Cultural Learnings of America for Make Benefit Glorious Nation of Kazakhstan,2006-11-01,MANUAL_ACCEPTED,262552893,128505958.0,134046935.0,48.9,51.1,16.0,17.0,0.9586639038035446,1.0,2.0,False,False,False,False,"Kazakh journalist Borat Sagdiyev travels to America to make a documentary. As he zigzags across the nation, Borat meets real people in real situations with hysterical consequences. His backwards behavior generates strong reactions around him exposing prejudices and hypocrisies in American culture.",https://www.boxofficemojo.com/year/world/2006/,True,en,/Users/cedricroetheli/Desktop/BA Cédric/Input/Code/boxoffice-analysis-pipeline/data/raw/subtitles/2006_Borat_tt0443453_5307190.srt,Borat Sagdiyev,individual_civilian,American culture's prejudices and hypocrisies,collective_civilian,people Borat encounters in America,1,1,2,2,medium,False,0,False,False,0,0,18,0.0,0.0,success,,
2006,16,Eragon,595,2486.0,tt0449010,Eragon,2006-12-14,HIGH,250425512,75030163.0,175395349.0,30.0,70.0,31.0,13.0,0.4277773808015855,15.0,-3.0,False,False,False,False,"In his homeland of Alagaesia, a farm boy happens upon a dragon's egg -- a discovery that leads him on a predestined journey where he realized he's the one person who can defend his home against an evil king.",https://www.boxofficemojo.com/year/world/2006/,True,en,/Users/cedricroetheli/Desktop/BA Cédric/Input/Code/boxoffice-analysis-pipeline/data/raw/subtitles/2006_Eragon_tt0449010_3753798.srt,Eragon,individual_civilian,the evil king,state_military,his home in Alagaesia,2,1,1,3,medium,False,0,False,False,0,0,21,0.0,0.0,success,,
2006,17,Click,596,9339.0,tt0389860,Click,2006-06-23,HIGH,240685326,137355633.0,103329693.0,57.1,42.9,13.0,25.0,1.3292948910629203,-4.0,8.0,False,False,False,False,"A married workaholic, Michael Newman doesn't have time for his wife and children, not if he's to impress his ungrateful boss and earn a well-deserved promotion. So when he meets Morty, a loopy sales clerk, he gets the answer to his prayers: a magical remote that allows him to bypass life's little distractions with increasingly hysterical results.",https://www.boxofficemojo.com/year/world/2006/,True,en,/Users/cedricroetheli/Desktop/BA Cédric/Input/Code/boxoffice-analysis-pipeline/data/raw/subtitles/2006_Click_tt0389860_3239740.srt,Michael Newman,individual_civilian,the magical remote,non_human,Michael Newman and his family,1,0,0,1,medium,False,0,False,False,0,0,16,0.0,0.0,success,,
2006,18,The Break-Up,597,9767.0,tt0452594,The Break-Up,2006-06-01,HIGH,205668210,118703275.0,86964935.0,57.7,42.3,18.0,34.0,1.3649555996333465,0.0,16.0,False,False,False,False,"Pushed to the breaking-up point after their latest 'why can't you do this one little thing for me?' argument, Brooke calls it quits with her boyfriend Gary. What follows is a hilarious series of remedies, war tactics, overtures and undermining tricks – all encouraged by the former couple's friends and confidantes …and the occasional total stranger! When neither ex is willing to move out of their shared apartment, the only solution is to continue living as hostile roommates until one of them reaches breaking point.",https://www.boxofficemojo.com/year/world/2006/,True,en,/Users/cedricroetheli/Desktop/BA Cédric/Input/Code/boxoffice-analysis-pipeline/data/raw/subtitles/2006_The_Break_Up_tt0452594_3239797.srt,Brooke and Gary,collective_civilian,their mutual breakup conflict,none,Brooke and Gary,0,0,0,0,medium,False,0,False,False,0,0,6,0.0,0.0,success_with_warnings,villain_actor unresolved (none),
2006,19,The Holiday,598,1581.0,tt0457939,The Holiday,2006-12-05,HIGH,205169597,63224849.0,141910326.0,30.8,69.2,45.0,16.0,0.4455267687849579,26.0,-3.0,False,False,False,False,"Two women, one American and one British, swap homes at Christmastime following bad breakups. Each woman finds romance with a local man but realizes that the imminent return home may end the relationship.",https://www.boxofficemojo.com/year/world/2006/,True,en,/Users/cedricroetheli/Desktop/BA Cédric/Input/Code/boxoffice-analysis-pipeline/data/raw/subtitles/2006_The_Holiday_tt0457939_4560394.srt,Two women swapping homes,collective_civilian,their romantic and geographic separation,none,the two women and their new relationships,1,0,2,1,medium,False,0,False,False,0,0,15,0.0,0.0,success_with_warnings,villain_actor unresolved (none),
2006,20,Open Season,599,7484.0,tt0400717,Open Season,2006-09-27,HIGH,200811689,85105259.0,115706430.0,42.4,57.6,23.0,21.0,0.7355274810570165,3.0,1.0,False,False,False,False,"Boog, a domesticated 900lb. Grizzly bear finds himself stranded in the woods 3 days before Open Season. Forced to rely on Elliot, a fast-talking mule deer, the two form an unlikely friendship and must quickly rally other forest animals if they are to form a rag-tag army against the hunters.",https://www.boxofficemojo.com/year/world/2006/,True,en,/Users/cedricroetheli/Desktop/BA Cédric/Input/Code/boxoffice-analysis-pipeline/data/raw/subtitles/2006_Open_Season_tt0400717_3700996.srt,Boog and Elliot,collective_civilian,the hunters,collective_civilian,the forest animals,1,1,0,2,high,False,0,False,False,0,0,12,0.0,0.0,success,,
2007,1,Pirates of the Caribbean: At World's End,600,285.0,tt0449088,Pirates of the Caribbean: At World's End,2007-05-19,HIGH,960996492,309420425.0,651576067.0,32.2,67.8,4.0,1.0,0.4748799728397636,3.0,0.0,False,False,False,False,Captain Jack Sparrow is trapped in Davy Jones' Locker when his pirate brethren begin a desperate quest to locate and rescue him. Follow their wild seafaring adventures from exotic Singapore to World's End and beyond.,https://www.boxofficemojo.com/year/world/2007/,True,en,/Users/cedricroetheli/Desktop/BA Cédric/Input/Code/boxoffice-analysis-pipeline/data/raw/subtitles/2007_Pirates_of_the_Caribbean_At_World_s_End_tt0449088_772681.srt,Captain Jack Sparrow and his pirate allies,collective_civilian,Davy Jones,non_human,Captain Jack Sparrow,0,0,2,0,medium,False,0,False,False,0,0,21,0.0,0.0,success,,
2007,2,Harry Potter and the Order of the Phoenix,601,675.0,tt0373889,Harry Potter and the Order of the Phoenix,2007-07-08,HIGH,941944037,292004738.0,649928484.0,31.0,69.0,5.0,2.0,0.4492874911449488,3.0,0.0,False,False,False,False,"Returning for his fifth year at Hogwarts, Harry is stunned to find that his warnings about the return of Lord Voldemort have been ignored. Left with no choice, Harry takes matters into his own hands, training a small group of motivated students to defend themselves against the Dark Arts.",https://www.boxofficemojo.com/year/world/2007/,True,en,/Users/cedricroetheli/Desktop/BA Cédric/Input/Code/boxoffice-analysis-pipeline/data/raw/subtitles/2007_Harry_Potter_and_the_Order_of_the_Phoenix_tt0373889_6780516.srt,Harry Potter,individual_civilian,Lord Voldemort,individual_civilian,a small group of Hogwarts students,1,0,0,1,medium,True,2,True,True,2,2,21,0.0952380952380952,0.0952380952380952,success,,
2007,3,Spider-Man 3,602,559.0,tt0413300,Spider-Man 3,2007-05-01,HIGH,885827997,336530303.0,549297687.0,38.0,62.0,1.0,3.0,0.6126555981656627,-2.0,0.0,False,False,False,False,"The seemingly invincible Spider-Man goes up against an all-new crop of villains—including the shape-shifting Sandman. While Spider-Man’s superpowers are altered by an alien organism, his alter ego, Peter Parker, deals with nemesis Eddie Brock and also gets caught up in a love triangle.",https://www.boxofficemojo.com/year/world/2007/,True,en,/Users/cedricroetheli/Desktop/BA Cédric/Input/Code/boxoffice-analysis-pipeline/data/raw/subtitles/2007_Spider_Man_3_tt0413300_3575027.srt,Spider-Man / Peter Parker,individual_civilian,Sandman and other villains including Eddie Brock,collective_civilian,Peter Parker and his close circle,1,0,0,1,medium,False,0,False,False,0,0,18,0.0,0.0,success,,
2007,4,Shrek the Third,603,810.0,tt0413267,Shrek the Third,2007-05-17,HIGH,808310187,322719944.0,485586147.0,39.9,60.1,2.0,4.0,0.6645987452356213,-2.0,0.0,False,False,False,False,"The King of Far Far Away has died and Shrek and Fiona are to become King & Queen. However, Shrek wants to return to his cozy swamp and live in peace and quiet, so when he finds out there is another heir to the throne, they set off to bring him back to rule the kingdom.",https://www.boxofficemojo.com/year/world/2007/,True,en,/Users/cedricroetheli/Desktop/BA Cédric/Input/Code/boxoffice-analysis-pipeline/data/raw/subtitles/2007_Shrek_the_Third_tt0413267_462397.srt,Shrek,individual_civilian,,none,the kingdom of Far Far Away,2,2,1,4,medium,False,0,False,False,0,0,30,0.0,0.0,success_with_warnings,villain_actor unresolved (none),
2007,5,Transformers,604,1858.0,tt0418279,Transformers,2007-06-27,HIGH,709709780,319246193.0,390463587.0,45.0,55.0,3.0,6.0,0.81760810387679,-2.0,1.0,False,False,False,False,Young teenager Sam Witwicky becomes involved in the ancient struggle between two extraterrestrial factions of transforming robots – the heroic Autobots and the evil Decepticons. Sam holds the clue to unimaginable power and the Decepticons will stop at nothing to retrieve it.,https://www.boxofficemojo.com/year/world/2007/,True,en,/Users/cedricroetheli/Desktop/BA Cédric/Input/Code/boxoffice-analysis-pipeline/data/raw/subtitles/2007_Transformers_tt0418279_3695199.srt,Sam Witwicky,individual_civilian,the Decepticons,non_human,Sam Witwicky,0,0,1,0,medium,False,0,False,False,0,0,11,0.0,0.0,success,,
2007,6,Ratatouille,605,2062.0,tt0382932,Ratatouille,2007-06-28,HIGH,623736740,206445654.0,417280431.0,33.1,66.9,11.0,5.0,0.4947407993834247,5.0,-1.0,False,False,False,False,"Remy, a resident of Paris, possesses a palate far more refined than that of his fellow comrades. He dreams of becoming a chef, determined to create culinary masterpieces rather than scavenge for scraps. There’s just one small problem: Remy is a rat. When fate deposits him in the sewers beneath one of Paris’s most famous restaurants, he finds himself ideally placed to fulfill his dream. Forming an unusual alliance with a bumbling young kitchen worker, Remy begins a daring culinary double life. Together, they must outwit the scheming Head Chef Skinner, evade Remy’s disapproving colony, and impress renowned food critic Anton Ego, who strikes fear in the hearts of chefs all throughout France.",https://www.boxofficemojo.com/year/world/2007/,True,en,/Users/cedricroetheli/Desktop/BA Cédric/Input/Code/boxoffice-analysis-pipeline/data/raw/subtitles/2007_Ratatouille_tt0382932_5142551.srt,Remy,non_human,Head Chef Skinner,individual_civilian,Remy and Linguini's place at the restaurant,0,0,0,0,medium,False,0,False,False,0,0,24,0.0,0.0,success,,
2007,7,I Am Legend,606,6479.0,tt0480249,I Am Legend,2007-12-12,HIGH,585410052,256393010.0,329017042.0,43.8,56.2,6.0,8.0,0.7792696950937879,-1.0,1.0,False,False,False,False,"Robert Neville is a scientist who was unable to stop the spread of the terrible virus that was incurable and man-made. Immune, Neville is now the last human survivor in what is left of New York City and perhaps the world. For three years, Neville has faithfully sent out daily radio messages, desperate to find any other survivors who might be out there. But he is not alone.",https://www.boxofficemojo.com/year/world/2007/,True,en,/Users/cedricroetheli/Desktop/BA Cédric/Input/Code/boxoffice-analysis-pipeline/data/raw/subtitles/2007_I_Am_Legend_tt0480249_4682676.srt,Robert Neville,individual_civilian,the man-made virus and its infected survivors,non_human,humanity,3,3,3,6,high,False,0,False,False,0,0,18,0.0,0.0,success,,
2007,8,The Simpsons Movie,607,35.0,tt0462538,The Simpsons Movie,2007-07-25,HIGH,536414270,183135014.0,353279256.0,34.1,65.9,12.0,7.0,0.51838598188171,4.0,-1.0,False,False,False,False,"After Homer accidentally pollutes the town's water supply, Springfield is encased in a gigantic dome by the EPA and the Simpsons are declared fugitives.",https://www.boxofficemojo.com/year/world/2007/,True,en,/Users/cedricroetheli/Desktop/BA Cédric/Input/Code/boxoffice-analysis-pipeline/data/raw/subtitles/2007_The_Simpsons_Movie_tt0462538_4652769.srt,the Simpsons,collective_civilian,the EPA,state_military,Springfield,2,1,0,3,high,False,0,False,False,0,0,18,0.0,0.0,success,,
2007,9,National Treasure: Book of Secrets,608,6637.0,tt0465234,National Treasure: Book of Secrets,2007-12-19,HIGH,459242249,219964115.0,239278134.0,47.9,52.1,8.0,12.0,0.9192821396709824,-1.0,3.0,False,False,False,False,"Benjamin Franklin Gates and Abigail Chase re-team with Riley Poole and, now armed with a stack of long-lost pages from John Wilkes Booth's diary, Ben must follow a clue left there to prove his ancestor's innocence in the assassination of Abraham Lincoln.",https://www.boxofficemojo.com/year/world/2007/,True,en,/Users/cedricroetheli/Desktop/BA Cédric/Input/Code/boxoffice-analysis-pipeline/data/raw/subtitles/2007_National_Treasure_Book_of_Secrets_tt0465234_716118.srt,Benjamin Franklin Gates,individual_civilian,the accusation against Ben Gates's ancestor / the mystery surrounding Lincoln's assassination,none,Ben Gates's ancestor and the Gates family reputation,0,0,1,0,medium,False,0,False,False,0,0,34,0.0,0.0,success_with_warnings,villain_actor unresolved (none),
2007,10,300,609,1271.0,tt0416449,300,2007-03-07,HIGH,456068181,210614939.0,245453242.0,46.2,53.8,10.0,11.0,0.8580654192377708,0.0,1.0,False,False,False,False,"Based on Frank Miller's graphic novel, ""300"" is very loosely based the 480 B.C. Battle of Thermopylae, where the King of Sparta led his army against the advancing Persians; the battle is said to have inspired all of Greece to band together against the Persians, and helped usher in the world's first democracy.",https://www.boxofficemojo.com/year/world/2007/,True,en,/Users/cedricroetheli/Desktop/BA Cédric/Input/Code/boxoffice-analysis-pipeline/data/raw/subtitles/2007_300_tt0416449_6537074.srt,King of Sparta,state_military,the advancing Persians,state_military,Sparta and Greece,2,2,1,4,high,True,2,True,True,1,2,29,0.0344827586206896,0.0689655172413793,success,,
2007,11,The Bourne Ultimatum,610,2503.0,tt0440963,The Bourne Ultimatum,2007-08-03,HIGH,442824138,227471070.0,215353068.0,51.4,48.6,7.0,13.0,1.0562703940674762,-4.0,2.0,False,False,False,False,"Bourne is brought out of hiding once again by reporter Simon Ross who is trying to unveil Operation Blackbriar, an upgrade to Project Treadstone, in a series of newspaper columns. Information from the reporter stirs a new set of memories, and Bourne must finally uncover his dark past while dodging The Company's best efforts to eradicate him.",https://www.boxofficemojo.com/year/world/2007/,True,en,/Users/cedricroetheli/Desktop/BA Cédric/Input/Code/boxoffice-analysis-pipeline/data/raw/subtitles/2007_The_Bourne_Ultimatum_tt0440963_3981698.srt,Jason Bourne,individual_civilian,The Company and Operation Blackbriar,corporate_institutional,Jason Bourne,0,0,2,0,medium,True,2,True,True,1,2,29,0.0344827586206896,0.0689655172413793,success,,
2007,12,Live Free or Die Hard,611,1571.0,tt0337978,Live Free or Die Hard,2007-06-20,HIGH,388156011,134529403.0,253626608.0,34.7,65.3,17.0,10.0,0.530423065863815,5.0,-2.0,False,False,False,False,"John McClane is back and badder than ever, and this time he calls on the services of a young hacker in his bid to stop a ring of Internet terrorists intent on taking control of America's computer infrastructure.",https://www.boxofficemojo.com/year/world/2007/,True,en,/Users/cedricroetheli/Desktop/BA Cédric/Input/Code/boxoffice-analysis-pipeline/data/raw/subtitles/2007_Live_Free_or_Die_Hard_tt0337978_6617602.srt,John McClane,individual_civilian,a ring of Internet terrorists,collective_civilian,America's computer infrastructure,2,2,1,4,high,True,3,True,True,2,3,27,0.074074074074074,0.1111111111111111,success,,
2007,13,The Golden Compass,612,2268.0,tt0385752,The Golden Compass,2007-12-04,HIGH,372234864,70107728.0,302127136.0,18.8,81.2,40.0,9.0,0.2320471074799451,27.0,-4.0,False,False,False,False,"In a parallel universe, after overhearing a shocking secret, precocious orphan Lyra Belacqua trades her carefree existence roaming the halls of Jordan College for an otherworldly adventure in the far North, unaware that it's part of her destiny.",https://www.boxofficemojo.com/year/world/2007/,True,en,/Users/cedricroetheli/Desktop/BA Cédric/Input/Code/boxoffice-analysis-pipeline/data/raw/subtitles/2007_The_Golden_Compass_tt0385752_3788782.srt,Lyra Belacqua,individual_civilian,the secretive forces behind the shocking secret,none,Lyra Belacqua,0,0,2,0,low,False,0,False,False,0,0,9,0.0,0.0,success_with_warnings,villain_actor unresolved (none),
2007,14,Alvin and the Chipmunks,613,6477.0,tt0952640,Alvin and the Chipmunks,2007-12-13,HIGH,365352546,217326974.0,148025572.0,59.5,40.5,9.0,19.0,1.4681718237170531,-5.0,5.0,False,False,False,False,"A struggling songwriter named Dave Seville finds success when he comes across a trio of singing chipmunks: mischievous leader Alvin, brainy Simon, and chubby, impressionable Theodore.",https://www.boxofficemojo.com/year/world/2007/,True,en,/Users/cedricroetheli/Desktop/BA Cédric/Input/Code/boxoffice-analysis-pipeline/data/raw/subtitles/2007_Alvin_and_the_Chipmunks_tt0952640_6520626.srt,Dave Seville,individual_civilian,,none,Dave Seville and the Chipmunks,1,0,0,1,low,False,0,False,False,0,0,15,0.0,0.0,success_with_warnings,villain_actor unresolved (none),
2007,15,Enchanted,614,4523.0,tt0461770,Enchanted,2007-11-20,HIGH,340487652,127807262.0,212680390.0,37.5,62.5,20.0,14.0,0.6009358079510763,5.0,-1.0,False,False,False,False,"The beautiful princess Giselle is banished by an evil queen from her magical, musical animated land and finds herself in the gritty reality of the streets of modern-day Manhattan. Shocked by this strange new environment that doesn't operate on a ""happily ever after"" basis, Giselle is now adrift in a chaotic world badly in need of enchantment. But when Giselle begins to fall in love with a charmingly flawed divorce lawyer who has come to her aid - even though she is already promised to a perfect fairy tale prince back home - she has to wonder: Can a storybook view of romance survive in the real world?",https://www.boxofficemojo.com/year/world/2007/,True,en,/Users/cedricroetheli/Desktop/BA Cédric/Input/Code/boxoffice-analysis-pipeline/data/raw/subtitles/2007_Enchanted_tt0461770_3780498.srt,Giselle,individual_civilian,the evil queen,individual_civilian,Giselle,0,0,0,0,medium,False,0,False,False,0,0,19,0.0,0.0,success,,
2007,16,Ocean's Thirteen,615,298.0,tt0496806,Ocean's Thirteen,2007-06-05,HIGH,311312624,117154724.0,194157900.0,37.6,62.4,26.0,16.0,0.6033992127026507,10.0,0.0,False,False,False,False,"Danny Ocean's team of criminals are back and composing a plan more personal than ever. When ruthless casino owner Willy Bank doublecrosses Reuben Tishkoff, causing a heart attack, Danny Ocean vows that he and his team will do anything to bring down Willy Bank along with everything he's got. Even if it means asking for help from an enemy.",https://www.boxofficemojo.com/year/world/2007/,True,en,/Users/cedricroetheli/Desktop/BA Cédric/Input/Code/boxoffice-analysis-pipeline/data/raw/subtitles/2007_Ocean_s_Thirteen_tt0496806_3927710.srt,Danny Ocean and his team,collective_civilian,Willy Bank,individual_civilian,Reuben Tishkoff,0,0,0,0,high,False,0,False,False,0,0,22,0.0,0.0,success,,
2007,17,Fantastic Four: Rise of the Silver Surfer,616,1979.0,tt0486576,Fantastic Four: Rise of the Silver Surfer,2007-06-13,HIGH,301913131,131921738.0,169991393.0,43.7,56.3,18.0,17.0,0.7760495144598292,1.0,0.0,False,False,False,False,"The Fantastic Four return to the big screen as a new and all powerful enemy threatens the Earth. The seemingly unstoppable 'Silver Surfer', but all is not what it seems and there are old and new enemies that pose a greater threat than the intrepid superheroes realize.",https://www.boxofficemojo.com/year/world/2007/,True,en,/Users/cedricroetheli/Desktop/BA Cédric/Input/Code/boxoffice-analysis-pipeline/data/raw/subtitles/2007_Fantastic_Four_Rise_of_the_Silver_Surfer_tt0486576_8644983.srt,The Fantastic Four,collective_civilian,the Silver Surfer and the greater threat behind him,non_human,Earth,3,3,3,6,medium,True,1,False,True,0,1,28,0.0,0.0357142857142857,success,,
2007,18,Bee Movie,617,5559.0,tt0389790,Bee Movie,2007-10-28,HIGH,293514336,126631277.0,166883059.0,43.1,56.9,21.0,18.0,0.758802467780747,3.0,0.0,False,False,False,False,"Barry B. Benson, a recent college graduate who wants more out of his life than making honey, decides to sue the human race after learning about the exploitation of bees at the hands of mankind. What will happen next?",https://www.boxofficemojo.com/year/world/2007/,True,en,/Users/cedricroetheli/Desktop/BA Cédric/Input/Code/boxoffice-analysis-pipeline/data/raw/subtitles/2007_Bee_Movie_tt0389790_3155235.srt,Barry B. Benson,non_human,the human race,collective_civilian,bees,1,1,2,2,high,True,1,True,True,1,1,14,0.0714285714285714,0.0714285714285714,success,,
2007,19,American Gangster,618,4982.0,tt0765429,American Gangster,2007-11-02,HIGH,269755430,130164645.0,139590785.0,48.3,51.7,19.0,20.0,0.9324730497074,0.0,1.0,False,False,False,False,"Loosely based on the criminal career of Frank Lucas, a gangster from La Grange, North Carolina, who smuggled heroin into the United States on American service planes returning from the Vietnam War, before being detained by a task force led by Newark Detective Richie Roberts.",https://www.boxofficemojo.com/year/world/2007/,True,en,/Users/cedricroetheli/Desktop/BA Cédric/Input/Code/boxoffice-analysis-pipeline/data/raw/subtitles/2007_American_Gangster_tt0765429_4660787.srt,Richie Roberts,individual_civilian,Frank Lucas,individual_civilian,the United States public affected by Frank Lucas's heroin trafficking,2,2,1,4,medium,True,4,True,True,2,4,30,0.0666666666666666,0.1333333333333333,success,,
2007,20,Rush Hour 3,619,5174.0,tt0293564,Rush Hour 3,2007-08-08,HIGH,258097122,140125968.0,117971154.0,54.3,45.7,16.0,21.0,1.187798569809701,-4.0,1.0,False,False,False,False,"After a botched assassination attempt, the mismatched duo finds themselves in Paris, struggling to retrieve a precious list of names, as the murderous crime syndicate's henchmen try their best to stop them. Once more, Lee and Carter must fight their way through dangerous gangsters; however, this time, the past has come back to haunt Lee. Will the boys get the job done once and for all?",https://www.boxofficemojo.com/year/world/2007/,True,en,/Users/cedricroetheli/Desktop/BA Cédric/Input/Code/boxoffice-analysis-pipeline/data/raw/subtitles/2007_Rush_Hour_3_tt0293564_3974266.srt,Lee and Carter,collective_civilian,the murderous crime syndicate,collective_civilian,holders of the precious list of names and those targeted by the crime syndicate,1,1,2,2,medium,True,2,True,True,1,2,8,0.125,0.25,success,,
2008,1,The Dark Knight,620,155.0,tt0468569,The Dark Knight,2008-07-16,HIGH,1003845358,533345358.0,470500000.0,53.1,46.9,1.0,1.0,1.1335714303931987,0.0,0.0,False,False,False,False,"Batman raises the stakes in his war on crime. With the help of Lt. Jim Gordon and District Attorney Harvey Dent, Batman sets out to dismantle the remaining criminal organizations that plague the streets. The partnership proves to be effective, but they soon find themselves prey to a reign of chaos unleashed by a rising criminal mastermind known to the terrified citizens of Gotham as the Joker.",https://www.boxofficemojo.com/year/world/2008/,True,en,/Users/cedricroetheli/Desktop/BA Cédric/Input/Code/boxoffice-analysis-pipeline/data/raw/subtitles/2008_The_Dark_Knight_tt0468569_5297951.srt,Batman,individual_civilian,the Joker,individual_civilian,the citizens of Gotham,2,1,0,3,high,False,0,False,False,0,0,18,0.0,0.0,success,,
2008,2,Indiana Jones and the Kingdom of the Crystal Skull,621,217.0,tt0367882,Indiana Jones and the Kingdom of the Crystal Skull,2008-05-21,HIGH,786636033,317101119.0,469534914.0,40.3,59.7,3.0,2.0,0.6753515224216106,1.0,0.0,False,False,False,False,"Set during the Cold War, the Soviets—led by sword-wielding Irina Spalko—are in search of a crystal skull which has supernatural powers related to a mystical Lost City of Gold. Indy is coerced to head to Peru at the behest of a young man whose friend—and Indy's colleague—Professor Oxley has been captured for his knowledge of the skull's whereabouts.",https://www.boxofficemojo.com/year/world/2008/,True,en,/Users/cedricroetheli/Desktop/BA Cédric/Input/Code/boxoffice-analysis-pipeline/data/raw/subtitles/2008_Indiana_Jones_and_the_Kingdom_of_the_Crystal_Skull_tt0367882_4544222.srt,Indiana Jones,individual_civilian,Irina Spalko and the Soviets,state_military,Professor Oxley,0,0,2,0,medium,False,0,False,False,0,0,22,0.0,0.0,success,,
2008,3,Kung Fu Panda,622,9502.0,tt0441773,Kung Fu Panda,2008-06-04,HIGH,632037515,215727546.0,416309969.0,34.1,65.9,6.0,6.0,0.5181897193530813,3.0,3.0,False,False,False,False,"Chosen by prophecy but doubted by all, Po is an unlikely Dragon Warrior—a clumsy panda thrust into the world of kung fu as a deadly enemy threatens the Valley of Peace. Under reluctant guidance by Master Shifu and the Furious Five, Po must embrace who he is to unlock the power that no scroll can teach.",https://www.boxofficemojo.com/year/world/2008/,True,en,/Users/cedricroetheli/Desktop/BA Cédric/Input/Code/boxoffice-analysis-pipeline/data/raw/subtitles/2008_Kung_Fu_Panda_tt0441773_4875616.srt,Po,non_human,the deadly enemy threatening the Valley of Peace,non_human,the Valley of Peace,1,1,0,2,medium,False,0,False,False,0,0,25,0.0,0.0,success,,
2008,4,Hancock,623,8960.0,tt0448157,Hancock,2008-07-01,HIGH,629443428,227946274.0,401497154.0,36.2,63.8,4.0,7.0,0.5677406968618264,0.0,3.0,False,False,False,False,"Hancock is a down-and-out superhero who's forced to employ a PR expert to help repair his image when the public grows weary of all the damage he's inflicted during his lifesaving heroics. The agent's idea of imprisoning the antihero to make the world miss him proves successful, but will Hancock stick to his new sense of purpose or slip back into old habits?",https://www.boxofficemojo.com/year/world/2008/,True,en,/Users/cedricroetheli/Desktop/BA Cédric/Input/Code/boxoffice-analysis-pipeline/data/raw/subtitles/2008_Hancock_tt0448157_3876876.srt,Hancock,individual_civilian,Hancock's self-destructive behavior and damaged public image,individual_civilian,the public,2,1,0,3,medium,False,0,False,False,0,0,14,0.0,0.0,success,,
2008,5,Mamma Mia!,624,11631.0,tt0795421,Mamma Mia!,2008-07-03,HIGH,610002542,144290968.0,465711574.0,23.7,76.3,14.0,3.0,0.309829035943178,9.0,-2.0,False,False,False,False,A spirited young bride-to-be living with her single mother on a small Greek island secretly invites three of her mother's ex-boyfriends in hope of finding her biological father to walk her down the aisle.,https://www.boxofficemojo.com/year/world/2008/,True,en,/Users/cedricroetheli/Desktop/BA Cédric/Input/Code/boxoffice-analysis-pipeline/data/raw/subtitles/2008_Mamma_Mia_tt0795421_3864856.srt,Sophie,individual_civilian,uncertainty over Sophie's biological father,none,Sophie,0,0,0,0,medium,False,0,False,False,0,0,22,0.0,0.0,success_with_warnings,villain_actor unresolved (none),
2008,6,Madagascar: Escape 2 Africa,625,10527.0,tt0479952,Madagascar: Escape 2 Africa,2008-10-30,HIGH,603900354,180010950.0,423889404.0,29.8,70.2,8.0,4.0,0.4246648967899183,2.0,-2.0,False,False,False,False,"Alex, Marty, and other zoo animals find a way to escape from Madagascar when the penguins reassemble a wrecked airplane. The precariously repaired craft stays airborne just long enough to make it to the African continent. There the New Yorkers encounter members of their own species for the first time. Africa proves to be a wild place, but Alex and company wonder if it is better than their Central Park home.",https://www.boxofficemojo.com/year/world/2008/,True,en,/Users/cedricroetheli/Desktop/BA Cédric/Input/Code/boxoffice-analysis-pipeline/data/raw/subtitles/2008_Madagascar_Escape_2_Africa_tt0479952_8233816.srt,"Alex, Marty, and the other zoo animals",collective_civilian,the wild conditions of Africa and displacement from home,non_human,"Alex, Marty, and the other zoo animals",1,0,2,1,medium,False,0,False,False,0,0,25,0.0,0.0,success,,
2008,7,Quantum of Solace,626,10764.0,tt0830515,Quantum of Solace,2008-10-29,HIGH,589580694,168368427.0,421212055.0,28.6,71.4,9.0,5.0,0.3997236665033246,2.0,-2.0,False,False,False,False,"Betrayed by Vesper, the woman he loved, 007 fights the urge to make his latest mission personal. Pursuing his determination to uncover the truth, Bond and M interrogate Mr. White, who reveals that the organization that blackmailed Vesper is far more complex and dangerous than anyone had imagined.",https://www.boxofficemojo.com/year/world/2008/,True,en,/Users/cedricroetheli/Desktop/BA Cédric/Input/Code/boxoffice-analysis-pipeline/data/raw/subtitles/2008_Quantum_of_Solace_tt0830515_4124047.srt,James Bond (007),state_military,the organization that blackmailed Vesper,collective_civilian,Vesper and those targeted by the organization,1,0,2,1,medium,True,1,False,True,0,1,10,0.0,0.1,success,,
2008,8,Iron Man,627,1726.0,tt0371746,Iron Man,2008-04-30,HIGH,585366247,318604126.0,266762121.0,54.4,45.6,2.0,11.0,1.19433795475033,-6.0,3.0,False,False,False,False,"After being held captive in an Afghan cave, billionaire engineer Tony Stark creates a unique weaponized suit of armor to fight evil.",https://www.boxofficemojo.com/year/world/2008/,True,en,/Users/cedricroetheli/Desktop/BA Cédric/Input/Code/boxoffice-analysis-pipeline/data/raw/subtitles/2008_Iron_Man_tt0371746_5349130.srt,Tony Stark,individual_civilian,evil,none,Tony Stark,0,0,2,0,medium,True,1,True,True,1,1,9,0.1111111111111111,0.1111111111111111,success_with_warnings,villain_actor unresolved (none),
2008,9,WALL·E,628,10681.0,tt0910970,WALL·E,2008-06-22,HIGH,521311860,223808164.0,297503696.0,42.9,57.1,5.0,9.0,0.7522870035201176,-4.0,0.0,False,False,False,False,"After hundreds of years doing what he was built for, WALL•E— a robot designed to clean up the earth—discovers a new purpose in life when he meets a sleek search robot named EVE. EVE comes to realize that WALL•E has inadvertently stumbled upon the key to the planet's future, and races back to space to report to the humans. Meanwhile, WALL•E chases EVE across the galaxy and sets into motion one of the most imaginative adventures ever brought to the big screen.",https://www.boxofficemojo.com/year/world/2008/,True,en,/Users/cedricroetheli/Desktop/BA Cédric/Input/Code/boxoffice-analysis-pipeline/data/raw/subtitles/2008_WALL_E_tt0910970_8449536.srt,WALL,non_human,the ruined state of Earth and the system preventing humanity's return,corporate_institutional,humanity and Earth's future,3,3,3,6,medium,False,0,False,False,0,0,10,0.0,0.0,success,,
2008,10,The Chronicles of Narnia: Prince Caspian,629,2454.0,tt0499448,The Chronicles of Narnia: Prince Caspian,2008-05-15,HIGH,419665568,141621490.0,278044078.0,33.7,66.3,16.0,10.0,0.5093490608348795,6.0,0.0,False,False,False,False,"One year after their incredible adventures in the Lion, the Witch and the Wardrobe, Peter, Edmund, Lucy and Susan Pevensie return to Narnia to aid a young prince whose life has been threatened by the evil King Miraz. Now, with the help of a colorful cast of new characters, including Trufflehunter the badger and Nikabrik the dwarf, the Pevensie clan embarks on an incredible quest to ensure that Narnia is returned to its rightful heir.",https://www.boxofficemojo.com/year/world/2008/,True,en,/Users/cedricroetheli/Desktop/BA Cédric/Input/Code/boxoffice-analysis-pipeline/data/raw/subtitles/2008_The_Chronicles_of_Narnia_Prince_Caspian_tt0499448_4092343.srt,"Peter, Edmund, Lucy and Susan Pevensie",collective_civilian,King Miraz,individual_civilian,Prince Caspian and Narnia,2,2,1,4,high,True,1,False,True,0,1,19,0.0,0.0526315789473684,success,,
2008,11,Sex and the City,630,4564.0,tt1000774,Sex and the City,2008-05-12,HIGH,418765321,152647258.0,266118063.0,36.5,63.5,11.0,12.0,0.5736072789617441,0.0,1.0,False,False,False,False,A New York writer on sex and love is finally getting married to her Mr. Big. But her three best girlfriends must console her after one of them inadvertently leads Mr. Big to jilt her.,https://www.boxofficemojo.com/year/world/2008/,True,en,/Users/cedricroetheli/Desktop/BA Cédric/Input/Code/boxoffice-analysis-pipeline/data/raw/subtitles/2008_Sex_and_the_City_tt1000774_4549791.srt,Carrie Bradshaw,individual_civilian,Mr. Big's jilting of Carrie,individual_civilian,Carrie Bradshaw,0,0,0,0,medium,False,0,False,False,0,0,21,0.0,0.0,success,,
2008,12,The Mummy: Tomb of the Dragon Emperor,631,1735.0,tt0859163,The Mummy: Tomb of the Dragon Emperor,2008-07-01,HIGH,403449830,102491776.0,300958054.0,25.4,74.6,26.0,8.0,0.3405516969484392,14.0,-4.0,False,False,False,False,"Archaeologist Rick O'Connell travels to China, pitting him against an emperor from the 2,000-year-old Han dynasty who's returned from the dead to pursue a quest for world domination. This time, O'Connell enlists the help of his wife and son to quash the so-called 'Dragon Emperor' and his abuse of supernatural power.",https://www.boxofficemojo.com/year/world/2008/,True,en,/Users/cedricroetheli/Desktop/BA Cédric/Input/Code/boxoffice-analysis-pipeline/data/raw/subtitles/2008_The_Mummy_Tomb_of_the_Dragon_Emperor_tt0859163_4116612.srt,Rick O'Connell,individual_civilian,the Dragon Emperor,individual_civilian,the world,3,3,3,6,high,False,0,False,False,0,0,11,0.0,0.0,success,,
2008,13,Twilight,632,8966.0,tt1099212,Twilight,2008-11-20,HIGH,392616625,192769854.0,199846771.0,49.1,50.9,7.0,17.0,0.9645882844912216,-6.0,4.0,False,False,False,False,"When Bella Swan moves to a small town in the Pacific Northwest, she falls in love with Edward Cullen, a mysterious classmate who reveals himself to be a 108-year-old vampire. Despite Edward's repeated cautions, Bella can't stay away from him, a fatal move that endangers her own life.",https://www.boxofficemojo.com/year/world/2008/,True,en,/Users/cedricroetheli/Desktop/BA Cédric/Input/Code/boxoffice-analysis-pipeline/data/raw/subtitles/2008_Twilight_tt1099212_10580460.srt,Bella Swan,individual_civilian,Edward Cullen's vampiric nature,non_human,Bella Swan,0,0,0,0,medium,False,0,False,False,0,0,19,0.0,0.0,success,,
2008,14,Slumdog Millionaire,633,12405.0,tt1010048,Slumdog Millionaire,2008-11-12,HIGH,378410113,141319928.0,237090185.0,37.3,62.7,17.0,14.0,0.5960597989326298,3.0,0.0,False,False,False,False,"A teenager reflects on his life after being accused of cheating on the Indian version of ""Who Wants to be a Millionaire?"".",https://www.boxofficemojo.com/year/world/2008/,True,en,/Users/cedricroetheli/Desktop/BA Cédric/Input/Code/boxoffice-analysis-pipeline/data/raw/subtitles/2008_Slumdog_Millionaire_tt1010048_5265462.srt,the teenager,individual_civilian,the accusation of cheating / interrogators,none,the teenager,0,0,0,0,low,False,0,False,False,0,0,11,0.0,0.0,success_with_warnings,villain_actor unresolved (none),
2008,15,Wanted,634,8909.0,tt0493464,Wanted,2008-06-19,HIGH,342463063,134508551.0,207954512.0,39.3,60.7,19.0,16.0,0.6468171799032666,4.0,1.0,False,False,False,False,"Doormat Wesley Gibson is an office worker whose life is going nowhere. He meets an attractive woman named Fox and discovers that his recently murdered father - whom Wesley never knew - belonged to the Fraternity, a secret society of assassins which takes its orders from Fate itself. Fox and Sloan, the Fraternity's leader, teach Wesley, through intense training, to tap into dormant powers and hone his innate killing skills. Though he enjoys his newfound abilities, he begins to suspect that there is more to the Fraternity than meets the eye.",https://www.boxofficemojo.com/year/world/2008/,True,en,/Users/cedricroetheli/Desktop/BA Cédric/Input/Code/boxoffice-analysis-pipeline/data/raw/subtitles/2008_Wanted_tt0493464_7197579.srt,Wesley Gibson,individual_civilian,Sloan and the Fraternity,collective_civilian,Wesley Gibson,0,0,0,0,medium,False,0,False,False,0,0,22,0.0,0.0,success,,
2008,16,The Curious Case of Benjamin Button,635,4922.0,tt0421715,The Curious Case of Benjamin Button,2008-12-25,HIGH,335802786,127509326.0,208293460.0,38.0,62.0,21.0,15.0,0.6121619276956656,5.0,-1.0,False,False,False,False,"Born under unusual circumstances, Benjamin Button springs into being as an elderly man in a New Orleans nursing home and ages in reverse. Twelve years after his birth, he meets Daisy, a child who flits in and out of his life as she grows up to be a dancer. Though he has all sorts of unusual adventures over the course of his life, it is his relationship with Daisy, and the hope that they will come together at the right time, that drives Benjamin forward.",https://www.boxofficemojo.com/year/world/2008/,True,en,/Users/cedricroetheli/Desktop/BA Cédric/Input/Code/boxoffice-analysis-pipeline/data/raw/subtitles/2008_The_Curious_Case_of_Benjamin_Button_tt0421715_4311019.srt,Benjamin Button,individual_civilian,time and Benjamin's reverse aging condition,non_human,Benjamin and Daisy's relationship,0,0,0,0,medium,True,1,True,True,1,1,19,0.0526315789473684,0.0526315789473684,success,,
2008,17,Bolt,636,13053.0,tt0397892,Bolt,2008-11-21,HIGH,309979994,114053579.0,195926415.0,36.8,63.2,23.0,18.0,0.5821245644697781,6.0,1.0,False,False,False,False,"Bolt is the star of the biggest show in Hollywood. The only problem is, he thinks it's real. After he's accidentally shipped to New York City and separated from Penny, his beloved co-star and owner, Bolt must harness all his ""super powers"" to find a way home.",https://www.boxofficemojo.com/year/world/2008/,True,en,/Users/cedricroetheli/Desktop/BA Cédric/Input/Code/boxoffice-analysis-pipeline/data/raw/subtitles/2008_Bolt_tt0397892_4273143.srt,Bolt,non_human,separation from Penny,none,Penny,0,0,1,0,medium,False,0,False,False,0,0,11,0.0,0.0,success_with_warnings,villain_actor unresolved (none),
2008,18,Horton Hears a Who!,637,12222.0,tt0451079,Horton Hears a Who!,2008-03-03,HIGH,298572799,154529439.0,144043360.0,51.8,48.2,10.0,25.0,1.072798072746984,-8.0,7.0,False,False,False,False,"An imaginative elephant named Horton hears a faint cry for help coming from a tiny speck of dust floating through the air. Horton suspects there may be life on that speck and despite a surrounding community, who thinks he has lost his mind, he is determined to save the tiny particle.",https://www.boxofficemojo.com/year/world/2008/,True,en,/Users/cedricroetheli/Desktop/BA Cédric/Input/Code/boxoffice-analysis-pipeline/data/raw/subtitles/2008_Horton_Hears_a_Who_tt0451079_4069717.srt,Horton,non_human,the surrounding community that opposes Horton,collective_civilian,the life on the speck of dust,1,3,0,4,medium,False,0,False,False,0,0,5,0.0,0.0,success,,
2008,19,Gran Torino,638,13223.0,tt1205489,Gran Torino,2008-12-12,HIGH,269958228,148095302.0,121862926.0,54.9,45.1,12.0,32.0,1.2152613338694986,-7.0,13.0,False,False,False,False,"Disgruntled Korean War veteran Walt Kowalski sets out to reform his neighbor, Thao Lor, a Hmong teenager who tried to steal Kowalski's prized possession: a 1972 Gran Torino.",https://www.boxofficemojo.com/year/world/2008/,True,en,/Users/cedricroetheli/Desktop/BA Cédric/Input/Code/boxoffice-analysis-pipeline/data/raw/subtitles/2008_Gran_Torino_tt1205489_4287554.srt,Walt Kowalski,individual_civilian,Thao Lor,individual_civilian,Walt Kowalski's 1972 Gran Torino,0,0,0,0,medium,True,1,True,True,1,1,10,0.1,0.1,success,,
2008,20,"10,000 BC",639,7840.0,tt0443649,"10,000 BC",2008-03-04,HIGH,269784201,94784201.0,175000000.0,35.1,64.9,32.0,20.0,0.5416240057142857,12.0,0.0,False,False,False,False,A prehistoric epic that follows a young mammoth hunter's journey through uncharted territory to secure the future of his tribe.,https://www.boxofficemojo.com/year/world/2008/,True,en,/Users/cedricroetheli/Desktop/BA Cédric/Input/Code/boxoffice-analysis-pipeline/data/raw/subtitles/2008_10_000_BC_tt0443649_4877913.srt,a young mammoth hunter,individual_civilian,uncharted territory and the threats opposing the tribe's survival,non_human,his tribe,1,0,0,1,medium,False,0,False,False,0,0,14,0.0,0.0,success,,
2009,1,Avatar,640,19995.0,tt0499549,Avatar,2009-12-16,HIGH,2743577587,749766139.0,1993811448.0,27.3,72.7,1.0,1.0,0.3760466616600548,0.0,0.0,False,False,False,False,"In the 22nd century, a paraplegic Marine is dispatched to the moon Pandora on a unique mission, but becomes torn between following orders and protecting an alien civilization.",https://www.boxofficemojo.com/year/world/2009/,True,en,/Users/cedricroetheli/Desktop/BA Cédric/Input/Code/boxoffice-analysis-pipeline/data/raw/subtitles/2009_Avatar_tt0499549_7934077.srt,the paraplegic Marine,individual_civilian,the mission orders threatening the alien civilization,state_military,the alien civilization on Pandora,2,1,0,3,medium,True,3,True,True,1,3,28,0.0357142857142857,0.1071428571428571,success,,
2009,2,Harry Potter and the Half-Blood Prince,641,767.0,tt0417741,Harry Potter and the Half-Blood Prince,2009-07-15,HIGH,933959197,301959197.0,632000000.0,32.3,67.7,3.0,3.0,0.477783539556962,1.0,1.0,False,False,False,False,"As Lord Voldemort tightens his grip on both the Muggle and wizarding worlds, Hogwarts is no longer a safe haven. Harry suspects perils may even lie within the castle, but Dumbledore is more intent upon preparing him for the final battle fast approaching. Together they work to find the key to unlock Voldemorts defenses and to this end, Dumbledore recruits his old friend and colleague Horace Slughorn, whom he believes holds crucial information. Even as the decisive showdown looms, romance blossoms for Harry, Ron, Hermione and their classmates. Love is in the air, but danger lies ahead and Hogwarts may never be the same again.",https://www.boxofficemojo.com/year/world/2009/,True,en,/Users/cedricroetheli/Desktop/BA Cédric/Input/Code/boxoffice-analysis-pipeline/data/raw/subtitles/2009_Harry_Potter_and_the_Half_Blood_Prince_tt0417741_7703898.srt,Harry Potter,individual_civilian,Lord Voldemort,individual_civilian,the wizarding world and Hogwarts,2,2,1,4,high,False,0,False,False,0,0,19,0.0,0.0,success,,
2009,3,Ice Age: Dawn of the Dinosaurs,642,8355.0,tt1080016,Ice Age: Dawn of the Dinosaurs,2009-06-26,HIGH,886686817,196573705.0,690113112.0,22.2,77.8,12.0,2.0,0.284842733143143,9.0,-1.0,False,False,False,False,"Times are changing for Manny the moody mammoth, Sid the motor mouthed sloth and Diego the crafty saber-toothed tiger. Life heats up for our heroes when they meet some new and none-too-friendly neighbors – the mighty dinosaurs.",https://www.boxofficemojo.com/year/world/2009/,True,en,/Users/cedricroetheli/Desktop/BA Cédric/Input/Code/boxoffice-analysis-pipeline/data/raw/subtitles/2009_Ice_Age_Dawn_of_the_Dinosaurs_tt1080016_4211430.srt,"Manny, Sid, and Diego",non_human,the dinosaurs,non_human,"Manny, Sid, Diego, and their group",1,0,0,1,medium,False,0,False,False,0,0,11,0.0,0.0,success,,
2009,4,Transformers: Revenge of the Fallen,643,8373.0,tt1055369,Transformers: Revenge of the Fallen,2009-06-19,HIGH,836303693,402111870.0,434191823.0,48.1,51.9,2.0,6.0,0.9261157136070708,-2.0,2.0,False,False,False,False,"Sam Witwicky leaves the Autobots behind for a normal life. But when his mind is filled with cryptic symbols, the Decepticons target him and he is dragged back into the Transformers' war.",https://www.boxofficemojo.com/year/world/2009/,True,en,/Users/cedricroetheli/Desktop/BA Cédric/Input/Code/boxoffice-analysis-pipeline/data/raw/subtitles/2009_Transformers_Revenge_of_the_Fallen_tt1055369_4164524.srt,Sam Witwicky,individual_civilian,the Decepticons,non_human,Sam Witwicky,0,0,2,0,medium,False,0,False,False,0,0,12,0.0,0.0,success,,
2009,5,2012,644,14161.0,tt1190080,2012,2009-10-10,HIGH,769679473,166112167.0,603567306.0,21.6,78.4,15.0,4.0,0.2752173044309991,10.0,-1.0,False,False,False,False,"Dr. Adrian Helmsley, part of a worldwide geophysical team investigating the effect on the earth of radiation from unprecedented solar storms, learns that the earth's core is heating up. He warns U.S. President Thomas Wilson that the crust of the earth is becoming unstable and that without proper preparations for saving a fraction of the world's population, the entire race is doomed. Meanwhile, writer Jackson Curtis stumbles on the same information. While the world's leaders race to build ""arks"" to escape the impending cataclysm, Curtis struggles to find a way to save his family. Meanwhile, volcanic eruptions and earthquakes of unprecedented strength wreak havoc around the world.",https://www.boxofficemojo.com/year/world/2009/,True,en,/Users/cedricroetheli/Desktop/BA Cédric/Input/Code/boxoffice-analysis-pipeline/data/raw/subtitles/2009_2012_tt1190080_6533523.srt,Jackson Curtis,individual_civilian,global geophysical cataclysm caused by solar-storm-driven core heating,non_human,the world's population,3,0,3,3,medium,False,0,False,False,0,0,19,0.0,0.0,success,,
2009,6,Up,645,14160.0,tt1049413,Up,2009-05-28,HIGH,735099082,293004164.0,442094918.0,39.9,60.1,5.0,5.0,0.662763022306445,-1.0,-1.0,False,False,False,False,"Carl Fredricksen spent his entire life dreaming of exploring the globe and experiencing life to its fullest. But at age 78, life seems to have passed him by, until a twist of fate (and a persistent 8-year old Wilderness Explorer named Russell) gives him a new lease on life.",https://www.boxofficemojo.com/year/world/2009/,True,en,/Users/cedricroetheli/Desktop/BA Cédric/Input/Code/boxoffice-analysis-pipeline/data/raw/subtitles/2009_Up_tt1049413_25161.srt,Carl Fredricksen,individual_civilian,,none,Carl Fredricksen,0,0,2,0,low,False,0,False,False,0,0,10,0.0,0.0,success_with_warnings,villain_actor unresolved (none),
2009,7,The Twilight Saga: New Moon,646,18239.0,tt1259571,The Twilight Saga: New Moon,2009-11-18,HIGH,709827462,296623634.0,413203828.0,41.8,58.2,4.0,7.0,0.7178627444855133,-3.0,0.0,False,False,False,False,"Forks, Washington resident Bella Swan is reeling from the departure of her vampire love, Edward Cullen, and finds comfort in her friendship with Jacob Black, a werewolf. But before she knows it, she's thrust into a centuries-old conflict, and her desire to be with Edward at any cost leads her to take greater and greater risks.",https://www.boxofficemojo.com/year/world/2009/,True,en,/Users/cedricroetheli/Desktop/BA Cédric/Input/Code/boxoffice-analysis-pipeline/data/raw/subtitles/2009_The_Twilight_Saga_New_Moon_tt1259571_6515982.srt,Bella Swan,individual_civilian,the centuries-old vampire-werewolf conflict,collective_civilian,Bella Swan,0,0,0,0,medium,False,0,False,False,0,0,10,0.0,0.0,success,,
2009,8,Sherlock Holmes,647,10528.0,tt0988045,Sherlock Holmes,2009-12-23,HIGH,524028679,209028679.0,315000000.0,39.9,60.1,10.0,9.0,0.663583107936508,2.0,1.0,False,False,False,False,Eccentric consulting detective Sherlock Holmes and Doctor John Watson battle to bring down a new nemesis and unravel a deadly plot that could destroy England.,https://www.boxofficemojo.com/year/world/2009/,True,en,/Users/cedricroetheli/Desktop/BA Cédric/Input/Code/boxoffice-analysis-pipeline/data/raw/subtitles/2009_Sherlock_Holmes_tt0988045_47619.srt,Sherlock Holmes,individual_civilian,a new nemesis,individual_civilian,England,2,2,1,4,medium,True,1,False,True,0,1,26,0.0,0.0384615384615384,success,,
2009,9,Angels & Demons,648,13448.0,tt0808151,Angels & Demons,2009-04-20,HIGH,485930816,133375846.0,352554970.0,27.4,72.6,21.0,8.0,0.3783121990877054,12.0,-1.0,False,False,False,False,"Harvard symbologist Robert Langdon is recruited by the Vatican to investigate the apparent return of the Illuminati – a secret, underground organization – after four cardinals are kidnapped on the night of the papal conclave.",https://www.boxofficemojo.com/year/world/2009/,True,en,/Users/cedricroetheli/Desktop/BA Cédric/Input/Code/boxoffice-analysis-pipeline/data/raw/subtitles/2009_Angels_Demons_tt0808151_4329581.srt,Robert Langdon,individual_civilian,the Illuminati,collective_civilian,the kidnapped cardinals and the Vatican,1,1,0,2,medium,False,0,False,False,0,0,14,0.0,0.0,success,,
2009,10,The Hangover,649,18785.0,tt1119646,The Hangover,2009-06-02,HIGH,468812930,277322503.0,191490290.0,59.2,40.8,6.0,18.0,1.4482327171785054,-4.0,8.0,False,False,False,False,"When three friends finally come to after a raucous night of bachelor-party revelry, they find a baby in the closet and a tiger in the bathroom. But they can't seem to locate their best friend, Doug – who's supposed to be tying the knot. Launching a frantic search for Doug, the trio perseveres through a nasty hangover to try to make it to the church on time.",https://www.boxofficemojo.com/year/world/2009/,True,en,/Users/cedricroetheli/Desktop/BA Cédric/Input/Code/boxoffice-analysis-pipeline/data/raw/subtitles/2009_The_Hangover_tt1119646_8229821.srt,three friends,collective_civilian,Doug's disappearance after the bachelor-party night,none,Doug,0,0,0,0,medium,False,0,False,False,0,0,20,0.0,0.0,success_with_warnings,villain_actor unresolved (none),
2009,11,Alvin and the Chipmunks: The Squeakquel,650,23398.0,tt1231580,Alvin and the Chipmunks: The Squeakquel,2009-12-21,HIGH,443140005,219614612.0,223525393.0,49.6,50.4,9.0,13.0,0.9825040862359652,-2.0,2.0,False,False,False,False,"Pop sensations Alvin, Simon and Theodore end up in the care of Dave Seville's twenty-something nephew Toby. The boys must put aside music super stardom to return to school, and are tasked with saving the school's music program by winning the $25,000 prize in a battle of the bands. But the Chipmunks unexpectedly meet their match in three singing chipmunks known as The Chipettes - Brittany, Eleanor and Jeanette. Romantic and musical sparks are ignited when the Chipmunks and Chipettes square off.",https://www.boxofficemojo.com/year/world/2009/,True,en,/Users/cedricroetheli/Desktop/BA Cédric/Input/Code/boxoffice-analysis-pipeline/data/raw/subtitles/2009_Alvin_and_the_Chipmunks_The_Squeakquel_tt1231580_107042.srt,"Alvin, Simon and Theodore",collective_civilian,The Chipettes,collective_civilian,the school's music program,1,1,0,2,high,False,0,False,False,0,0,5,0.0,0.0,success,,
2009,12,Night at the Museum: Battle of the Smithsonian,651,18360.0,tt1078912,Night at the Museum: Battle of the Smithsonian,2009-05-20,HIGH,413106170,177243721.0,235862449.0,42.9,57.1,14.0,12.0,0.7514707057078001,2.0,0.0,False,False,False,False,"Hapless museum night watchman Larry Daley must help his living, breathing exhibit friends out of a pickle now that they've been transferred to the archives at the Smithsonian Institution. Larry's (mis)adventures this time include close encounters with Amelia Earhart, Abe Lincoln and Ivan the Terrible.",https://www.boxofficemojo.com/year/world/2009/,True,en,/Users/cedricroetheli/Desktop/BA Cédric/Input/Code/boxoffice-analysis-pipeline/data/raw/subtitles/2009_Night_at_the_Museum_Battle_of_the_Smithsonian_tt1078912_4314214.srt,Larry Daley,individual_civilian,the threat endangering Larry's living museum exhibit friends at the Smithsonian,none,Larry's living museum exhibit friends,1,0,0,1,medium,False,0,False,False,0,0,8,0.0,0.0,success_with_warnings,villain_actor unresolved (none),
2009,13,Star Trek,652,13475.0,tt0796366,Star Trek,2009-05-06,HIGH,385680446,257730019.0,127950427.0,66.8,33.2,7.0,25.0,2.01429588820364,-6.0,12.0,False,False,False,False,"The fate of the galaxy rests in the hands of bitter rivals. One, James Kirk, is a delinquent, thrill-seeking Iowa farm boy. The other, Spock, a Vulcan, was raised in a logic-based society that rejects all emotion. As fiery instinct clashes with calm reason, their unlikely but powerful partnership is the only thing capable of leading their crew through unimaginable danger, boldly going where no one has gone before. The human adventure has begun again.",https://www.boxofficemojo.com/year/world/2009/,True,en,/Users/cedricroetheli/Desktop/BA Cédric/Input/Code/boxoffice-analysis-pipeline/data/raw/subtitles/2009_Star_Trek_tt0796366_5274885.srt,James Kirk and Spock,collective_civilian,unimaginable danger,none,the galaxy,2,3,3,5,low,False,0,False,False,0,0,22,0.0,0.0,success_with_warnings,villain_actor unresolved (none),
2009,14,Monsters vs. Aliens,653,15512.0,tt0892782,Monsters vs Aliens,2009-03-19,HIGH,381509870,198351526.0,183158344.0,52.0,48.0,11.0,20.0,1.0829510775659776,-3.0,6.0,False,False,False,False,"When Susan Murphy is unwittingly clobbered by a meteor full of outer space gunk on her wedding day, she mysteriously grows to 49-feet-11-inches. The military jumps into action and captures Susan, secreting her away to a covert government compound. She is renamed Ginormica and placed in confinement with a ragtag group of Monsters...",https://www.boxofficemojo.com/year/world/2009/,True,en,/Users/cedricroetheli/Desktop/BA Cédric/Input/Code/boxoffice-analysis-pipeline/data/raw/subtitles/2009_Monsters_vs_Aliens_tt0892782_4065077.srt,Susan Murphy / Ginormica and the Monsters,collective_civilian,the alien threat,non_human,Earth,3,3,3,6,medium,False,0,False,False,0,0,6,0.0,0.0,success,,
2009,15,X-Men Origins: Wolverine,654,2080.0,tt0458525,X-Men Origins: Wolverine,2009-04-28,HIGH,373062864,179883157.0,193179707.0,48.2,51.8,13.0,17.0,0.9311700477938916,-2.0,2.0,False,False,False,False,"After seeking to live a normal life, Logan sets out to avenge the death of his girlfriend by undergoing the mutant Weapon X program and becoming Wolverine.",https://www.boxofficemojo.com/year/world/2009/,True,en,/Users/cedricroetheli/Desktop/BA Cédric/Input/Code/boxoffice-analysis-pipeline/data/raw/subtitles/2009_X_Men_Origins_Wolverine_tt0458525_4296450.srt,Logan / Wolverine,individual_civilian,the killer of Logan's girlfriend / the Weapon X-linked antagonists,corporate_institutional,Logan's girlfriend,0,0,0,0,medium,True,2,True,True,1,2,11,0.0909090909090909,0.1818181818181818,success,,
2009,16,Terminator Salvation,655,534.0,tt0438488,Terminator Salvation,2009-05-20,HIGH,371353001,125322469.0,246030532.0,33.7,66.3,22.0,10.0,0.5093777100803083,6.0,-6.0,False,False,False,False,"All grown up in post-apocalyptic 2018, John Connor must lead the resistance of humans against the increasingly dominating militaristic robots. But when Marcus Wright appears, his existence confuses the mission as Connor tries to determine whether Wright has come from the future or the past -- and whether he's friend or foe.",https://www.boxofficemojo.com/year/world/2009/,True,en,/Users/cedricroetheli/Desktop/BA Cédric/Input/Code/boxoffice-analysis-pipeline/data/raw/subtitles/2009_Terminator_Salvation_tt0438488_4162578.srt,John Connor,state_military,the militaristic robots,non_human,humans,3,2,3,5,high,True,1,False,True,0,1,13,0.0,0.0769230769230769,success,,
2009,17,Fast & Furious,656,13804.0,tt1013752,Fast & Furious,2009-04-02,HIGH,360364265,155064265.0,205300000.0,43.0,57.0,17.0,14.0,0.7553057233317096,0.0,-3.0,False,False,False,False,"When a crime brings them back to L.A., fugitive ex-con Dom Toretto reignites his feud with agent Brian O'Conner. But as they are forced to confront a shared enemy, Dom and Brian must give in to an uncertain new trust if they hope to outmaneuver him. And the two men will find the best way to get revenge: push the limits of what's possible behind the wheel.",https://www.boxofficemojo.com/year/world/2009/,True,en,/Users/cedricroetheli/Desktop/BA Cédric/Input/Code/boxoffice-analysis-pipeline/data/raw/subtitles/2009_Fast_Furious_tt1013752_4281537.srt,Dom Toretto and Brian O'Conner,collective_civilian,the shared enemy,collective_civilian,Dom Toretto and those harmed by the crime against him,0,0,0,0,medium,True,1,False,True,0,1,12,0.0,0.0833333333333333,success,,
2009,18,Prince of Persia: The Sands of Time,657,9543.0,tt0473075,Prince of Persia: The Sands of Time,2010-05-19,MANUAL_IMDB_BACKFILLED,336365676,90759676.0,245606000.0,27.0,73.0,36.0,11.0,0.3695336270286556,18.0,-7.0,False,False,False,False,"A rogue prince reluctantly joins forces with a mysterious princess and together, they race against dark forces to safeguard an ancient dagger capable of releasing the Sands of Time – gift from the gods that can reverse time and allow its possessor to rule the world.",https://www.boxofficemojo.com/year/world/2009/,True,en,/Users/cedricroetheli/Desktop/BA Cédric/Input/Code/boxoffice-analysis-pipeline/data/raw/subtitles/2009_Prince_of_Persia_The_Sands_of_Time_tt0473075_4424553.srt,Prince Dastan,individual_civilian,dark forces seeking the dagger,collective_civilian,the world,3,3,3,6,medium,False,0,False,False,0,0,5,0.0,0.0,success,,
2009,19,A Christmas Carol,658,17979.0,tt1067106,A Christmas Carol,2009-11-04,HIGH,325286646,137855863.0,187430783.0,42.4,57.6,20.0,19.0,0.7355027855803175,1.0,0.0,False,False,False,False,"Miser Ebenezer Scrooge is awakened on Christmas Eve by spirits who reveal to him his own miserable existence, what opportunities he wasted in his youth, his current cruelties, and the dire fate that awaits him if he does not change his ways. Scrooge is faced with his own story of growing bitterness and meanness, and must decide what his own future will hold: death or redemption.",https://www.boxofficemojo.com/year/world/2009/,True,en,/Users/cedricroetheli/Desktop/BA Cédric/Input/Code/boxoffice-analysis-pipeline/data/raw/subtitles/2009_A_Christmas_Carol_tt1067106_4755261.srt,Ebenezer Scrooge,individual_civilian,Scrooge's own bitterness and meanness,individual_civilian,Ebenezer Scrooge,0,0,0,0,medium,True,1,False,True,0,1,14,0.0,0.0714285714285714,success,,
2009,20,Inglourious Basterds,659,16869.0,tt0361748,Inglourious Basterds,2009-08-02,HIGH,321455689,120540719.0,200914970.0,37.5,62.5,24.0,15.0,0.5999588731491735,4.0,-5.0,False,False,False,False,"In Nazi-occupied France during World War II, a group of Jewish-American soldiers known as ""The Basterds"" are chosen specifically to spread fear throughout the Third Reich by scalping and brutally killing Nazis. The Basterds, lead by Lt. Aldo Raine soon cross paths with a French-Jewish teenage girl who runs a movie theater in Paris which is targeted by the soldiers.",https://www.boxofficemojo.com/year/world/2009/,True,en,/Users/cedricroetheli/Desktop/BA Cédric/Input/Code/boxoffice-analysis-pipeline/data/raw/subtitles/2009_Inglourious_Basterds_tt0361748_10855415.srt,Lt. Aldo Raine and the Basterds,state_military,the Third Reich / Nazis,state_military,French Jews and targets of Nazi occupation,2,2,2,4,medium,True,1,True,True,1,1,9,0.1111111111111111,0.1111111111111111,success,,
2010,1,Toy Story 3,660,10193.0,tt0435761,Toy Story 3,2010-06-16,HIGH,1066969703,415004880.0,651964823.0,38.9,61.1,1.0,3.0,0.6365448953064144,0.0,2.0,False,False,False,False,"Woody, Buzz, and the rest of Andy's toys haven't been played with in years. With Andy about to go to college, the gang find themselves accidentally left at a nefarious day care center. The toys must band together to escape and return home to Andy.",https://www.boxofficemojo.com/year/world/2010/,True,en,/Users/cedricroetheli/Desktop/BA Cédric/Input/Code/boxoffice-analysis-pipeline/data/raw/subtitles/2010_Toy_Story_3_tt0435761_117201.srt,"Woody, Buzz, and Andy's toys",collective_civilian,the nefarious day care center,corporate_institutional,Andy's toys,1,0,0,1,medium,True,1,False,True,0,1,13,0.0,0.0769230769230769,success,,
2010,2,Alice in Wonderland,661,12155.0,tt1014759,Alice in Wonderland,2010-03-03,HIGH,1025467110,334191110.0,691276000.0,32.6,67.4,2.0,1.0,0.4834409266342242,0.0,-1.0,False,False,False,False,"Alice, now 19 years old, returns to the whimsical world she first entered as a child and embarks on a journey to discover her true destiny.",https://www.boxofficemojo.com/year/world/2010/,True,en,/Users/cedricroetheli/Desktop/BA Cédric/Input/Code/boxoffice-analysis-pipeline/data/raw/subtitles/2010_Alice_in_Wonderland_tt1014759_49530.srt,Alice,individual_civilian,,none,Alice,0,0,,0,low,False,0,False,False,0,0,18,0.0,0.0,success_with_warnings,villain_actor unresolved (none) | conflict_scale unresolved (none),
2010,3,Harry Potter and the Deathly Hallows: Part 1,662,12444.0,tt0926084,Harry Potter and the Deathly Hallows: Part 1,2010-11-17,HIGH,960283305,295983305.0,664300000.0,30.8,69.2,5.0,2.0,0.4455566837272317,2.0,-1.0,False,False,False,False,"Harry, Ron and Hermione walk away from their last year at Hogwarts to find and destroy the remaining Horcruxes, putting an end to Voldemort's bid for immortality. But with Harry's beloved Dumbledore dead and Voldemort's unscrupulous Death Eaters on the loose, the world is more dangerous than ever.",https://www.boxofficemojo.com/year/world/2010/,True,en,/Users/cedricroetheli/Desktop/BA Cédric/Input/Code/boxoffice-analysis-pipeline/data/raw/subtitles/2010_Harry_Potter_and_the_Deathly_Hallows_Part_1_tt0926084_6778293.srt,"Harry, Ron and Hermione",collective_civilian,Voldemort and the Death Eaters,collective_civilian,the wizarding world,2,2,1,4,high,True,1,True,True,1,1,21,0.0476190476190476,0.0476190476190476,success,,
2010,4,Inception,663,27205.0,tt1375666,Inception,2010-07-15,HIGH,828258695,292576195.0,535682500.0,35.3,64.7,6.0,4.0,0.5461746370284637,2.0,0.0,False,False,False,False,"Cobb, a skilled thief who commits corporate espionage by infiltrating the subconscious of his targets is offered a chance to regain his old life as payment for a task considered to be impossible: ""inception"", the implantation of another person's idea into a target's subconscious.",https://www.boxofficemojo.com/year/world/2010/,True,en,/Users/cedricroetheli/Desktop/BA Cédric/Input/Code/boxoffice-analysis-pipeline/data/raw/subtitles/2010_Inception_tt1375666_6625417.srt,Cobb,individual_civilian,the target's subconscious defenses,non_human,the target of the inception,0,3,2,3,medium,True,1,False,True,0,1,15,0.0,0.0666666666666666,success,,
2010,5,Shrek Forever After,664,10192.0,tt0892791,Shrek Forever After,2010-05-20,HIGH,752600867,238736787.0,513864080.0,31.7,68.3,8.0,5.0,0.4645913117725606,3.0,0.0,False,False,False,False,"A midlife-crisis burdened Shrek, longing for the days when he felt like a real ogre, makes a pact with magic deal-maker Rumpelstiltskin. But when he's duped and sent to a twisted version of Far Far Away—where Rumpelstiltskin is king, ogres are hunted, and he and Fiona have never met—he sets out to restore his world and reclaim his true love.",https://www.boxofficemojo.com/year/world/2010/,True,en,/Users/cedricroetheli/Desktop/BA Cédric/Input/Code/boxoffice-analysis-pipeline/data/raw/subtitles/2010_Shrek_Forever_After_tt0892791_97997.srt,Shrek,individual_civilian,Rumpelstiltskin,individual_civilian,Shrek's true world and Fiona,1,0,0,1,high,False,0,False,False,0,0,4,0.0,0.0,success,,
2010,6,The Twilight Saga: Eclipse,665,24021.0,tt1325004,The Twilight Saga: Eclipse,2010-06-23,HIGH,698491347,300531751.0,397959596.0,43.0,57.0,4.0,6.0,0.7551815662211095,-2.0,0.0,False,False,False,False,"Bella once again finds herself surrounded by danger as Seattle is ravaged by a string of mysterious killings and a malicious vampire continues her quest for revenge. In the midst of it all, she is forced to choose between her love for Edward and her friendship with Jacob, knowing that her decision has the potential to ignite the ageless struggle between vampire and werewolf. With her graduation quickly approaching, Bella is confronted with the most important decision of her life.",https://www.boxofficemojo.com/year/world/2010/,True,en,/Users/cedricroetheli/Desktop/BA Cédric/Input/Code/boxoffice-analysis-pipeline/data/raw/subtitles/2010_The_Twilight_Saga_Eclipse_tt1325004_5305874.srt,Bella,individual_civilian,a malicious vampire seeking revenge,non_human,Bella,0,0,0,0,medium,False,0,False,False,0,0,10,0.0,0.0,success,,
2010,7,Iron Man 2,666,10138.0,tt1228705,Iron Man 2,2010-04-28,HIGH,623933331,312433331.0,311500000.0,50.1,49.9,3.0,9.0,1.0029962471910112,-4.0,2.0,False,False,False,False,"With the world now aware of his dual life as the armored superhero Iron Man, billionaire inventor Tony Stark faces pressure from the government, the press and the public to share his technology with the military. Unwilling to let go of his invention, Stark, with Pepper Potts and James 'Rhodey' Rhodes at his side, must forge new alliances – and confront powerful enemies.",https://www.boxofficemojo.com/year/world/2010/,True,en,/Users/cedricroetheli/Desktop/BA Cédric/Input/Code/boxoffice-analysis-pipeline/data/raw/subtitles/2010_Iron_Man_2_tt1228705_8182242.srt,Tony Stark,individual_civilian,powerful enemies,collective_civilian,Tony Stark and his allies,1,0,1,1,medium,False,0,False,False,0,0,10,0.0,0.0,success,,
2010,8,Tangled,667,38757.0,tt0398286,Tangled,2010-11-24,HIGH,591794936,200821936.0,390973000.0,33.9,66.1,10.0,7.0,0.5136465587137731,2.0,-1.0,False,False,False,False,"Feisty teenager Rapunzel, who has long and magical hair, wants to go and see sky lanterns on her eighteenth birthday, but she's bound to a tower by her overprotective mother. She strikes a deal with Flynn Rider, a charming wanted thief, and the duo set off on an action-packed escapade.",https://www.boxofficemojo.com/year/world/2010/,True,en,/Users/cedricroetheli/Desktop/BA Cédric/Input/Code/boxoffice-analysis-pipeline/data/raw/subtitles/2010_Tangled_tt0398286_8083179.srt,Rapunzel,individual_civilian,Rapunzel's overprotective mother,individual_civilian,Rapunzel,0,0,0,0,medium,True,1,False,True,0,1,22,0.0,0.0454545454545454,success,,
2010,9,Despicable Me,668,20352.0,tt1323594,Despicable Me,2010-07-08,HIGH,543239815,251639815.0,291600000.0,46.3,53.7,7.0,11.0,0.862962328532236,-2.0,2.0,False,False,False,False,"Gru is a supervillain determined to prove he’s the greatest by stealing the Moon. To pull off his plan, he adopts three orphaned girls—Margo, Edith, and Agnes—intending to use them as part of his scheme. However, as Gru bonds with the girls, his cold, villainous exterior begins to melt.",https://www.boxofficemojo.com/year/world/2010/,True,en,/Users/cedricroetheli/Desktop/BA Cédric/Input/Code/boxoffice-analysis-pipeline/data/raw/subtitles/2010_Despicable_Me_tt1323594_52727.srt,Gru,individual_civilian,Gru's own supervillain scheme to steal the Moon,individual_civilian,the Moon/world affected by the theft,3,3,3,6,medium,True,1,True,True,1,1,17,0.0588235294117647,0.0588235294117647,success,,
2010,10,How to Train Your Dragon,669,10191.0,tt0892769,How to Train Your Dragon,2010-03-18,HIGH,494878759,217581231.0,277297528.0,44.0,56.0,9.0,12.0,0.784649010646788,-1.0,2.0,False,False,False,False,"As the son of a Viking leader on the cusp of manhood, shy Hiccup Horrendous Haddock III faces a rite of passage: he must kill a dragon to prove his warrior mettle. But after downing a feared dragon, he realizes that he no longer wants to destroy it, and instead befriends the beast – which he names Toothless – much to the chagrin of his warrior father.",https://www.boxofficemojo.com/year/world/2010/,True,en,/Users/cedricroetheli/Desktop/BA Cédric/Input/Code/boxoffice-analysis-pipeline/data/raw/subtitles/2010_How_to_Train_Your_Dragon_tt0892769_5081901.srt,Hiccup Horrendous Haddock III,individual_civilian,the Viking dragon-killing system/conflict with dragons,collective_civilian,Toothless,0,0,0,0,medium,True,2,False,True,0,2,53,0.0,0.0377358490566037,success,,
2010,11,Clash of the Titans,670,18823.0,tt0800320,Clash of the Titans,2010-03-26,HIGH,493214993,163214888.0,330000105.0,33.1,66.9,14.0,8.0,0.494590412327293,3.0,-3.0,False,False,False,False,"Born of a god but raised as a man, Perseus is helpless to save his family from Hades, vengeful god of the underworld. With nothing to lose, Perseus volunteers to lead a dangerous mission to defeat Hades before he can seize power from Zeus and unleash hell on earth. Battling unholy demons and fearsome beasts, Perseus and his warriors will only survive if Perseus accepts his power as a god, defies fate and creates his own destiny.",https://www.boxofficemojo.com/year/world/2010/,True,en,/Users/cedricroetheli/Desktop/BA Cédric/Input/Code/boxoffice-analysis-pipeline/data/raw/subtitles/2010_Clash_of_the_Titans_tt0800320_122286.srt,Perseus,individual_civilian,Hades,non_human,earth,3,3,3,6,high,False,0,False,False,0,0,12,0.0,0.0,success,,
2010,12,The Chronicles of Narnia: The Voyage of the Dawn Treader,671,10140.0,tt0980970,The Chronicles of Narnia: The Voyage of the Dawn Treader,2010-12-02,HIGH,415686217,104386950.0,311299267.0,25.1,74.9,27.0,10.0,0.3353266809972925,15.0,-2.0,False,False,False,False,"This time around Edmund and Lucy Pevensie, along with their pesky cousin Eustace Scrubb find themselves swallowed into a painting and on to a fantastic Narnian ship headed for the very edges of the world.",https://www.boxofficemojo.com/year/world/2010/,True,en,/Users/cedricroetheli/Desktop/BA Cédric/Input/Code/boxoffice-analysis-pipeline/data/raw/subtitles/2010_The_Chronicles_of_Narnia_The_Voyage_of_the_Dawn_Treader_tt0980970_4103778.srt,"Edmund and Lucy Pevensie, with Eustace Scrubb",collective_civilian,,none,,,,,,low,False,0,False,False,0,0,19,0.0,0.0,success_with_warnings,villain_actor unresolved (none) | conflict_scale unresolved (none) | hero_victim_distance unresolved (none) | victim_level unresolved (none),
2010,13,The King's Speech,672,45269.0,tt1504320,The King's Speech,2010-11-26,HIGH,410867243,135453143.0,275414100.0,33.0,67.0,18.0,13.0,0.4918162977131526,5.0,0.0,False,False,False,False,"The King's Speech tells the story of the man who became King George VI, the father of Queen Elizabeth II. After his brother abdicates, George ('Bertie') reluctantly assumes the throne. Plagued by a dreaded stutter and considered unfit to be king, Bertie engages the help of an unorthodox speech therapist named Lionel Logue. Through a set of unexpected techniques, and as a result of an unlikely friendship, Bertie is able to find his voice and boldly lead the country into war.",https://www.boxofficemojo.com/year/world/2010/,True,en,/Users/cedricroetheli/Desktop/BA Cédric/Input/Code/boxoffice-analysis-pipeline/data/raw/subtitles/2010_The_King_s_Speech_tt1504320_5355041.srt,King George VI (Bertie),individual_civilian,Bertie's stutter and resulting inability to speak publicly,non_human,the country,2,2,1,4,high,False,0,False,False,0,0,25,0.0,0.0,success,,
2010,14,Tron: Legacy,673,20526.0,tt1104001,TRON: Legacy,2010-12-14,HIGH,400062763,172062763.0,228000000.0,43.0,57.0,12.0,15.0,0.7546612412280702,-2.0,1.0,False,False,False,False,"Sam Flynn, the tech-savvy and daring son of Kevin Flynn, investigates his father's disappearance and is pulled into The Grid. With the help of a mysterious program named Quorra, Sam quests to stop evil dictator Clu from crossing into the real world.",https://www.boxofficemojo.com/year/world/2010/,True,en,/Users/cedricroetheli/Desktop/BA Cédric/Input/Code/boxoffice-analysis-pipeline/data/raw/subtitles/2010_Tron_Legacy_tt1104001_3729388.srt,Sam Flynn,individual_civilian,Clu,non_human,the real world,3,3,3,6,high,False,0,False,False,0,0,16,0.0,0.0,success,,
2010,15,The Karate Kid,674,38575.0,tt1155076,The Karate Kid,2010-06-10,HIGH,359126022,176591618.0,182534404.0,49.2,50.8,11.0,23.0,0.9674429265400292,-4.0,8.0,False,False,False,False,"12-year-old Dre Parker could've been the most popular kid in Detroit, but his mother's latest career move has landed him in China. Dre immediately falls for his classmate Mei Ying but the cultural differences make such a friendship impossible. Even worse, Dre's feelings make him an enemy of the class bully, Cheng. With no friends in a strange land, Dre has nowhere to turn but maintenance man Mr. Han, who is a kung fu master. As Han teaches Dre that kung fu is not about punches and parries, but maturity and calm, Dre realizes that facing down the bullies will be the fight of his life.",https://www.boxofficemojo.com/year/world/2010/,True,en,/Users/cedricroetheli/Desktop/BA Cédric/Input/Code/boxoffice-analysis-pipeline/data/raw/subtitles/2010_The_Karate_Kid_tt1155076_4904506.srt,Dre Parker,individual_civilian,Cheng,individual_civilian,Dre Parker,0,0,0,0,high,False,0,False,False,0,0,7,0.0,0.0,success,,
2010,16,Black Swan,675,44214.0,tt0947798,Black Swan,2010-12-03,HIGH,329398046,106954678.0,222443368.0,32.5,67.5,25.0,16.0,0.4808175625177551,9.0,0.0,False,False,False,False,"A committed dancer struggles to maintain her sanity after winning the lead role in a production of Tchaikovsky's ""Swan Lake"".",https://www.boxofficemojo.com/year/world/2010/,True,en,/Users/cedricroetheli/Desktop/BA Cédric/Input/Code/boxoffice-analysis-pipeline/data/raw/subtitles/2010_Black_Swan_tt0947798_6525538.srt,the committed dancer,individual_civilian,her deteriorating sanity,non_human,the committed dancer,0,0,0,0,medium,False,0,False,False,0,0,26,0.0,0.0,success,,
2010,17,Megamind,676,38055.0,tt1001526,Megamind,2010-10-28,HIGH,321885765,148415853.0,173469912.0,46.1,53.9,17.0,25.0,0.855571155186843,0.0,8.0,False,False,False,False,"After Megamind, a highly intelligent alien supervillain, defeats his long-time nemesis Metro Man, Megamind creates a new hero to fight, but must act to save the city when his ""creation"" becomes an even worse villain than he was.",https://www.boxofficemojo.com/year/world/2010/,True,en,/Users/cedricroetheli/Desktop/BA Cédric/Input/Code/boxoffice-analysis-pipeline/data/raw/subtitles/2010_Megamind_tt1001526_4162919.srt,Megamind,non_human,Megamind's creation,individual_civilian,the city,2,1,0,3,high,True,2,True,True,1,2,21,0.0476190476190476,0.0952380952380952,success,,
2010,18,Robin Hood,677,20662.0,tt0955308,Robin Hood,2010-05-12,HIGH,321669741,105269730.0,216400011.0,32.7,67.3,26.0,17.0,0.4864589863629905,8.0,-1.0,False,False,False,False,"When soldier Robin happens upon the dying Robert of Loxley, he promises to return the man's sword to his family in Nottingham. There, he assumes Robert's identity; romances his widow, Marion; and draws the ire of the town's sheriff and King John's henchman, Godfrey.",https://www.boxofficemojo.com/year/world/2010/,True,en,/Users/cedricroetheli/Desktop/BA Cédric/Input/Code/boxoffice-analysis-pipeline/data/raw/subtitles/2010_Robin_Hood_tt0955308_8740403.srt,Robin,individual_civilian,Godfrey,state_military,Marion and the people of Nottingham,1,0,0,1,medium,False,0,False,False,0,0,13,0.0,0.0,success,,
2010,19,The Last Airbender,678,10196.0,tt0938283,The Last Airbender,2010-06-30,HIGH,319713881,131772187.0,187941694.0,41.2,58.8,19.0,21.0,0.7011333365974662,0.0,2.0,False,False,False,False,"The story follows the adventures of Aang, a young successor to a long line of Avatars, who must put his childhood ways aside and stop the Fire Nation from enslaving the Water, Earth and Air nations.",https://www.boxofficemojo.com/year/world/2010/,True,en,/Users/cedricroetheli/Desktop/BA Cédric/Input/Code/boxoffice-analysis-pipeline/data/raw/subtitles/2010_The_Last_Airbender_tt0938283_3783035.srt,Aang,individual_civilian,the Fire Nation,state_military,"the Water, Earth and Air nations",2,3,2,5,high,True,1,False,True,0,1,16,0.0,0.0625,success,,
2010,20,Little Fockers,679,39451.0,tt0970866,Little Fockers,2010-12-21,HIGH,310650585,148438600.0,162211985.0,47.8,52.2,16.0,28.0,0.915090213586869,-4.0,8.0,False,False,False,False,"It has taken 10 years, two little Fockers with wife Pam and countless hurdles for Greg to finally get in with his tightly wound father-in-law, Jack. After the cash-strapped dad takes a job moonlighting for a drug company, Jack's suspicions about his favorite male nurse come roaring back. When Greg and Pam's entire clan descends for the twins' birthday party, Greg must prove to the skeptical Jack that he's fully capable as the man of the house.",https://www.boxofficemojo.com/year/world/2010/,True,en,/Users/cedricroetheli/Desktop/BA Cédric/Input/Code/boxoffice-analysis-pipeline/data/raw/subtitles/2010_Little_Fockers_tt0970866_7960619.srt,Greg Focker,individual_civilian,Jack Byrnes,individual_civilian,Greg Focker and his family role within the Focker-Byrnes household,1,0,0,1,medium,False,0,False,False,0,0,7,0.0,0.0,success,,
2011,1,Harry Potter and the Deathly Hallows: Part 2,680,12445.0,tt1201607,Harry Potter and the Deathly Hallows: Part 2,2011-07-12,HIGH,1341511219,381011219.0,960500000.0,28.4,71.6,1.0,1.0,0.3966800822488287,0.0,0.0,False,False,False,False,"Harry, Ron and Hermione continue their quest to vanquish the evil Voldemort once and for all. Just as things begin to look hopeless for the young wizards, Harry discovers a trio of magical objects that endow him with powers to rival Voldemort's formidable skills.",https://www.boxofficemojo.com/year/world/2011/,True,en,/Users/cedricroetheli/Desktop/BA Cédric/Input/Code/boxoffice-analysis-pipeline/data/raw/subtitles/2011_Harry_Potter_and_the_Deathly_Hallows_Part_2_tt1201607_5058618.srt,Harry Potter,individual_civilian,Voldemort,individual_civilian,young wizards,1,0,0,1,medium,True,1,False,True,0,1,17,0.0,0.0588235294117647,success,,
2011,2,Transformers: Dark of the Moon,681,38356.0,tt1399103,Transformers: Dark of the Moon,2011-06-28,HIGH,1123794079,352390543.0,771403536.0,31.4,68.6,2.0,3.0,0.4568173809874783,0.0,1.0,False,False,False,False,"The Autobots continue to work for NEST, now no longer in secret. But after discovering a strange artifact during a mission in Chernobyl, it becomes apparent to Optimus Prime that the United States government has been less than forthright with them.",https://www.boxofficemojo.com/year/world/2011/,True,en,/Users/cedricroetheli/Desktop/BA Cédric/Input/Code/boxoffice-analysis-pipeline/data/raw/subtitles/2011_Transformers_Dark_of_the_Moon_tt1399103_832713.srt,Optimus Prime and the Autobots,non_human,the United States government deception surrounding the artifact,state_military,the Autobots and NEST,1,0,1,1,low,False,0,False,False,0,0,12,0.0,0.0,success,,
2011,3,Pirates of the Caribbean: On Stranger Tides,682,1865.0,tt1298650,Pirates of the Caribbean: On Stranger Tides,2011-05-15,HIGH,1045713802,241071802.0,804642000.0,23.1,76.9,5.0,2.0,0.2996013158646951,2.0,-1.0,False,False,False,False,"When Jack crosses paths with a woman from his past, he's not sure if it's love...or if she's a ruthless con artist using him to find the fabled Fountain of Youth.",https://www.boxofficemojo.com/year/world/2011/,True,en,/Users/cedricroetheli/Desktop/BA Cédric/Input/Code/boxoffice-analysis-pipeline/data/raw/subtitles/2011_Pirates_of_the_Caribbean_On_Stranger_Tides_tt1298650_4480186.srt,Jack,individual_civilian,the woman from Jack's past,individual_civilian,Jack,0,0,2,0,medium,True,3,True,True,1,3,19,0.0526315789473684,0.1578947368421052,success,,
2011,4,The Twilight Saga: Breaking Dawn - Part 1,683,50619.0,tt1324999,The Twilight Saga: Breaking Dawn - Part 1,2011-11-16,HIGH,712205856,281287133.0,430918723.0,39.5,60.5,3.0,6.0,0.6527614558998868,-1.0,2.0,False,False,False,False,Bella Swan and Edward Cullen's honeymoon phase is abruptly disrupted by betrayals and unforeseen tragedies that endanger their world.,https://www.boxofficemojo.com/year/world/2011/,True,en,/Users/cedricroetheli/Desktop/BA Cédric/Input/Code/boxoffice-analysis-pipeline/data/raw/subtitles/2011_The_Twilight_Saga_Breaking_Dawn_Part_1_tt1324999_841384.srt,Bella Swan and Edward Cullen,collective_civilian,betrayals and unforeseen tragedies,none,Bella Swan and Edward Cullen's world,1,0,0,1,low,False,0,False,False,0,0,9,0.0,0.0,success_with_warnings,villain_actor unresolved (none),
2011,5,Mission: Impossible - Ghost Protocol,684,56292.0,tt1229238,Mission: Impossible - Ghost Protocol,2011-12-07,HIGH,694713380,209397903.0,485315477.0,30.1,69.9,7.0,5.0,0.4314675977250979,2.0,0.0,False,False,False,False,"Ethan Hunt and his team are racing against time to track down a dangerous terrorist named Hendricks, who has gained access to Russian nuclear launch codes and is planning a strike on the United States. An attempt to stop him ends in an explosion causing severe destruction to the Kremlin and the IMF to be implicated in the bombing, forcing the President to disavow them. No longer being aided by the government, Ethan and his team chase Hendricks around the globe, although they might still be too late to stop a disaster.",https://www.boxofficemojo.com/year/world/2011/,True,en,/Users/cedricroetheli/Desktop/BA Cédric/Input/Code/boxoffice-analysis-pipeline/data/raw/subtitles/2011_Mission_Impossible_Ghost_Protocol_tt1229238_859357.srt,Ethan Hunt and his team,state_military,Hendricks,individual_civilian,the United States,2,2,2,4,high,True,2,True,True,1,2,31,0.032258064516129,0.064516129032258,success,,
2011,6,Kung Fu Panda 2,685,49444.0,tt1302011,Kung Fu Panda 2,2011-05-25,HIGH,665692281,165249063.0,500443218.0,24.8,75.2,15.0,4.0,0.3302054200282918,9.0,-2.0,False,False,False,False,"Po is finally living the dream as the Dragon Warrior—until a dark presence from his past comes roaring back. When the ruthless peacock lord Shen unleashes a terrifying new weapon to wipe out kung fu itself, Po and the Furious Five race across China to put an end to his plans. But if Po is to have any hope of stopping him, he must first confront the truth of his origins—and find inner peace before his past tears him apart.",https://www.boxofficemojo.com/year/world/2011/,True,en,/Users/cedricroetheli/Desktop/BA Cédric/Input/Code/boxoffice-analysis-pipeline/data/raw/subtitles/2011_Kung_Fu_Panda_2_tt1302011_4309522.srt,Po,non_human,Lord Shen,non_human,kung fu practitioners across China,2,2,1,4,high,False,0,False,False,0,0,17,0.0,0.0,success,,
2011,7,Fast Five,686,51497.0,tt1596343,Fast Five,2011-04-20,HIGH,626137675,209837675.0,416300000.0,33.5,66.5,6.0,9.0,0.5040539875090079,-1.0,2.0,False,False,False,False,"Former cop Brian O'Conner partners with ex-con Dom Toretto on the opposite side of the law. Since Brian and Mia Toretto broke Dom out of custody, they've blown across many borders to elude authorities. Now backed into a corner in Rio de Janeiro, they must pull one last job in order to gain their freedom.",https://www.boxofficemojo.com/year/world/2011/,True,en,/Users/cedricroetheli/Desktop/BA Cédric/Input/Code/boxoffice-analysis-pipeline/data/raw/subtitles/2011_Fast_Five_tt1596343_841549.srt,Dom Toretto and Brian O'Conner,collective_civilian,authorities,state_military,"Dom Toretto, Brian O'Conner, and Mia Toretto",1,0,2,1,medium,True,1,True,True,1,1,19,0.0526315789473684,0.0526315789473684,success,,
2011,8,The Hangover Part II,687,45243.0,tt1411697,The Hangover Part II,2011-05-25,HIGH,586764305,254464305.0,332300000.0,43.4,56.6,4.0,14.0,0.7657667920553717,-4.0,6.0,False,False,False,False,"The Hangover crew heads to Thailand for Stu's wedding. After the disaster of a bachelor party in Las Vegas last year, Stu is playing it safe with a mellow pre-wedding brunch. However, nothing goes as planned and Bangkok is the perfect setting for another adventure with the rowdy group.",https://www.boxofficemojo.com/year/world/2011/,True,en,/Users/cedricroetheli/Desktop/BA Cédric/Input/Code/boxoffice-analysis-pipeline/data/raw/subtitles/2011_The_Hangover_Part_II_tt1411697_831335.srt,Stu and the Hangover crew,collective_civilian,the Bangkok misadventure surrounding the bachelor party aftermath,none,Stu's wedding,0,0,0,0,medium,False,0,False,False,0,0,4,0.0,0.0,success_with_warnings,villain_actor unresolved (none),
2011,9,The Smurfs,688,41513.0,tt0472181,The Smurfs,2011-07-29,HIGH,563749323,142614158.0,421135165.0,25.3,74.7,19.0,7.0,0.3386422456552637,10.0,-2.0,False,False,False,False,"When the evil wizard Gargamel chases the tiny blue Smurfs out of their village, they tumble from their magical world and into ours -- in fact, smack dab in the middle of Central Park. Just three apples high and stuck in the Big Apple, the Smurfs must find a way to get back to their village before Gargamel tracks them down.",https://www.boxofficemojo.com/year/world/2011/,True,en,/Users/cedricroetheli/Desktop/BA Cédric/Input/Code/boxoffice-analysis-pipeline/data/raw/subtitles/2011_The_Smurfs_tt0472181_4241767.srt,the Smurfs,collective_civilian,Gargamel,individual_civilian,the Smurfs,1,0,0,1,high,False,0,False,False,0,0,8,0.0,0.0,success,,
2011,10,Cars 2,689,49013.0,tt1216475,Cars 2,2011-06-11,HIGH,559852396,191452396.0,368400000.0,34.2,65.8,8.0,11.0,0.5196861997828447,-2.0,1.0,False,False,False,False,Star race car Lightning McQueen and his pal Mater head overseas to compete in the World Grand Prix race. But the road to the championship becomes rocky as Mater gets caught up in an intriguing adventure of his own: international espionage.,https://www.boxofficemojo.com/year/world/2011/,True,en,/Users/cedricroetheli/Desktop/BA Cédric/Input/Code/boxoffice-analysis-pipeline/data/raw/subtitles/2011_Cars_2_tt1216475_1493433.srt,Mater,individual_civilian,the international espionage threat,collective_civilian,World Grand Prix participants,1,1,2,2,medium,True,1,False,True,0,1,12,0.0,0.0833333333333333,success,,
2011,11,Puss in Boots,690,417859.0,tt0448694,Puss in Boots,2011-10-27,HIGH,554987477,149260504.0,405726973.0,26.9,73.1,16.0,10.0,0.3678841041707129,5.0,-1.0,False,False,False,False,"Long before he even met Shrek, the notorious fighter, lover and outlaw Puss in Boots becomes a hero when he sets off on an adventure with the tough and street smart Kitty Softpaws and the mastermind Humpty Dumpty to save his town. This is the true story of The Cat, The Myth, The Legend... The Boots.",https://www.boxofficemojo.com/year/world/2011/,True,en,/Users/cedricroetheli/Desktop/BA Cédric/Input/Code/boxoffice-analysis-pipeline/data/raw/subtitles/2011_Puss_in_Boots_tt0448694_8062734.srt,Puss in Boots,individual_civilian,unresolved threat to Puss's town,none,his town,2,1,0,3,medium,False,0,False,False,0,0,9,0.0,0.0,success_with_warnings,villain_actor unresolved (none),
2011,12,Sherlock Holmes: A Game of Shadows,691,58574.0,tt1515091,Sherlock Holmes: A Game of Shadows,2011-11-22,HIGH,543848418,186848418.0,357000000.0,34.4,65.6,9.0,12.0,0.5233849243697479,-3.0,0.0,False,False,False,False,"There is a new criminal mastermind at large (Professor Moriarty) and not only is he Holmes’ intellectual equal, but his capacity for evil and lack of conscience may give him an advantage over the  detective.",https://www.boxofficemojo.com/year/world/2011/,True,en,/Users/cedricroetheli/Desktop/BA Cédric/Input/Code/boxoffice-analysis-pipeline/data/raw/subtitles/2011_Sherlock_Holmes_A_Game_of_Shadows_tt1515091_157096.srt,Sherlock Holmes,individual_civilian,Professor Moriarty,individual_civilian,,,,,,medium,False,0,False,False,0,0,8,0.0,0.0,success_with_warnings,conflict_scale unresolved (none) | hero_victim_distance unresolved (none) | victim_level unresolved (none),
2011,13,Rio,692,46195.0,tt1436562,Rio,2011-04-03,HIGH,483866518,143619809.0,340246709.0,29.7,70.3,18.0,13.0,0.4221049174056817,5.0,0.0,False,False,False,False,"Captured by smugglers when he was just a hatchling, a macaw named Blu never learned to fly and lives a happily domesticated life in Minnesota with his human friend, Linda. Blu is thought to be the last of his kind, but when word comes that Jewel, a lone female, lives in Rio de Janeiro, Blu and Linda go to meet her. Animal smugglers kidnap Blu and Jewel, but the pair soon escape and begin a perilous adventure back to freedom -- and Linda.",https://www.boxofficemojo.com/year/world/2011/,True,en,/Users/cedricroetheli/Desktop/BA Cédric/Input/Code/boxoffice-analysis-pipeline/data/raw/subtitles/2011_Rio_tt1436562_7617254.srt,Blu,non_human,animal smugglers,collective_civilian,Blu and Jewel,1,0,0,1,high,False,0,False,False,0,0,15,0.0,0.0,success,,
2011,14,Rise of the Planet of the Apes,693,61791.0,tt1318514,Rise of the Planet of the Apes,2011-08-03,HIGH,481800873,176760185.0,305040688.0,36.7,63.3,11.0,15.0,0.5794642877280686,-3.0,1.0,False,False,False,False,"A highly intelligent chimpanzee named Caesar has been living a peaceful suburban life ever since he was born. But when he gets taken to a cruel primate facility, Caesar decides to revolt against those who have harmed him.",https://www.boxofficemojo.com/year/world/2011/,True,en,/Users/cedricroetheli/Desktop/BA Cédric/Input/Code/boxoffice-analysis-pipeline/data/raw/subtitles/2011_Rise_of_the_Planet_of_the_Apes_tt1318514_8255013.srt,Caesar,non_human,the cruel primate facility,corporate_institutional,Caesar and the captive apes,1,0,0,1,high,True,1,True,True,1,1,30,0.0333333333333333,0.0333333333333333,success,,
2011,15,Thor,694,10195.0,tt0800369,Thor,2011-04-21,HIGH,449326618,181030624.0,268295994.0,40.3,59.7,10.0,17.0,0.674742180459094,-5.0,2.0,False,False,False,False,"Against his father Odin's will, The Mighty Thor - a powerful but arrogant warrior god - recklessly reignites an ancient war. Thor is cast down to Earth and forced to live among humans as punishment. Once here, Thor learns what it takes to be a true hero when the most dangerous villain of his world sends the darkest forces of Asgard to invade Earth.",https://www.boxofficemojo.com/year/world/2011/,True,en,/Users/cedricroetheli/Desktop/BA Cédric/Input/Code/boxoffice-analysis-pipeline/data/raw/subtitles/2011_Thor_tt0800369_6569840.srt,Thor,non_human,the most dangerous villain of Asgard,non_human,Earth and its humans,2,3,2,5,medium,False,0,False,False,0,0,15,0.0,0.0,success,,
2011,16,The Intouchables,695,77338.0,tt1675434,The Intouchables,2011-11-02,HIGH,426588510,10198820.0,416389690.0,2.4,97.6,135.0,8.0,0.0244934498738429,119.0,-8.0,False,False,False,False,A true story of two men who should never have met – a quadriplegic aristocrat who was injured in a paragliding accident and a young man from the projects.,https://www.boxofficemojo.com/year/world/2011/,True,en,/Users/cedricroetheli/Desktop/BA Cédric/Input/Code/boxoffice-analysis-pipeline/data/raw/subtitles/2011_The_Intouchables_tt1675434_6601974.srt,the quadriplegic aristocrat and the young man from the projects,collective_civilian,,none,the quadriplegic aristocrat,0,0,0,0,low,False,0,False,False,0,0,14,0.0,0.0,success_with_warnings,villain_actor unresolved (none),
2011,17,The Adventures of Tintin,696,17578.0,tt0983193,The Adventures of Tintin,2011-10-24,HIGH,373993951,77591831.0,296402120.0,20.7,79.3,44.0,16.0,0.261778933969838,27.0,-1.0,False,False,False,False,"Intrepid young reporter, Tintin, and his loyal dog, Snowy, are thrust into a world of high adventure when they discover a ship carrying an explosive secret. As Tintin is drawn into a centuries-old mystery, Ivan Ivanovitch Sakharine suspects him of stealing a priceless treasure. Tintin and Snowy, with the help of salty, cantankerous Captain Haddock and bumbling detectives, Thompson and Thomson, travel half the world, one step ahead of their enemies, as Tintin endeavors to find the Unicorn, a sunken ship that may hold a vast fortune, but also an ancient curse.",https://www.boxofficemojo.com/year/world/2011/,True,en,/Users/cedricroetheli/Desktop/BA Cédric/Input/Code/boxoffice-analysis-pipeline/data/raw/subtitles/2011_The_Adventures_of_Tintin_tt0983193_4607499.srt,Tintin,individual_civilian,Ivan Ivanovitch Sakharine and his allies,collective_civilian,Tintin and his companions,1,0,2,1,medium,False,0,False,False,0,0,12,0.0,0.0,success,,
2011,18,Captain America: The First Avenger,697,1771.0,tt0458339,Captain America: The First Avenger,2011-07-22,HIGH,370569774,176654505.0,193915269.0,47.7,52.3,12.0,21.0,0.9109881130608648,-6.0,3.0,False,False,False,False,"During World War II, Steve Rogers is a sickly man from Brooklyn who's transformed into super-soldier Captain America to aid in the war effort. Rogers must stop the Red Skull – Adolf Hitler's ruthless head of weaponry, and the leader of an organization that intends to use a mysterious device of untold powers for world domination.",https://www.boxofficemojo.com/year/world/2011/,True,en,/Users/cedricroetheli/Desktop/BA Cédric/Input/Code/boxoffice-analysis-pipeline/data/raw/subtitles/2011_Captain_America_The_First_Avenger_tt0458339_5243080.srt,Steve Rogers / Captain America,state_military,Red Skull and his organization,state_military,the world,3,3,3,6,high,True,3,True,True,2,3,19,0.1052631578947368,0.1578947368421052,success,,
2011,19,X-Men: First Class,698,49538.0,tt1270798,X-Men: First Class,2011-06-01,HIGH,352616690,146408305.0,206208385.0,41.5,58.5,17.0,20.0,0.7100017053137776,-2.0,1.0,False,False,False,False,"Before Charles Xavier and Erik Lensherr took the names Professor X and Magneto, they were two young men discovering their powers for the first time. Before they were arch-enemies, they were closest of friends, working together with other mutants (some familiar, some new), to stop the greatest threat the world has ever known.",https://www.boxofficemojo.com/year/world/2011/,True,en,/Users/cedricroetheli/Desktop/BA Cédric/Input/Code/boxoffice-analysis-pipeline/data/raw/subtitles/2011_X_Men_First_Class_tt1270798_6564522.srt,Charles Xavier and Erik Lensherr with their mutant team,collective_civilian,Sebastian Shaw,individual_civilian,the world,3,3,3,6,high,False,0,False,False,0,0,13,0.0,0.0,success,,
2011,20,Alvin and the Chipmunks: Chipwrecked,699,55301.0,tt1615918,Alvin and the Chipmunks: Chipwrecked,2011-12-14,HIGH,342695435,133110742.0,209584693.0,38.8,61.2,20.0,19.0,0.6351167162766033,0.0,-1.0,False,False,False,False,"Playing around while aboard a cruise ship, the Chipmunks and Chipettes accidentally go overboard and end up marooned in a tropical paradise. They discover their new turf is not as deserted as it seems.",https://www.boxofficemojo.com/year/world/2011/,True,en,/Users/cedricroetheli/Desktop/BA Cédric/Input/Code/boxoffice-analysis-pipeline/data/raw/subtitles/2011_Alvin_and_the_Chipmunks_Chipwrecked_tt1615918_856238.srt,the Chipmunks and Chipettes,collective_civilian,the dangers of the island,non_human,the Chipmunks and Chipettes,1,0,0,1,medium,False,0,False,False,0,0,5,0.0,0.0,success,,
2012,1,The Avengers,700,24428.0,tt0848228,The Avengers,2012-04-25,HIGH,1518812988,623357910.0,895455078.0,41.0,59.0,1.0,1.0,0.6961353230496728,0.0,0.0,False,False,False,False,"When an unexpected enemy emerges and threatens global safety and security, Nick Fury, director of the international peacekeeping agency known as S.H.I.E.L.D., finds himself in need of a team to pull the world back from the brink of disaster. Spanning the globe, a daring recruitment effort begins!",https://www.boxofficemojo.com/year/world/2012/,True,en,/Users/cedricroetheli/Desktop/BA Cédric/Input/Code/boxoffice-analysis-pipeline/data/raw/subtitles/2012_The_Avengers_tt0848228_5359254.srt,the Avengers,collective_civilian,an unexpected enemy,none,the world,3,3,3,6,medium,False,0,False,False,0,0,9,0.0,0.0,success_with_warnings,villain_actor unresolved (none),
2012,2,Skyfall,701,37724.0,tt1074638,Skyfall,2012-10-24,HIGH,1108561013,304360277.0,804200736.0,27.5,72.5,4.0,2.0,0.3784630669624256,2.0,0.0,False,False,False,False,"When Bond's latest assignment goes gravely wrong, agents around the world are exposed and MI6 headquarters is attacked. While M faces challenges to her authority and position from Gareth Mallory, the new Chairman of the Intelligence and Security Committee, it's up to Bond, aided only by field agent Eve, to locate the mastermind behind the attack.",https://www.boxofficemojo.com/year/world/2012/,True,en,/Users/cedricroetheli/Desktop/BA Cédric/Input/Code/boxoffice-analysis-pipeline/data/raw/subtitles/2012_Skyfall_tt1074638_838775.srt,James Bond,individual_civilian,the mastermind behind the attack,individual_civilian,MI6 and exposed agents around the world,2,1,2,3,medium,True,1,False,True,0,1,20,0.0,0.05,success,,
2012,3,The Dark Knight Rises,702,49026.0,tt1345836,The Dark Knight Rises,2012-07-17,HIGH,1084939099,448139099.0,636800000.0,41.3,58.7,2.0,5.0,0.703736022298995,-1.0,2.0,False,False,False,False,"Following the death of District Attorney Harvey Dent, Batman assumes responsibility for Dent's crimes to protect the late attorney's reputation and is subsequently hunted by the Gotham City Police Department. Eight years later, Batman encounters the mysterious Selina Kyle and the villainous Bane, a new terrorist leader who overwhelms Gotham's finest. The Dark Knight resurfaces to protect a city that has branded him an enemy.",https://www.boxofficemojo.com/year/world/2012/,True,en,/Users/cedricroetheli/Desktop/BA Cédric/Input/Code/boxoffice-analysis-pipeline/data/raw/subtitles/2012_The_Dark_Knight_Rises_tt1345836_6524942.srt,Batman,individual_civilian,Bane,collective_civilian,Gotham City,2,1,0,3,high,True,2,True,True,1,2,20,0.05,0.1,success,,
2012,4,The Hobbit: An Unexpected Journey,703,49051.0,tt0903624,The Hobbit: An Unexpected Journey,2012-12-12,HIGH,1017003568,303003568.0,714000000.0,29.8,70.2,5.0,4.0,0.4243747450980392,1.0,0.0,False,False,False,False,"Bilbo Baggins, a hobbit enjoying his quiet life, is swept into an epic quest by Gandalf the Grey and thirteen dwarves who seek to reclaim their mountain home from Smaug, the dragon.",https://www.boxofficemojo.com/year/world/2012/,True,en,/Users/cedricroetheli/Desktop/BA Cédric/Input/Code/boxoffice-analysis-pipeline/data/raw/subtitles/2012_The_Hobbit_An_Unexpected_Journey_tt0903624_9385206.srt,Bilbo Baggins,individual_civilian,Smaug,non_human,the dwarves and their mountain home,1,1,0,2,high,False,0,False,False,0,0,34,0.0,0.0,success,,
2012,5,Ice Age: Continental Drift,704,57800.0,tt1667889,Ice Age: Continental Drift,2012-06-27,HIGH,877244782,161321843.0,715922939.0,18.4,81.6,16.0,3.0,0.2253340886455378,11.0,-2.0,False,False,False,False,"Manny, Diego, and Sid embark upon another adventure after their continent is set adrift. Using an iceberg as a ship, they encounter sea creatures and battle pirates as they explore a new world.",https://www.boxofficemojo.com/year/world/2012/,True,en,/Users/cedricroetheli/Desktop/BA Cédric/Input/Code/boxoffice-analysis-pipeline/data/raw/subtitles/2012_Ice_Age_Continental_Drift_tt1667889_824599.srt,"Manny, Diego, and Sid",collective_civilian,pirates,collective_civilian,"Manny, Diego, Sid, and their drifting herd/families",1,0,2,1,medium,False,0,False,False,0,0,10,0.0,0.0,success,,
2012,6,The Twilight Saga: Breaking Dawn - Part 2,705,50620.0,tt1673434,The Twilight Saga: Breaking Dawn - Part 2,2012-11-13,HIGH,829746820,292324737.0,537422083.0,35.2,64.8,6.0,6.0,0.5439388261981783,0.0,0.0,False,False,False,False,"After the birth of Renesmee, the Cullens gather other vampire clans in order to protect the child from a false allegation that puts the family in front of the Volturi.",https://www.boxofficemojo.com/year/world/2012/,True,en,/Users/cedricroetheli/Desktop/BA Cédric/Input/Code/boxoffice-analysis-pipeline/data/raw/subtitles/2012_The_Twilight_Saga_Breaking_Dawn_Part_2_tt1673434_6851881.srt,the Cullens,collective_civilian,the Volturi,collective_civilian,Renesmee and the Cullen family,1,0,2,1,high,False,0,False,False,0,0,18,0.0,0.0,success,,
2012,7,The Amazing Spider-Man,706,1930.0,tt0948470,The Amazing Spider-Man,2012-06-23,HIGH,757930663,262030663.0,495900000.0,34.6,65.4,7.0,8.0,0.5283941580963905,0.0,1.0,False,False,False,False,"Peter Parker is an outcast high schooler abandoned by his parents as a boy, leaving him to be raised by his Uncle Ben and Aunt May. Like most teenagers, Peter is trying to figure out who he is and how he got to be the person he is today. As Peter discovers a mysterious briefcase that belonged to his father, he begins a quest to understand his parents' disappearance – leading him directly to Oscorp and the lab of Dr. Curt Connors, his father's former partner. As Spider-Man is set on a collision course with Connors' alter ego, The Lizard, Peter will make life-altering choices to use his powers and shape his destiny to become a hero.",https://www.boxofficemojo.com/year/world/2012/,True,en,/Users/cedricroetheli/Desktop/BA Cédric/Input/Code/boxoffice-analysis-pipeline/data/raw/subtitles/2012_The_Amazing_Spider_Man_tt0948470_4983287.srt,Peter Parker / Spider-Man,individual_civilian,Dr. Curt Connors / The Lizard,individual_civilian,New York City,2,1,0,3,medium,False,0,False,False,0,0,19,0.0,0.0,success,,
2012,8,Madagascar 3: Europe's Most Wanted,707,80321.0,tt1277953,Madagascar 3: Europe's Most Wanted,2012-06-06,HIGH,746921274,216391482.0,530529792.0,29.0,71.0,10.0,7.0,0.407878097070183,2.0,-1.0,False,False,False,False,"Animal pals Alex, Marty, Melman, and Gloria are still trying to make it back to New York's Central Park Zoo. They are forced to take a detour to Europe to find the penguins and chimps who broke the bank at a Monte Carlo casino. When French animal-control officer Capitaine Chantel DuBois picks up their scent, Alex and company are forced to hide out in a traveling circus.",https://www.boxofficemojo.com/year/world/2012/,True,en,/Users/cedricroetheli/Desktop/BA Cédric/Input/Code/boxoffice-analysis-pipeline/data/raw/subtitles/2012_Madagascar_3_Europe_s_Most_Wanted_tt1277953_4421132.srt,"Alex, Marty, Melman, Gloria, and their animal friends",collective_civilian,Capitaine Chantel DuBois,state_military,"Alex, Marty, Melman, Gloria, and their animal friends",1,0,2,1,high,False,0,False,False,0,0,16,0.0,0.0,success,,
2012,9,The Hunger Games,708,70160.0,tt1392170,The Hunger Games,2012-03-12,HIGH,694394724,408010692.0,286384032.0,58.8,41.2,3.0,15.0,1.4246977708589563,-6.0,6.0,False,False,False,False,"In a dystopian society where the Capitol forces each district to send two young tributes to fight to the death in a televised spectacle, a girl volunteers to take her sister’s place, setting the stage for a struggle of survival and defiance.",https://www.boxofficemojo.com/year/world/2012/,True,en,/Users/cedricroetheli/Desktop/BA Cédric/Input/Code/boxoffice-analysis-pipeline/data/raw/subtitles/2012_The_Hunger_Games_tt1392170_905646.srt,Katniss Everdeen,individual_civilian,the Capitol,state_military,the tributes,1,0,1,1,high,True,1,True,True,1,1,20,0.05,0.05,success,,
2012,10,Men in Black³,709,41154.0,tt1409024,Men in Black 3,2012-05-23,MED,654213485,179020854.0,475192631.0,27.4,72.6,14.0,10.0,0.3767332284241588,4.0,0.0,False,False,False,False,"Agents J and K are back...in time. J has seen some inexplicable things in his 15 years with the Men in Black, but nothing, not even aliens, perplexes him as much as his wry, reticent partner. But when K's life and the fate of the planet are put at stake, Agent J will have to travel back in time to put things right. J discovers that there are secrets to the universe that K never told him - secrets that will reveal themselves as he teams up with the young Agent K to save his partner, the agency, and the future of humankind.",https://www.boxofficemojo.com/year/world/2012/,True,en,/Users/cedricroetheli/Desktop/BA Cédric/Input/Code/boxoffice-analysis-pipeline/data/raw/subtitles/2012_Men_in_Black_tt1409024_906795.srt,Agent J,state_military,the threat to K and the planet,non_human,the future of humankind,3,3,3,6,medium,False,0,False,False,0,0,8,0.0,0.0,success,,
2012,11,Life of Pi,710,87827.0,tt0454876,Life of Pi,2012-11-20,HIGH,609016565,124987023.0,484029542.0,20.5,79.5,28.0,9.0,0.2582218896878819,17.0,-2.0,False,False,False,False,"The story of an Indian boy named Pi, a zookeeper's son who finds himself in the company of a hyena, zebra, orangutan, and a Bengal tiger after a shipwreck sets them adrift in the Pacific Ocean.",https://www.boxofficemojo.com/year/world/2012/,True,en,/Users/cedricroetheli/Desktop/BA Cédric/Input/Code/boxoffice-analysis-pipeline/data/raw/subtitles/2012_Life_of_Pi_tt0454876_955746.srt,Pi,individual_civilian,the Bengal tiger,non_human,Pi,0,0,2,0,medium,False,0,False,False,0,0,26,0.0,0.0,success,,
2012,12,Ted,711,72105.0,tt1637725,Ted,2012-06-29,HIGH,549368315,218815487.0,330552828.0,39.8,60.2,9.0,11.0,0.661968279999105,-3.0,-1.0,False,False,False,False,"John Bennett, a man whose childhood wish of bringing his teddy bear to life came true, now must decide between keeping the relationship with the bear or his girlfriend, Lori.",https://www.boxofficemojo.com/year/world/2012/,True,en,/Users/cedricroetheli/Desktop/BA Cédric/Input/Code/boxoffice-analysis-pipeline/data/raw/subtitles/2012_Ted_tt1637725_7598614.srt,John Bennett,individual_civilian,Ted,non_human,John and Lori's relationship,0,0,0,0,medium,False,0,False,False,0,0,7,0.0,0.0,success,,
2012,13,Brave,712,62177.0,tt1217209,Brave,2012-06-21,HIGH,538983207,237283207.0,301700000.0,44.0,56.0,8.0,12.0,0.7864872621809745,-5.0,-1.0,False,False,False,False,"In the mystical Scottish Highlands, Merida is the princess of a kingdom ruled by King Fergus and Queen Elinor. An unruly daughter and an accomplished archer, Merida one day defies a sacred custom of the land and inadvertently brings turmoil to the kingdom. In an attempt to set things right, Merida seeks out an eccentric old Wise Woman and is granted an ill-fated wish. Also figuring into Merida's quest — and serving as comic relief — are the kingdom's three lords: the enormous Lord MacGuffin, the surly Lord Macintosh, and the disagreeable Lord Dingwall.",https://www.boxofficemojo.com/year/world/2012/,True,en,/Users/cedricroetheli/Desktop/BA Cédric/Input/Code/boxoffice-analysis-pipeline/data/raw/subtitles/2012_Brave_tt1217209_8475985.srt,Merida,individual_civilian,Merida's ill-fated wish and the turmoil it causes,non_human,the kingdom,2,1,0,3,medium,False,0,False,False,0,0,30,0.0,0.0,success,,
2012,14,Wreck-It Ralph,713,82690.0,tt1772341,Wreck-It Ralph,2012-11-01,HIGH,471222889,189422889.0,281800000.0,40.2,59.8,12.0,16.0,0.6721891022001419,-2.0,2.0,False,False,False,False,"Wreck-It Ralph is the 9-foot-tall, 643-pound villain of an arcade video game named Fix-It Felix Jr., in which the game's titular hero fixes buildings that Ralph destroys. Wanting to prove he can be a good guy and not just a villain, Ralph escapes his game and lands in Hero's Duty, a first-person shooter where he helps the game's hero battle against alien invaders. He later enters Sugar Rush, a kart racing game set on tracks made of candies, cookies and other sweets. There, Ralph meets Vanellope von Schweetz who has learned that her game is faced with a dire threat that could affect the entire arcade, and one that Ralph may have inadvertently started.",https://www.boxofficemojo.com/year/world/2012/,True,en,/Users/cedricroetheli/Desktop/BA Cédric/Input/Code/boxoffice-analysis-pipeline/data/raw/subtitles/2012_Wreck_It_Ralph_tt1772341_4560340.srt,Ralph,individual_civilian,the dire threat to Sugar Rush and the arcade inadvertently started by Ralph,non_human,the arcade,2,1,0,3,medium,True,1,False,True,0,1,25,0.0,0.04,success,,
2012,15,Les Misérables,714,82695.0,tt1707386,Les Misérables,2012-12-18,HIGH,442299309,148809770.0,293489539.0,33.6,66.4,19.0,13.0,0.5070360276111919,4.0,-2.0,False,False,False,False,"An adaptation of the successful stage musical based on Victor Hugo's classic novel set in 19th-century France. Jean Valjean, a man imprisoned for stealing bread, must flee a relentless policeman named Javert. The pursuit consumes both men's lives, and soon Valjean finds himself in the midst of the student revolutions in France.",https://www.boxofficemojo.com/year/world/2012/,True,en,/Users/cedricroetheli/Desktop/BA Cédric/Input/Code/boxoffice-analysis-pipeline/data/raw/subtitles/2012_Les_Mis_rables_tt1707386_948406.srt,Jean Valjean,individual_civilian,Javert,state_military,Jean Valjean,0,0,1,0,medium,True,4,True,True,2,4,35,0.0571428571428571,0.1142857142857142,success,,
2012,16,Django Unchained,715,68718.0,tt1853728,Django Unchained,2012-12-25,HIGH,425368238,162805434.0,262562804.0,38.3,61.7,15.0,18.0,0.620062825045089,-1.0,2.0,False,False,False,False,"With the help of a German bounty hunter, a freed slave sets out to rescue his wife from a brutal Mississippi plantation owner.",https://www.boxofficemojo.com/year/world/2012/,True,en,/Users/cedricroetheli/Desktop/BA Cédric/Input/Code/boxoffice-analysis-pipeline/data/raw/subtitles/2012_Django_Unchained_tt1853728_6716309.srt,Django,individual_civilian,the brutal Mississippi plantation owner,individual_civilian,Django's wife,0,0,0,0,high,True,1,True,True,1,1,15,0.0666666666666666,0.0666666666666666,success,,
2012,17,Prometheus,716,70981.0,tt1446714,Prometheus,2012-05-30,HIGH,403354469,126477084.0,276877385.0,31.4,68.6,25.0,17.0,0.456798174397667,8.0,0.0,False,False,False,False,"A team of explorers discover a clue to the origins of mankind on Earth, leading them on a journey to the darkest corners of the universe. There, they must fight a terrifying battle to save the future of the human race.",https://www.boxofficemojo.com/year/world/2012/,True,en,/Users/cedricroetheli/Desktop/BA Cédric/Input/Code/boxoffice-analysis-pipeline/data/raw/subtitles/2012_Prometheus_tt1446714_5053026.srt,a team of explorers,collective_civilian,the terrifying threat in the darkest corners of the universe,non_human,the human race,3,3,3,6,medium,False,0,False,False,0,0,20,0.0,0.0,success,,
2012,18,Snow White and the Huntsman,717,58595.0,tt1735898,Snow White and the Huntsman,2012-05-30,HIGH,396592829,155332381.0,241260448.0,39.2,60.8,17.0,19.0,0.6438369085677897,-1.0,1.0,False,False,False,False,"After the Evil Queen marries the King, she performs a violent coup in which the King is murdered and his daughter, Snow White, is taken captive. Almost a decade later, a grown Snow White is still in the clutches of the Queen. In order to obtain immortality, The Evil Queen needs the heart of Snow White. After Snow escapes the castle, the Queen sends the Huntsman to find her in the Dark Forest.",https://www.boxofficemojo.com/year/world/2012/,True,en,/Users/cedricroetheli/Desktop/BA Cédric/Input/Code/boxoffice-analysis-pipeline/data/raw/subtitles/2012_Snow_White_and_the_Huntsman_tt1735898_884339.srt,Snow White,individual_civilian,The Evil Queen,individual_civilian,Snow White,0,0,0,0,high,False,0,False,False,0,0,14,0.0,0.0,success,,
2012,19,Taken 2,718,82675.0,tt1397280,Taken 2,2012-09-27,HIGH,376141306,139854287.0,236287019.0,37.2,62.8,21.0,21.0,0.5918830733566451,2.0,2.0,False,False,False,False,"In Istanbul, retired CIA operative Bryan Mills and his wife are taken hostage by the father of a kidnapper Mills killed while rescuing his daughter.",https://www.boxofficemojo.com/year/world/2012/,True,en,/Users/cedricroetheli/Desktop/BA Cédric/Input/Code/boxoffice-analysis-pipeline/data/raw/subtitles/2012_Taken_2_tt1397280_896740.srt,Bryan Mills,individual_civilian,the father of the kidnapper Bryan Mills killed,individual_civilian,Bryan Mills and his wife,1,0,0,1,high,True,1,True,True,1,1,11,0.0909090909090909,0.0909090909090909,success,,
2012,20,Hotel Transylvania,719,76492.0,tt0837562,Hotel Transylvania,2012-09-20,HIGH,358375603,148313048.0,210062555.0,41.4,58.6,20.0,26.0,0.7060422929731575,0.0,6.0,False,False,False,False,"Welcome to Hotel Transylvania, Dracula's lavish five-stake resort, where monsters and their families can live it up and no humans are allowed. One special weekend, Dracula has invited all his best friends to celebrate his beloved daughter Mavis's 118th birthday. For Dracula catering to all of these legendary monsters is no problem but the party really starts when one ordinary guy stumbles into the hotel and changes everything!",https://www.boxofficemojo.com/year/world/2012/,True,en,/Users/cedricroetheli/Desktop/BA Cédric/Input/Code/boxoffice-analysis-pipeline/data/raw/subtitles/2012_Hotel_Transylvania_tt0837562_6712813.srt,Dracula,non_human,Jonathan / the human intruder,individual_civilian,Mavis and the monster hotel community,1,0,0,1,medium,False,0,False,False,0,0,15,0.0,0.0,success,,
2013,1,Frozen,720,109445.0,tt2294629,Frozen,2013-11-20,HIGH,1284879663,400738009.0,884141654.0,31.2,68.8,3.0,1.0,0.4532509097235679,2.0,0.0,False,False,False,False,"Young princess Anna of Arendelle dreams about finding true love at her sister Elsa’s coronation. Fate takes her on a dangerous journey in an attempt to end the eternal winter that has fallen over the kingdom. She's accompanied by ice delivery man Kristoff, his reindeer Sven, and snowman Olaf. On an adventure where she will find out what friendship, courage, family, and true love really means.",https://www.boxofficemojo.com/year/world/2013/,True,en,/Users/cedricroetheli/Desktop/BA Cédric/Input/Code/boxoffice-analysis-pipeline/data/raw/subtitles/2013_Frozen_tt2294629_4993014.srt,Anna,individual_civilian,the eternal winter caused by Elsa's powers,non_human,the kingdom of Arendelle,2,1,0,3,medium,False,0,False,False,0,0,25,0.0,0.0,success,,
2013,2,Iron Man 3,721,68721.0,tt1300854,Iron Man 3,2013-04-18,HIGH,1214811252,409013994.0,805797258.0,33.7,66.3,2.0,2.0,0.5075892104859955,0.0,0.0,False,False,False,False,"When Tony Stark's world is torn apart by a formidable terrorist called the Mandarin, he starts an odyssey of rebuilding and retribution.",https://www.boxofficemojo.com/year/world/2013/,True,en,/Users/cedricroetheli/Desktop/BA Cédric/Input/Code/boxoffice-analysis-pipeline/data/raw/subtitles/2013_Iron_Man_3_tt1300854_939910.srt,Tony Stark,individual_civilian,the Mandarin,individual_civilian,Tony Stark and his world,0,0,0,0,medium,True,1,False,True,0,1,11,0.0,0.0909090909090909,success,,
2013,3,Despicable Me 2,722,93456.0,tt1690953,Despicable Me 2,2013-06-26,HIGH,970766005,368065385.0,602700620.0,37.9,62.1,4.0,4.0,0.6106935562800648,1.0,1.0,False,False,False,False,Gru is recruited by the Anti-Villain League to help deal with a powerful new super criminal.,https://www.boxofficemojo.com/year/world/2013/,True,en,/Users/cedricroetheli/Desktop/BA Cédric/Input/Code/boxoffice-analysis-pipeline/data/raw/subtitles/2013_Despicable_Me_2_tt1690953_1002949.srt,Gru,individual_civilian,a powerful new super criminal,individual_civilian,the public,2,3,1,5,medium,False,0,False,False,0,0,19,0.0,0.0,success,,
2013,4,The Hobbit: The Desolation of Smaug,723,57158.0,tt1170358,The Hobbit: The Desolation of Smaug,2013-12-11,HIGH,958366855,258366855.0,700000000.0,27.0,73.0,8.0,3.0,0.3690955071428571,4.0,-1.0,False,False,False,False,"The Dwarves, Bilbo and Gandalf have successfully escaped the Misty Mountains, and Bilbo has gained the One Ring. They all continue their journey to get their gold back from the Dragon, Smaug.",https://www.boxofficemojo.com/year/world/2013/,True,en,/Users/cedricroetheli/Desktop/BA Cédric/Input/Code/boxoffice-analysis-pipeline/data/raw/subtitles/2013_The_Hobbit_The_Desolation_of_Smaug_tt1170358_9431656.srt,Bilbo and the Dwarves,collective_civilian,Smaug,non_human,the Dwarves,1,0,0,1,medium,False,0,False,False,0,0,28,0.0,0.0,success,,
2013,5,The Hunger Games: Catching Fire,724,101299.0,tt1951264,The Hunger Games: Catching Fire,2013-11-15,HIGH,865011746,424668047.0,440343699.0,49.1,50.9,1.0,8.0,0.9644013255200456,-4.0,3.0,False,False,False,False,"After surviving the Hunger Games, Katniss and Peeta struggle with the consequences of their victory as unrest spreads across Panem. Forced back into the spotlight, they become symbols of hope and resistance while the Capitol prepares a new and deadly challenge that will change the future of the nation forever.",https://www.boxofficemojo.com/year/world/2013/,True,en,/Users/cedricroetheli/Desktop/BA Cédric/Input/Code/boxoffice-analysis-pipeline/data/raw/subtitles/2013_The_Hunger_Games_Catching_Fire_tt1951264_1015594.srt,Katniss Everdeen,individual_civilian,the Capitol,state_military,Panem,2,2,1,4,high,True,4,True,True,4,4,16,0.25,0.25,success,,
2013,6,Fast & Furious 6,725,82992.0,tt1905041,Fast & Furious 6,2013-05-21,HIGH,788679850,238679850.0,550000000.0,30.3,69.7,9.0,5.0,0.4339633636363636,3.0,-1.0,False,False,False,False,"Hobbs has Dominic and Brian reassemble their crew to take down a team of mercenaries; Dominic unexpectedly gets sidetracked with facing his presumed deceased girlfriend, Letty.",https://www.boxofficemojo.com/year/world/2013/,True,en,/Users/cedricroetheli/Desktop/BA Cédric/Input/Code/boxoffice-analysis-pipeline/data/raw/subtitles/2013_Fast_Furious_6_tt1905041_977460.srt,Dominic and Brian's crew,collective_civilian,a team of mercenaries,collective_civilian,the public threatened by the mercenaries,2,2,2,4,medium,False,0,False,False,0,0,5,0.0,0.0,success,,
2013,7,Monsters University,726,62211.0,tt1453405,Monsters University,2013-06-19,HIGH,743559607,268492764.0,475066843.0,36.1,63.9,7.0,6.0,0.5651683925245021,0.0,-1.0,False,False,False,False,A look at the relationship between Mike and Sulley during their days at Monsters University — when they weren't necessarily the best of friends.,https://www.boxofficemojo.com/year/world/2013/,True,en,/Users/cedricroetheli/Desktop/BA Cédric/Input/Code/boxoffice-analysis-pipeline/data/raw/subtitles/2013_Monsters_University_tt1453405_4555388.srt,Mike and Sulley,collective_civilian,their rivalry and academic competition at Monsters University,collective_civilian,Mike and Sulley's friendship and university standing,0,0,0,0,low,False,0,False,False,0,0,15,0.0,0.0,success,,
2013,8,Gravity,727,49047.0,tt1454468,Gravity,2013-10-03,HIGH,723192705,274092705.0,449100000.0,37.9,62.1,6.0,7.0,0.6103155310621242,-2.0,-1.0,False,False,False,False,"Dr. Ryan Stone, a brilliant medical engineer, is on her first Shuttle mission, with veteran astronaut Matt Kowalski in command of his last flight before retiring. But on a seemingly routine spacewalk, disaster strikes. The Shuttle is destroyed, leaving Stone and Kowalski completely alone-tethered to nothing but each other and spiraling out into the blackness of space. The deafening silence tells them they have lost any link to Earth and any chance for rescue. As fear turns to panic, every gulp of air eats away at what little oxygen is left. But the only way home may be to go further out into the terrifying expanse of space.",https://www.boxofficemojo.com/year/world/2013/,True,en,/Users/cedricroetheli/Desktop/BA Cédric/Input/Code/boxoffice-analysis-pipeline/data/raw/subtitles/2013_Gravity_tt1454468_1023199.srt,Dr. Ryan Stone,individual_civilian,the space disaster and hostile environment of space,non_human,Dr. Ryan Stone and Matt Kowalski,1,0,2,1,high,False,0,False,False,0,0,8,0.0,0.0,success,,
2013,9,Man of Steel,728,49521.0,tt0770828,Man of Steel,2013-06-12,HIGH,670145518,291045518.0,379100000.0,43.4,56.6,5.0,11.0,0.7677275600105513,-4.0,2.0,False,False,False,False,"A young boy learns that he has extraordinary powers and is not of this earth. As a young man, he journeys to discover where he came from and what he was sent here to do. But the hero in him must emerge if he is to save the world from annihilation and become the symbol of hope for all mankind.",https://www.boxofficemojo.com/year/world/2013/,True,en,/Users/cedricroetheli/Desktop/BA Cédric/Input/Code/boxoffice-analysis-pipeline/data/raw/subtitles/2013_Man_of_Steel_tt0770828_6969612.srt,the young man with extraordinary powers,non_human,the threat of annihilation,non_human,the world and all mankind,3,3,3,6,medium,False,0,False,False,0,0,19,0.0,0.0,success,,
2013,10,Thor: The Dark World,729,76338.0,tt1981115,Thor: The Dark World,2013-10-30,HIGH,644783140,206362140.0,438421000.0,32.0,68.0,12.0,9.0,0.470694013288597,2.0,-1.0,False,False,False,False,"Thor fights to restore order across the cosmos… but an ancient race led by the vengeful Malekith returns to plunge the universe back into darkness. Faced with an enemy that even Odin and Asgard cannot withstand, Thor must embark on his most perilous and personal journey yet, one that will reunite him with Jane Foster and force him to sacrifice everything to save us all.",https://www.boxofficemojo.com/year/world/2013/,True,en,/Users/cedricroetheli/Desktop/BA Cédric/Input/Code/boxoffice-analysis-pipeline/data/raw/subtitles/2013_Thor_The_Dark_World_tt1981115_6528389.srt,Thor,non_human,Malekith and the ancient race,non_human,us all,3,3,3,6,high,False,0,False,False,0,0,8,0.0,0.0,success,,
2013,11,The Croods,730,49519.0,tt0481499,The Croods,2013-03-15,HIGH,587204668,187168425.0,400036243.0,31.9,68.1,14.0,10.0,0.467878669183482,3.0,-1.0,False,False,False,False,"The prehistoric Croods family live in a particularly dangerous moment in time. Patriarch Grug, his mate Ugga, teenage daughter Eep, son Thunk, and feisty Gran gather food by day and huddle together in a cave at night. When a more evolved caveman named Guy arrives on the scene, Grug is distrustful, but it soon becomes apparent that Guy is correct about the impending destruction of their world.",https://www.boxofficemojo.com/year/world/2013/,True,en,/Users/cedricroetheli/Desktop/BA Cédric/Input/Code/boxoffice-analysis-pipeline/data/raw/subtitles/2013_The_Croods_tt0481499_969889.srt,the Croods family,collective_civilian,the impending destruction of their world,non_human,the Croods family,1,0,0,1,medium,False,0,False,False,0,0,11,0.0,0.0,success,,
2013,12,World War Z,731,72190.0,tt0816711,World War Z,2013-06-19,HIGH,540007876,202359711.0,337648165.0,37.5,62.5,13.0,12.0,0.5993212224328244,1.0,0.0,False,False,False,False,"Life for former United Nations investigator Gerry Lane and his family seems content. Suddenly, the world is plagued by a mysterious infection turning whole human populations into rampaging mindless zombies. After barely escaping the chaos, Lane is persuaded to go on a mission to investigate this disease. What follows is a perilous trek around the world where Lane must brave horrific dangers and long odds to find answers before human civilization falls.",https://www.boxofficemojo.com/year/world/2013/,True,en,/Users/cedricroetheli/Desktop/BA Cédric/Input/Code/boxoffice-analysis-pipeline/data/raw/subtitles/2013_World_War_Z_tt0816711_4983285.srt,Gerry Lane,individual_civilian,the zombie infection and resulting zombie hordes,non_human,human civilization,3,3,3,6,high,False,0,False,False,0,0,13,0.0,0.0,success,,
2013,13,Oz the Great and Powerful,732,68728.0,tt1623205,Oz the Great and Powerful,2013-03-07,HIGH,493311825,234911825.0,258400000.0,47.6,52.4,10.0,17.0,0.9091014899380804,-3.0,4.0,False,False,False,False,"Oscar Diggs, a small-time circus illusionist and con-artist, is whisked from Kansas to the Land of Oz where the inhabitants assume he's the great wizard of prophecy, there to save Oz from the clutches of evil.",https://www.boxofficemojo.com/year/world/2013/,True,en,/Users/cedricroetheli/Desktop/BA Cédric/Input/Code/boxoffice-analysis-pipeline/data/raw/subtitles/2013_Oz_the_Great_and_Powerful_tt1623205_8195118.srt,Oscar Diggs,individual_civilian,the evil threatening Oz,individual_civilian,the inhabitants of the Land of Oz,2,3,1,5,medium,False,0,False,False,0,0,11,0.0,0.0,success,,
2013,14,Star Trek Into Darkness,733,54138.0,tt1408101,Star Trek Into Darkness,2013-05-05,HIGH,467365246,228778661.0,238586585.0,49.0,51.0,11.0,20.0,0.9588915529345458,-3.0,6.0,False,False,False,False,"When the crew of the Enterprise is called back home, they find an unstoppable force of terror from within their own organization has detonated the fleet and everything it stands for, leaving our world in a state of crisis.  With a personal score to settle, Captain Kirk leads a manhunt to a war-zone world to capture a one man weapon of mass destruction. As our heroes are propelled into an epic chess game of life and death, love will be challenged, friendships will be torn apart, and sacrifices must be made for the only family Kirk has left: his crew.",https://www.boxofficemojo.com/year/world/2013/,True,en,/Users/cedricroetheli/Desktop/BA Cédric/Input/Code/boxoffice-analysis-pipeline/data/raw/subtitles/2013_Star_Trek_Into_Darkness_tt1408101_56143.srt,Captain Kirk and the crew of the Enterprise,state_military,the one man weapon of mass destruction from within Starfleet,state_military,the Federation/Starfleet and Earth,2,2,2,4,high,False,0,False,False,0,0,10,0.0,0.0,success,,
2013,15,The Wolverine,734,76170.0,tt1430132,The Wolverine,2013-07-21,HIGH,414828246,132556852.0,282271394.0,32.0,68.0,21.0,14.0,0.4696078129688196,6.0,-1.0,False,False,False,False,"Wolverine faces his ultimate nemesis - and tests of his physical, emotional, and mortal limits - in a life-changing voyage to modern-day Japan.",https://www.boxofficemojo.com/year/world/2013/,True,en,/Users/cedricroetheli/Desktop/BA Cédric/Input/Code/boxoffice-analysis-pipeline/data/raw/subtitles/2013_The_Wolverine_tt1430132_33770.srt,Wolverine,non_human,his ultimate nemesis,none,Wolverine,0,0,0,0,medium,True,1,True,True,1,1,8,0.125,0.125,success_with_warnings,villain_actor unresolved (none),
2013,16,Pacific Rim,735,68726.0,tt1663662,Pacific Rim,2013-07-11,HIGH,411002906,101802906.0,309200000.0,24.8,75.2,33.0,13.0,0.3292461384217335,17.0,-3.0,False,False,False,False,"Using massive piloted robots to combat the alien threat, earth's survivors take the fight to the invading alien force lurking in the depths of the Pacific Ocean. Nearly defenseless in the face of the relentless enemy, the forces of mankind have no choice but to turn to two unlikely heroes who now stand as earth's final hope against the mounting apocalypse.",https://www.boxofficemojo.com/year/world/2013/,True,en,/Users/cedricroetheli/Desktop/BA Cédric/Input/Code/boxoffice-analysis-pipeline/data/raw/subtitles/2013_Pacific_Rim_tt1663662_4677908.srt,"earth's survivors using massive piloted robots, especially the two unlikely heroes",state_military,the alien threat invading from the depths of the Pacific Ocean,non_human,Earth and humanity,3,3,3,6,high,False,0,False,False,0,0,13,0.0,0.0,success,,
2013,17,The Wolf of Wall Street,736,106646.0,tt0993846,The Wolf of Wall Street,2013-12-25,HIGH,392000694,116900694.0,275100000.0,29.8,70.2,27.0,16.0,0.4249389094874591,10.0,-1.0,False,False,False,False,"A New York stockbroker refuses to cooperate in a large securities fraud case involving corruption on Wall Street, corporate banking world and mob infiltration. Based on Jordan Belfort's autobiography.",https://www.boxofficemojo.com/year/world/2013/,True,en,/Users/cedricroetheli/Desktop/BA Cédric/Input/Code/boxoffice-analysis-pipeline/data/raw/subtitles/2013_The_Wolf_of_Wall_Street_tt0993846_7131837.srt,Jordan Belfort,individual_civilian,securities fraud and corruption on Wall Street involving the corporate banking world and mob infiltration,corporate_institutional,investors and the financial public affected by the fraud,1,3,1,4,medium,True,4,True,True,4,4,30,0.1333333333333333,0.1333333333333333,success,,
2013,18,G.I. Joe: Retaliation,737,72559.0,tt1583421,G.I. Joe: Retaliation,2013-03-27,HIGH,375740705,122523060.0,253217645.0,32.6,67.4,24.0,18.0,0.4838646216775296,6.0,0.0,False,False,False,False,"Framed for crimes against the country, the G.I. Joe team is terminated by Presidential order. This forces the G.I. Joes into not only fighting their mortal enemy Cobra; they are forced to contend with threats from within the government that jeopardize their very existence.",https://www.boxofficemojo.com/year/world/2013/,True,en,/Users/cedricroetheli/Desktop/BA Cédric/Input/Code/boxoffice-analysis-pipeline/data/raw/subtitles/2013_G_I_Joe_Retaliation_tt1583421_917973.srt,the G.I. Joe team,state_military,Cobra and corrupt elements within the U.S. government,collective_civilian,the G.I. Joe team and the country,2,0,1,2,medium,True,4,True,True,2,4,11,0.1818181818181818,0.3636363636363636,success,,
2013,19,The Hangover Part III,738,109439.0,tt1951261,The Hangover Part III,2013-05-23,HIGH,362000072,112200072.0,249800000.0,31.0,69.0,29.0,19.0,0.449159615692554,10.0,0.0,False,False,False,False,"This time, there's no wedding. No bachelor party. What could go wrong, right? But when the Wolfpack hits the road, all bets are off.",https://www.boxofficemojo.com/year/world/2013/,True,en,/Users/cedricroetheli/Desktop/BA Cédric/Input/Code/boxoffice-analysis-pipeline/data/raw/subtitles/2013_The_Hangover_Part_III_tt1951261_975775.srt,the Wolfpack,collective_civilian,,none,the Wolfpack,1,0,0,1,low,False,0,False,False,0,0,1,0.0,0.0,success_with_warnings,villain_actor unresolved (none),
2013,20,The Great Gatsby,739,64682.0,tt1343092,The Great Gatsby,2013-05-09,HIGH,353641895,144840419.0,208801476.0,41.0,59.0,17.0,23.0,0.6936752640579993,-3.0,3.0,False,False,False,False,"An adaptation of F. Scott Fitzgerald's Long Island-set novel, where Midwesterner Nick Carraway is lured into the lavish world of his neighbor, Jay Gatsby. Soon enough, however, Carraway will see through the cracks of Gatsby's nouveau riche existence, where obsession, madness, and tragedy await.",https://www.boxofficemojo.com/year/world/2013/,True,en,/Users/cedricroetheli/Desktop/BA Cédric/Input/Code/boxoffice-analysis-pipeline/data/raw/subtitles/2013_The_Great_Gatsby_tt1343092_4561872.srt,Nick Carraway,individual_civilian,Jay Gatsby's obsessive pursuit and the destructive social world around him,collective_civilian,Jay Gatsby,0,0,0,0,medium,False,0,False,False,0,0,7,0.0,0.0,success,,
2014,1,Transformers: Age of Extinction,740,91314.0,tt2109248,Transformers: Age of Extinction,2014-06-25,HIGH,1104054072,245439076.0,858614996.0,22.2,77.8,7.0,1.0,0.2858546346656168,6.0,0.0,False,False,False,False,"As humanity picks up the pieces after the battle of Chicago, a shadowy group reveals itself in an attempt to control the direction of history…while an ancient, powerful new menace sets Earth in its crosshairs. With help from Cade Yeager, Optimus Prime and the Autobots rise to meet their most fearsome challenge yet.",https://www.boxofficemojo.com/year/world/2014/,True,en,/Users/cedricroetheli/Desktop/BA Cédric/Input/Code/boxoffice-analysis-pipeline/data/raw/subtitles/2014_Transformers_Age_of_Extinction_tt2109248_1029740.srt,"Optimus Prime and the Autobots, with help from Cade Yeager",non_human,"an ancient, powerful new menace and the shadowy group seeking to control history",non_human,Earth,3,3,3,6,medium,False,0,False,False,0,0,9,0.0,0.0,success,,
2014,2,The Hobbit: The Battle of the Five Armies,741,122917.0,tt2310332,The Hobbit: The Battle of the Five Armies,2014-12-10,HIGH,956019788,255119788.0,700900000.0,26.7,73.3,6.0,2.0,0.3639888543301469,4.0,0.0,False,False,False,False,"Following Smaug's attack on Laketown, Bilbo and the dwarves try to defend Erebor's mountain of treasure from others who claim it: the men of the ruined Laketown and the elves of Mirkwood. Meanwhile an army of Orcs led by Azog the Defiler is marching on Erebor, fueled by the rise of the dark lord Sauron. Dwarves, elves and men must unite, and the hope for Middle-Earth falls into Bilbo's hands.",https://www.boxofficemojo.com/year/world/2014/,True,en,/Users/cedricroetheli/Desktop/BA Cédric/Input/Code/boxoffice-analysis-pipeline/data/raw/subtitles/2014_The_Hobbit_The_Battle_of_the_Five_Armies_tt2310332_8542827.srt,Bilbo,individual_civilian,Azog the Defiler and the Orc army,collective_civilian,Middle-Earth,2,3,1,5,medium,True,3,True,True,1,3,23,0.0434782608695652,0.1304347826086956,success,,
2014,3,Guardians of the Galaxy,742,118340.0,tt2015381,Guardians of the Galaxy,2014-07-30,HIGH,772776600,333176600.0,439600000.0,43.1,56.9,3.0,10.0,0.7579085532302093,0.0,7.0,False,False,False,False,"Light years from Earth, 26 years after being abducted, Peter Quill finds himself the prime target of a manhunt after discovering an orb wanted by Ronan the Accuser.",https://www.boxofficemojo.com/year/world/2014/,True,en,/Users/cedricroetheli/Desktop/BA Cédric/Input/Code/boxoffice-analysis-pipeline/data/raw/subtitles/2014_Guardians_of_the_Galaxy_tt2015381_6530442.srt,Peter Quill,individual_civilian,Ronan the Accuser,individual_civilian,Peter Quill,0,0,2,0,medium,False,0,False,False,0,0,8,0.0,0.0,success,,
2014,4,Maleficent,743,102651.0,tt1587310,Maleficent,2014-05-28,HIGH,758410378,241410378.0,517000000.0,31.8,68.2,8.0,3.0,0.4669446382978723,4.0,-1.0,False,False,False,False,"A beautiful, pure-hearted young woman, Maleficent has an idyllic life growing up in a peaceable forest kingdom, until one day when an invading army threatens the harmony of the land. She rises to be the land's fiercest protector, but she ultimately suffers a ruthless betrayal – an act that begins to turn her heart into stone. Bent on revenge, Maleficent faces an epic battle with the invading King's successor and, as a result, places a curse upon his newborn infant Aurora. As the child grows, Maleficent realizes that Aurora holds the key to peace in the kingdom – and to Maleficent's true happiness as well.",https://www.boxofficemojo.com/year/world/2014/,True,en,/Users/cedricroetheli/Desktop/BA Cédric/Input/Code/boxoffice-analysis-pipeline/data/raw/subtitles/2014_Maleficent_tt1587310_1042965.srt,Maleficent,non_human,the invading king and his successor,state_military,the forest kingdom and its inhabitants,2,1,1,3,medium,True,1,True,True,1,1,24,0.0416666666666666,0.0416666666666666,success,,
2014,5,The Hunger Games: Mockingjay - Part 1,744,131631.0,tt1951265,The Hunger Games: Mockingjay - Part 1,2014-11-19,HIGH,755356711,337135885.0,418220826.0,44.6,55.4,2.0,12.0,0.8061193131496517,-3.0,7.0,False,False,False,False,"After surviving the Quarter Quell, Katniss finds herself in the hidden stronghold of District 13, where the rebellion against the Capitol is gaining momentum. Struggling with the weight of becoming the symbol of resistance, she must navigate fragile alliances while trying to protect those she loves. As propaganda battles rage and Panem moves closer to full-scale war, Katniss is forced to confront the true cost of revolution.",https://www.boxofficemojo.com/year/world/2014/,True,en,/Users/cedricroetheli/Desktop/BA Cédric/Input/Code/boxoffice-analysis-pipeline/data/raw/subtitles/2014_The_Hunger_Games_Mockingjay_Part_1_tt1951265_1107200.srt,Katniss Everdeen,individual_civilian,the Capitol,state_military,Panem,2,2,1,4,high,False,0,False,False,0,0,15,0.0,0.0,success,,
2014,6,X-Men: Days of Future Past,745,127585.0,tt1877832,X-Men: Days of Future Past,2014-05-15,HIGH,746045700,233921534.0,512124166.0,31.4,68.6,9.0,4.0,0.456767224689022,3.0,-2.0,False,False,False,False,The ultimate X-Men ensemble fights a war for the survival of the species across two time periods as they join forces with their younger selves in an epic battle that must change the past – to save our future.,https://www.boxofficemojo.com/year/world/2014/,True,en,/Users/cedricroetheli/Desktop/BA Cédric/Input/Code/boxoffice-analysis-pipeline/data/raw/subtitles/2014_X_Men_Days_of_Future_Past_tt1877832_1033830.srt,the X-Men,collective_civilian,the forces threatening mutant survival,collective_civilian,the mutant species,2,2,2,4,medium,False,0,False,False,0,0,15,0.0,0.0,success,,
2014,7,Captain America: The Winter Soldier,746,100402.0,tt1843866,Captain America: The Winter Soldier,2014-03-20,HIGH,714421503,259766572.0,454654931.0,36.4,63.6,4.0,8.0,0.5713488500578915,-3.0,1.0,False,False,False,False,"After the cataclysmic events in New York with The Avengers, Steve Rogers, aka Captain America is living quietly in Washington, D.C. and trying to adjust to the modern world. But when a S.H.I.E.L.D. colleague comes under attack, Steve becomes embroiled in a web of intrigue that threatens to put the world at risk. Joining forces with the Black Widow, Captain America struggles to expose the ever-widening conspiracy while fighting off professional assassins sent to silence him at every turn. When the full scope of the villainous plot is revealed, Captain America and the Black Widow enlist the help of a new ally, the Falcon. However, they soon find themselves up against an unexpected and formidable enemy—the Winter Soldier.",https://www.boxofficemojo.com/year/world/2014/,True,en,/Users/cedricroetheli/Desktop/BA Cédric/Input/Code/boxoffice-analysis-pipeline/data/raw/subtitles/2014_Captain_America_The_Winter_Soldier_tt1843866_6517241.srt,Steve Rogers / Captain America,individual_civilian,the Winter Soldier and the S.H.I.E.L.D. conspiracy,corporate_institutional,the world,3,3,3,6,high,False,0,False,False,0,0,7,0.0,0.0,success,,
2014,8,Dawn of the Planet of the Apes,747,119450.0,tt2103281,Dawn of the Planet of the Apes,2014-07-08,HIGH,710644566,208545589.0,502098977.0,29.3,70.7,11.0,6.0,0.4153475680154592,3.0,-2.0,False,False,False,False,"A group of scientists in San Francisco struggle to stay alive in the aftermath of a plague that is wiping out humanity, while Caesar tries to maintain dominance over his community of intelligent apes.",https://www.boxofficemojo.com/year/world/2014/,True,en,/Users/cedricroetheli/Desktop/BA Cédric/Input/Code/boxoffice-analysis-pipeline/data/raw/subtitles/2014_Dawn_of_the_Planet_of_the_Apes_tt2103281_8542710.srt,Caesar,individual_civilian,the plague wiping out humanity,non_human,humanity,3,3,3,6,medium,True,5,True,True,4,5,52,0.0769230769230769,0.0961538461538461,success,,
2014,9,The Amazing Spider-Man 2,748,102382.0,tt1872181,The Amazing Spider-Man 2,2014-04-16,HIGH,708982323,202853933.0,506128390.0,28.6,71.4,12.0,5.0,0.4007954048971645,3.0,-4.0,False,False,False,False,"For Peter Parker, life is busy. Between taking out the bad guys as Spider-Man and spending time with the person he loves, Gwen Stacy, high school graduation cannot come quickly enough. Peter has not forgotten about the promise he made to Gwen’s father to protect her by staying away, but that is a promise he cannot keep. Things will change for Peter when a new villain, Electro, emerges, an old friend, Harry Osborn, returns, and Peter uncovers new clues about his past.",https://www.boxofficemojo.com/year/world/2014/,True,en,/Users/cedricroetheli/Desktop/BA Cédric/Input/Code/boxoffice-analysis-pipeline/data/raw/subtitles/2014_The_Amazing_Spider_Man_2_tt1872181_915281.srt,Peter Parker / Spider-Man,individual_civilian,Electro,individual_civilian,New York City civilians,2,1,0,3,medium,False,0,False,False,0,0,10,0.0,0.0,success,,
2014,10,Interstellar,749,157336.0,tt0816692,Interstellar,2014-11-05,HIGH,681076399,188020017.0,493056382.0,27.6,72.4,16.0,7.0,0.3813357333239021,6.0,-3.0,False,False,False,False,The adventures of a group of explorers who make use of a newly discovered wormhole to surpass the limitations on human space travel and conquer the vast distances involved in an interstellar voyage.,https://www.boxofficemojo.com/year/world/2014/,True,en,/Users/cedricroetheli/Desktop/BA Cédric/Input/Code/boxoffice-analysis-pipeline/data/raw/subtitles/2014_Interstellar_tt0816692_9330298.srt,a group of explorers,collective_civilian,the limitations on human space travel and interstellar distance,non_human,humanity,3,3,3,6,medium,False,0,False,False,0,0,31,0.0,0.0,success,,
2014,11,Big Hero 6,750,177572.0,tt2245084,Big Hero 6,2014-10-24,HIGH,657827828,222527828.0,435300000.0,33.8,66.2,10.0,11.0,0.5112056696531128,-1.0,0.0,False,False,False,False,"A special bond develops between plus-sized inflatable robot Baymax, and prodigy Hiro Hamada, who team up with a group of friends to form a band of high-tech heroes.",https://www.boxofficemojo.com/year/world/2014/,True,en,/Users/cedricroetheli/Desktop/BA Cédric/Input/Code/boxoffice-analysis-pipeline/data/raw/subtitles/2014_Big_Hero_6_tt2245084_4882977.srt,Hiro Hamada and Baymax,collective_civilian,the central antagonist/threat,none,a group of friends and their community,1,1,0,2,low,True,1,True,True,1,1,29,0.0344827586206896,0.0344827586206896,success_with_warnings,villain_actor unresolved (none),
2014,12,How to Train Your Dragon 2,751,82702.0,tt1646971,How to Train Your Dragon 2,2014-06-05,HIGH,621537519,177002924.0,444534595.0,28.5,71.5,17.0,9.0,0.3981758135157062,5.0,-3.0,False,False,False,False,"Five years after uniting the dragons and Vikings of Berk, Hiccup and Toothless soar beyond their homeland, charting the vast unknown. During one of their adventures, the pair discover a secret cave that houses hundreds of wild dragons -- and a mysterious dragon rider with a startling connection to Hiccup. And as the ruthless dragon conqueror Drago Bludvist rises to seize control of both dragons and people alike, Hiccup must step into his role as a true leader and, alongside his friends and Toothless, protect Berk from a devastating war.",https://www.boxofficemojo.com/year/world/2014/,True,en,/Users/cedricroetheli/Desktop/BA Cédric/Input/Code/boxoffice-analysis-pipeline/data/raw/subtitles/2014_How_to_Train_Your_Dragon_2_tt1646971_780872.srt,Hiccup,individual_civilian,Drago Bludvist,individual_civilian,Berk,1,0,0,1,high,False,0,False,False,0,0,51,0.0,0.0,success,,
2014,13,American Sniper,752,190859.0,tt2179136,American Sniper,2014-12-25,HIGH,547626372,350126372.0,197500000.0,63.9,36.1,1.0,26.0,1.7727917569620253,-12.0,13.0,False,False,False,False,"U.S. Navy SEAL Chris Kyle takes his sole mission—protect his comrades—to heart and becomes one of the most lethal snipers in American history. His pinpoint accuracy not only saves countless lives but also makes him a prime target of insurgents. Despite grave danger and his struggle to be a good husband and father to his family back in the States, Kyle serves four tours of duty in Iraq. However, when he finally returns home, he finds that he cannot leave the war behind.",https://www.boxofficemojo.com/year/world/2014/,True,en,/Users/cedricroetheli/Desktop/BA Cédric/Input/Code/boxoffice-analysis-pipeline/data/raw/subtitles/2014_American_Sniper_tt2179136_1122017.srt,Chris Kyle,state_military,Iraqi insurgents,collective_civilian,his comrades,1,0,2,1,high,False,0,False,False,0,0,31,0.0,0.0,success,,
2014,14,Godzilla,753,124905.0,tt0831387,Godzilla,2014-05-14,HIGH,524976069,200676069.0,324300000.0,38.2,61.8,13.0,15.0,0.6187976225716929,-1.0,1.0,False,False,False,False,"Ford Brody, a Navy bomb expert, has just reunited with his family in San Francisco when he is forced to go to Japan to help his estranged father, Joe. Soon, both men are swept up in an escalating crisis when an ancient alpha predator arises from the sea to combat malevolent adversaries that threaten the survival of humanity. The creatures leave colossal destruction in their wake, as they make their way toward their final battleground: San Francisco.",https://www.boxofficemojo.com/year/world/2014/,True,en,/Users/cedricroetheli/Desktop/BA Cédric/Input/Code/boxoffice-analysis-pipeline/data/raw/subtitles/2014_Godzilla_tt0831387_4882232.srt,Ford Brody,state_military,the malevolent adversaries,non_human,humanity,3,3,2,6,medium,False,0,False,False,0,0,16,0.0,0.0,success,,
2014,15,Rio 2,754,172385.0,tt2357291,Rio 2,2014-03-19,HIGH,498781117,131538435.0,367242682.0,26.4,73.6,22.0,13.0,0.3581785055147811,7.0,-2.0,False,False,False,False,"It's a jungle out there for Blu, Jewel and their three kids after they're hurtled from Rio de Janeiro to the wilds of the Amazon. As Blu tries to fit in, he goes beak-to-beak with the vengeful Nigel, and meets the most fearsome adversary of all: his father-in-law.",https://www.boxofficemojo.com/year/world/2014/,True,en,/Users/cedricroetheli/Desktop/BA Cédric/Input/Code/boxoffice-analysis-pipeline/data/raw/subtitles/2014_Rio_2_tt2357291_1063396.srt,Blu,non_human,Nigel,non_human,"Blu, Jewel, and their family",1,0,0,1,medium,False,0,False,False,0,0,8,0.0,0.0,success,,
2014,16,Teenage Mutant Ninja Turtles,755,98566.0,tt1291150,Teenage Mutant Ninja Turtles,2014-08-07,HIGH,485004754,191204754.0,293800000.0,39.4,60.6,15.0,16.0,0.6507990265486726,-1.0,0.0,False,False,False,False,"When a kingpin threatens New York City, a group of mutated turtle warriors must emerge from the shadows to protect their home.",https://www.boxofficemojo.com/year/world/2014/,True,en,/Users/cedricroetheli/Desktop/BA Cédric/Input/Code/boxoffice-analysis-pipeline/data/raw/subtitles/2014_Teenage_Mutant_Ninja_Turtles_tt1291150_6689670.srt,a group of mutated turtle warriors,collective_civilian,a kingpin,individual_civilian,New York City,2,1,0,3,high,True,1,True,True,1,1,14,0.0714285714285714,0.0714285714285714,success,,
2014,17,The Lego Movie,756,137106.0,tt1490017,The Lego Movie,2014-02-06,HIGH,468060692,257760692.0,210300000.0,55.1,44.9,5.0,23.0,1.225680893961008,-12.0,6.0,False,False,False,False,"An ordinary Lego mini-figure, mistakenly thought to be the extraordinary MasterBuilder, is recruited to join a quest to stop an evil Lego tyrant from conquering the universe.",https://www.boxofficemojo.com/year/world/2014/,True,en,/Users/cedricroetheli/Desktop/BA Cédric/Input/Code/boxoffice-analysis-pipeline/data/raw/subtitles/2014_The_Lego_Movie_tt1490017_1051788.srt,an ordinary Lego mini-figure mistakenly thought to be the MasterBuilder,individual_civilian,an evil Lego tyrant,individual_civilian,the Lego universe,3,3,3,6,high,False,0,False,False,0,0,29,0.0,0.0,success,,
2014,18,Lucy,757,240832.0,tt2872732,Lucy,2014-07-25,HIGH,458863600,126663600.0,332200000.0,27.6,72.4,24.0,14.0,0.3812871763997592,6.0,-4.0,False,False,False,False,"A woman, accidentally caught in a dark deal, turns the tables on her captors and transforms into a merciless warrior evolved beyond human logic.",https://www.boxofficemojo.com/year/world/2014/,True,en,/Users/cedricroetheli/Desktop/BA Cédric/Input/Code/boxoffice-analysis-pipeline/data/raw/subtitles/2014_Lucy_tt2872732_4883860.srt,Lucy,individual_civilian,her captors,collective_civilian,Lucy,0,0,0,0,medium,True,1,True,True,1,1,19,0.0526315789473684,0.0526315789473684,success,,
2014,19,Penguins of Madagascar,758,270946.0,tt1911658,Penguins of Madagascar,2014-11-22,HIGH,373515621,83850911.0,289664710.0,22.4,77.6,43.0,17.0,0.2894757562976864,24.0,-2.0,False,False,False,False,"Skipper, Kowalski, Rico and Private join forces with undercover organization The North Wind to stop the villainous Dr. Octavius Brine from destroying the world as we know it.",https://www.boxofficemojo.com/year/world/2014/,True,en,/Users/cedricroetheli/Desktop/BA Cédric/Input/Code/boxoffice-analysis-pipeline/data/raw/subtitles/2014_Penguins_of_Madagascar_tt1911658_5099491.srt,"Skipper, Kowalski, Rico and Private",collective_civilian,Dr. Octavius Brine,individual_civilian,the world as we know it,3,3,3,6,high,True,1,False,True,0,1,14,0.0,0.0714285714285714,success,,
2014,20,Edge of Tomorrow,759,137113.0,tt1631867,Edge of Tomorrow,2014-05-27,HIGH,370541256,100206256.0,270335000.0,27.0,73.0,33.0,18.0,0.3706743706882202,13.0,-2.0,False,False,False,False,"Major Bill Cage is an officer who has never seen a day of combat when he is unceremoniously demoted and dropped into combat. Cage is killed within minutes, managing to take an alpha alien down with him. He awakens back at the beginning of the same day and is forced to fight and die again... and again - as physical contact with the alien has thrown him into a time loop.",https://www.boxofficemojo.com/year/world/2014/,True,en,/Users/cedricroetheli/Desktop/BA Cédric/Input/Code/boxoffice-analysis-pipeline/data/raw/subtitles/2014_Edge_of_Tomorrow_tt1631867_1046814.srt,Major Bill Cage,state_military,the alien invaders,non_human,humanity,3,3,3,6,medium,True,3,True,True,1,3,29,0.0344827586206896,0.1034482758620689,success,,
2015,1,Star Wars: Episode VII - The Force Awakens,760,140607.0,tt2488496,Star Wars: The Force Awakens,2015-12-15,MANUAL_ACCEPTED,2068223624,936662225.0,1131561399.0,45.3,54.7,1.0,2.0,0.8277608495904516,0.0,1.0,False,False,False,False,"Thirty years after defeating the Galactic Empire, Han Solo and his allies face a new threat from the evil Kylo Ren and his army of Stormtroopers.",https://www.boxofficemojo.com/year/world/2015/,True,en,/Users/cedricroetheli/Desktop/BA Cédric/Input/Code/boxoffice-analysis-pipeline/data/raw/subtitles/2015_Star_Wars_Episode_VII_The_Force_Awakens_tt2488496_6765002.srt,Han Solo and his allies,collective_civilian,Kylo Ren and his army of Stormtroopers,collective_civilian,Han Solo and his allies,1,0,2,1,medium,False,0,False,False,0,0,5,0.0,0.0,success,,
2015,2,Jurassic World,761,135397.0,tt0369610,Jurassic World,2015-06-06,HIGH,1670400637,652270625.0,1018130012.0,39.0,61.0,2.0,3.0,0.6406555325077677,0.0,1.0,False,False,False,False,"Twenty-two years after the events of Jurassic Park, Isla Nublar now features a fully functioning dinosaur theme park, Jurassic World, as originally envisioned by John Hammond.",https://www.boxofficemojo.com/year/world/2015/,True,en,/Users/cedricroetheli/Desktop/BA Cédric/Input/Code/boxoffice-analysis-pipeline/data/raw/subtitles/2015_Jurassic_World_tt0369610_1145574.srt,,none,,none,Jurassic World visitors and staff,1,,0,,low,False,0,False,False,0,0,18,0.0,0.0,success_with_warnings,hero_actor unresolved (none) | villain_actor unresolved (none) | hero_victim_distance unresolved (none),
2015,3,Furious 7,762,168259.0,tt2820852,Furious 7,2015-04-01,HIGH,1515047671,353007020.0,1162040651.0,23.3,76.7,5.0,1.0,0.3037819887765699,2.0,-2.0,False,False,False,False,Deckard Shaw seeks revenge against Dominic Toretto and his family for his comatose brother.,https://www.boxofficemojo.com/year/world/2015/,True,en,/Users/cedricroetheli/Desktop/BA Cédric/Input/Code/boxoffice-analysis-pipeline/data/raw/subtitles/2015_Furious_7_tt2820852_5085273.srt,Dominic Toretto and his family,collective_civilian,Deckard Shaw,individual_civilian,Dominic Toretto and his family,1,0,2,1,medium,False,0,False,False,0,0,9,0.0,0.0,success,,
2015,4,Avengers: Age of Ultron,763,99861.0,tt2395427,Avengers: Age of Ultron,2015-04-22,HIGH,1402805868,459005868.0,943800000.0,32.7,67.3,3.0,4.0,0.4863380673871583,-1.0,0.0,False,False,False,False,"When Tony Stark tries to jumpstart a dormant peacekeeping program, things go awry and Earth’s Mightiest Heroes are put to the ultimate test as the fate of the planet hangs in the balance. As the villainous Ultron emerges, it is up to The Avengers to stop him from enacting his terrible plans, and soon uneasy alliances and unexpected action pave the way for an epic and unique global adventure.",https://www.boxofficemojo.com/year/world/2015/,True,en,/Users/cedricroetheli/Desktop/BA Cédric/Input/Code/boxoffice-analysis-pipeline/data/raw/subtitles/2015_Avengers_Age_of_Ultron_tt2395427_6770820.srt,The Avengers,collective_civilian,Ultron,non_human,the planet,3,3,3,6,high,False,0,False,False,0,0,17,0.0,0.0,success,,
2015,5,Minions,764,211672.0,tt2293640,Minions,2015-06-17,HIGH,1159398397,336045770.0,823352627.0,29.0,71.0,6.0,5.0,0.408143192819375,1.0,0.0,False,False,False,False,"Minions Stuart, Kevin and Bob are recruited by Scarlet Overkill, a super-villain who, alongside her inventor husband Herb, hatches a plot to take over the world.",https://www.boxofficemojo.com/year/world/2015/,True,en,/Users/cedricroetheli/Desktop/BA Cédric/Input/Code/boxoffice-analysis-pipeline/data/raw/subtitles/2015_Minions_tt2293640_1144899.srt,"Stuart, Kevin and Bob",collective_civilian,Scarlet Overkill,individual_civilian,the world,3,3,3,6,medium,False,0,False,False,0,0,9,0.0,0.0,success,,
2015,6,Spectre,765,206647.0,tt2379713,Spectre,2015-10-26,HIGH,880674609,200074609.0,680600000.0,22.7,77.3,10.0,6.0,0.2939679826623567,4.0,0.0,False,False,False,False,"A cryptic message from Bond’s past sends him on a trail to uncover a sinister organization. While M battles political forces to keep the secret service alive, Bond peels back the layers of deceit to reveal the terrible truth behind SPECTRE.",https://www.boxofficemojo.com/year/world/2015/,True,en,/Users/cedricroetheli/Desktop/BA Cédric/Input/Code/boxoffice-analysis-pipeline/data/raw/subtitles/2015_Spectre_tt2379713_6803427.srt,James Bond,state_military,SPECTRE,collective_civilian,the secret service,1,1,2,2,medium,True,1,False,True,0,1,11,0.0,0.0909090909090909,success,,
2015,7,Inside Out,766,150540.0,tt2096673,Inside Out,2015-06-17,HIGH,858294430,356461711.0,501832719.0,41.5,58.5,4.0,7.0,0.7103197888537833,-3.0,0.0,False,False,False,False,"When 11-year-old Riley moves to a new city, her Emotions team up to help her through the transition. Joy, Fear, Anger, Disgust and Sadness work together, but when Joy and Sadness get lost, they must journey through unfamiliar places to get back home.",https://www.boxofficemojo.com/year/world/2015/,True,en,/Users/cedricroetheli/Desktop/BA Cédric/Input/Code/boxoffice-analysis-pipeline/data/raw/subtitles/2015_Inside_Out_tt2096673_9238488.srt,Joy and Sadness,non_human,Riley's emotional crisis from the move,none,Riley,0,0,0,0,medium,False,0,False,False,0,0,23,0.0,0.0,success_with_warnings,villain_actor unresolved (none),
2015,8,Mission: Impossible - Rogue Nation,767,177677.0,tt2381249,Mission: Impossible - Rogue Nation,2015-07-28,HIGH,682714267,195042377.0,487671890.0,28.6,71.4,11.0,8.0,0.3999459083032241,3.0,0.0,False,False,False,False,"Ethan and team take on their most impossible mission yet—eradicating 'The Syndicate', an International and highly-skilled rogue organization committed to destroying the IMF.",https://www.boxofficemojo.com/year/world/2015/,True,en,/Users/cedricroetheli/Desktop/BA Cédric/Input/Code/boxoffice-analysis-pipeline/data/raw/subtitles/2015_Mission_Impossible_Rogue_Nation_tt2381249_7421473.srt,Ethan and team,collective_civilian,The Syndicate,collective_civilian,the IMF,1,1,2,2,high,True,1,False,True,0,1,24,0.0,0.0416666666666666,success,,
2015,9,The Hunger Games: Mockingjay - Part 2,768,131634.0,tt1951266,The Hunger Games: Mockingjay - Part 2,2015-11-18,HIGH,653428261,281723902.0,371704359.0,43.1,56.9,7.0,12.0,0.7579246656077014,-2.0,3.0,False,False,False,False,"As the war between the Capitol and the districts reaches its peak, Katniss Everdeen embarks on a perilous mission to liberate Panem and confront President Snow. Joined by a team of trusted allies, she navigates deadly traps, shifting loyalties, and the heavy cost of rebellion, determined to bring freedom to her people and end the Hunger Games once and for all.",https://www.boxofficemojo.com/year/world/2015/,True,en,/Users/cedricroetheli/Desktop/BA Cédric/Input/Code/boxoffice-analysis-pipeline/data/raw/subtitles/2015_The_Hunger_Games_Mockingjay_Part_2_tt1951266_898051.srt,Katniss Everdeen,individual_civilian,President Snow and the Capitol,state_military,the people of Panem,2,2,1,4,high,True,1,True,True,1,1,10,0.1,0.1,success,,
2015,10,The Martian,769,286217.0,tt3659388,The Martian,2015-09-30,HIGH,630161890,228433663.0,401728227.0,36.2,63.8,8.0,10.0,0.5686273645889464,-2.0,0.0,False,False,False,False,"During a manned mission to Mars, Astronaut Mark Watney is presumed dead after a fierce storm and left behind by his crew. But Watney has survived and finds himself stranded and alone on the hostile planet. With only meager supplies, he must draw upon his ingenuity, wit and spirit to subsist and find a way to signal to Earth that he is alive.",https://www.boxofficemojo.com/year/world/2015/,True,en,/Users/cedricroetheli/Desktop/BA Cédric/Input/Code/boxoffice-analysis-pipeline/data/raw/subtitles/2015_The_Martian_tt3659388_5277724.srt,Mark Watney,individual_civilian,the hostile Martian environment,non_human,Mark Watney,0,0,2,0,high,False,0,False,False,0,0,22,0.0,0.0,success,,
2015,11,Fifty Shades of Grey,770,216015.0,tt2322441,Fifty Shades of Grey,2015-02-11,HIGH,569651467,166167230.0,403484237.0,29.2,70.8,17.0,9.0,0.41183078485418,6.0,-2.0,False,False,False,False,"When college senior Anastasia Steele steps in for her sick roommate to interview prominent businessman Christian Grey for their campus paper, little does she realize the path her life will take. Christian, as enigmatic as he is rich and powerful, finds himself strangely drawn to Ana, and she to him. Though sexually inexperienced, Ana plunges headlong into an affair -- and learns that Christian's true sexual proclivities push the boundaries of pain and pleasure.",https://www.boxofficemojo.com/year/world/2015/,True,en,/Users/cedricroetheli/Desktop/BA Cédric/Input/Code/boxoffice-analysis-pipeline/data/raw/subtitles/2015_Fifty_Shades_of_Grey_tt2322441_5063159.srt,Anastasia Steele,individual_civilian,Christian Grey's sexual proclivities,individual_civilian,Anastasia Steele,0,0,0,0,medium,True,1,False,True,0,1,10,0.0,0.1,success,,
2015,12,Cinderella,771,150689.0,tt1661199,Cinderella,2015-03-06,HIGH,542351353,201151353.0,341200000.0,37.1,62.9,9.0,15.0,0.5895408939038687,-3.0,3.0,False,False,False,False,"When her father unexpectedly passes away, young Ella finds herself at the mercy of her cruel stepmother and her daughters. Never one to give up hope, Ella's fortunes begin to change after meeting a dashing stranger in the woods.",https://www.boxofficemojo.com/year/world/2015/,True,en,/Users/cedricroetheli/Desktop/BA Cédric/Input/Code/boxoffice-analysis-pipeline/data/raw/subtitles/2015_Cinderella_tt1661199_6675334.srt,Ella,individual_civilian,her cruel stepmother and her daughters,collective_civilian,Ella,0,0,0,0,high,False,0,False,False,0,0,15,0.0,0.0,success,,
2015,13,The Revenant,772,281957.0,tt1663202,The Revenant,2015-12-25,HIGH,532950503,183637894.0,349312609.0,34.5,65.5,13.0,14.0,0.5257121823506806,0.0,1.0,False,False,False,False,"In the 1820s, a frontiersman, Hugh Glass, sets out on a path of vengeance against those who left him for dead after a bear mauling.",https://www.boxofficemojo.com/year/world/2015/,True,en,/Users/cedricroetheli/Desktop/BA Cédric/Input/Code/boxoffice-analysis-pipeline/data/raw/subtitles/2015_The_Revenant_tt1663202_6545138.srt,Hugh Glass,individual_civilian,those who left Hugh Glass for dead,collective_civilian,Hugh Glass,0,0,0,0,medium,True,2,True,True,2,2,37,0.054054054054054,0.054054054054054,success,,
2015,14,Ant-Man,773,102899.0,tt0478970,Ant-Man,2015-07-14,HIGH,519311965,180202163.0,339109802.0,34.7,65.3,14.0,16.0,0.5313976828071753,0.0,2.0,False,False,False,False,"Armed with the astonishing ability to shrink in scale but increase in strength, master thief Scott Lang must embrace his inner-hero and help his mentor, Doctor Hank Pym, protect the secret behind his spectacular Ant-Man suit from a new generation of towering threats. Against seemingly insurmountable obstacles, Pym and Lang must plan and pull off a heist that will save the world.",https://www.boxofficemojo.com/year/world/2015/,True,en,/Users/cedricroetheli/Desktop/BA Cédric/Input/Code/boxoffice-analysis-pipeline/data/raw/subtitles/2015_Ant_Man_tt0478970_871377.srt,Scott Lang,individual_civilian,the new generation of towering threats seeking the Ant-Man suit secret,corporate_institutional,the world,3,3,3,6,medium,False,0,False,False,0,0,17,0.0,0.0,success,,
2015,15,Hotel Transylvania 2,774,159824.0,tt2510894,Hotel Transylvania 2,2015-09-21,HIGH,474800000,169700110.0,305099890.0,35.7,64.3,16.0,18.0,0.5562116394076707,1.0,3.0,False,False,False,False,"When the old-old-old-fashioned vampire Vlad arrives at the hotel for an impromptu family get-together, Hotel Transylvania is in for a collision of supernatural old-school and modern day cool.",https://www.boxofficemojo.com/year/world/2015/,True,en,/Users/cedricroetheli/Desktop/BA Cédric/Input/Code/boxoffice-analysis-pipeline/data/raw/subtitles/2015_Hotel_Transylvania_2_tt2510894_4872653.srt,Dracula and the Hotel Transylvania family,collective_civilian,Vlad,individual_civilian,Dracula's family and Hotel Transylvania,1,0,0,1,medium,False,0,False,False,0,0,16,0.0,0.0,success,,
2015,16,San Andreas,775,254128.0,tt2126355,San Andreas,2015-05-27,HIGH,474590832,155190832.0,319400000.0,32.7,67.3,20.0,17.0,0.4858823794614903,4.0,1.0,False,False,False,False,"In the aftermath of a massive earthquake in California, a rescue-chopper pilot makes a dangerous journey across the state in order to rescue his estranged daughter.",https://www.boxofficemojo.com/year/world/2015/,True,en,/Users/cedricroetheli/Desktop/BA Cédric/Input/Code/boxoffice-analysis-pipeline/data/raw/subtitles/2015_San_Andreas_tt2126355_1138673.srt,a rescue-chopper pilot,state_military,a massive earthquake in California,non_human,his estranged daughter,0,0,1,0,high,False,0,False,False,0,0,25,0.0,0.0,success,,
2015,17,Terminator Genisys,776,87101.0,tt1340138,Terminator Genisys,2015-06-23,HIGH,440603537,89760956.0,350842581.0,20.4,79.6,33.0,13.0,0.255843962110175,16.0,-4.0,False,False,False,False,"The year is 2029. John Connor, leader of the resistance continues the war against the machines. At the Los Angeles offensive, John's fears of the unknown future begin to emerge when TECOM spies reveal a new plot by SkyNet that will attack him from both fronts; past and future, and will ultimately change warfare forever.",https://www.boxofficemojo.com/year/world/2015/,True,en,/Users/cedricroetheli/Desktop/BA Cédric/Input/Code/boxoffice-analysis-pipeline/data/raw/subtitles/2015_Terminator_Genisys_tt1340138_1126014.srt,John Connor,state_military,SkyNet,non_human,the human resistance,2,1,1,3,medium,False,0,False,False,0,0,13,0.0,0.0,success,,
2015,18,Kingsman: The Secret Service,777,207703.0,tt2802144,Kingsman: The Secret Service,2015-01-24,HIGH,414351546,128261724.0,286089822.0,31.0,69.0,25.0,19.0,0.4483267636134221,7.0,1.0,False,False,False,False,The story of a super-secret spy organization that recruits an unrefined but promising street kid into the agency's ultra-competitive training program just as a global threat emerges from a twisted tech genius.,https://www.boxofficemojo.com/year/world/2015/,True,en,/Users/cedricroetheli/Desktop/BA Cédric/Input/Code/boxoffice-analysis-pipeline/data/raw/subtitles/2015_Kingsman_The_Secret_Service_tt2802144_6569607.srt,the Kingsman organization and its recruit,collective_civilian,the twisted tech genius,individual_civilian,the world,3,3,3,6,high,True,1,False,True,0,1,12,0.0,0.0833333333333333,success,,
2015,19,Monster Hunt,778,334298.0,tt3781476,Monster Hunt,2015-07-16,HIGH,387053506,32766.0,387020740.0,0.1,100.0,164.0,11.0,8.466212947657533e-05,145.0,-8.0,False,False,False,False,Young monster kids try to make peace between the world of humans and the world of the monsters.,https://www.boxofficemojo.com/year/world/2015/,True,en,/Users/cedricroetheli/Desktop/BA Cédric/Input/Code/boxoffice-analysis-pipeline/data/raw/subtitles/2015_Monster_Hunt_tt3781476_3929429.srt,young monster kids,non_human,conflict between humans and monsters,collective_civilian,the world of humans and the world of the monsters,2,3,1,5,medium,False,0,False,False,0,0,2,0.0,0.0,success,,
2015,20,Home,779,228161.0,tt2224026,Home,2015-03-18,HIGH,386041607,177397510.0,208644097.0,46.0,54.0,15.0,27.0,0.8502397745765125,-5.0,7.0,False,False,False,False,"When Earth is taken over by the overly-confident Boov, an alien race in search of a new place to call home, all humans are promptly relocated, while all Boov get busy reorganizing the planet. But when one resourceful girl, Tip, manages to avoid capture, she finds herself the accidental accomplice of a banished Boov named Oh. The two fugitives realize there’s a lot more at stake than intergalactic relations as they embark on the road trip of a lifetime.",https://www.boxofficemojo.com/year/world/2015/,True,en,/Users/cedricroetheli/Desktop/BA Cédric/Input/Code/boxoffice-analysis-pipeline/data/raw/subtitles/2015_Home_tt2224026_1013445.srt,Tip and Oh,collective_civilian,the Boov,non_human,humans on Earth,3,2,3,5,medium,False,0,False,False,0,0,10,0.0,0.0,success,,
2016,1,Captain America: Civil War,780,271110.0,tt3498820,Captain America: Civil War,2016-04-27,HIGH,1153296293,408084349.0,745211944.0,35.4,64.6,3.0,1.0,0.5476084384927679,2.0,0.0,False,False,False,False,"Following the events of Age of Ultron, the collective governments of the world pass an act designed to regulate all superhuman activity. This polarizes opinion amongst the Avengers, causing two factions to side with Iron Man or Captain America, which causes an epic battle between former allies.",https://www.boxofficemojo.com/year/world/2016/,True,en,/Users/cedricroetheli/Desktop/BA Cédric/Input/Code/boxoffice-analysis-pipeline/data/raw/subtitles/2016_Captain_America_Civil_War_tt3498820_6537189.srt,Captain America,individual_civilian,the Avengers' internal split over superhuman regulation,collective_civilian,the Avengers,1,1,2,2,medium,False,0,False,False,0,0,8,0.0,0.0,success,,
2016,2,Rogue One: A Star Wars Story,781,330459.0,tt3748528,Rogue One: A Star Wars Story,2016-12-14,HIGH,1056057273,532177324.0,523879949.0,50.4,49.6,1.0,8.0,1.0158383137507712,-1.0,6.0,False,False,False,False,A rogue band of resistance fighters unite for a mission to steal the Death Star plans and bring a new hope to the galaxy.,https://www.boxofficemojo.com/year/world/2016/,True,en,/Users/cedricroetheli/Desktop/BA Cédric/Input/Code/boxoffice-analysis-pipeline/data/raw/subtitles/2016_Rogue_One_A_Star_Wars_Story_tt3748528_8735589.srt,a rogue band of resistance fighters,collective_civilian,the Empire and the Death Star threat,state_military,the galaxy,3,3,3,6,high,True,1,True,True,1,1,15,0.0666666666666666,0.0666666666666666,success,,
2016,3,Finding Dory,782,127380.0,tt2277860,Finding Dory,2016-06-16,HIGH,1028570889,486295561.0,542275328.0,47.3,52.7,2.0,7.0,0.8967687370058628,-1.0,4.0,False,False,False,False,Dory is reunited with her friends Nemo and Marlin in the search for answers about her past. What can she remember? Who are her parents? And where did she learn to speak Whale?,https://www.boxofficemojo.com/year/world/2016/,True,en,/Users/cedricroetheli/Desktop/BA Cédric/Input/Code/boxoffice-analysis-pipeline/data/raw/subtitles/2016_Finding_Dory_tt2277860_5291972.srt,Dory,non_human,Dory's memory loss and separation from her parents,none,Dory and her parents,1,0,0,1,medium,False,0,False,False,0,0,9,0.0,0.0,success_with_warnings,villain_actor unresolved (none),
2016,4,Zootopia,783,269149.0,tt2948356,Zootopia,2016-02-11,HIGH,1023784195,341268248.0,682515947.0,33.3,66.7,7.0,2.0,0.5000150538607122,3.0,-2.0,False,False,False,False,"Determined to prove herself, Officer Judy Hopps, the first bunny on Zootopia's police force, jumps at the chance to crack her first case - even if it means partnering with scam-artist fox Nick Wilde to solve the mystery.",https://www.boxofficemojo.com/year/world/2016/,True,en,/Users/cedricroetheli/Desktop/BA Cédric/Input/Code/boxoffice-analysis-pipeline/data/raw/subtitles/2016_Zootopia_tt2948356_8542761.srt,Officer Judy Hopps,individual_civilian,the party behind the mystery,none,the missing mammals / Zootopia community,1,1,0,2,medium,True,1,True,True,1,1,31,0.032258064516129,0.032258064516129,success_with_warnings,villain_actor unresolved (none),
2016,5,The Jungle Book,784,278927.0,tt3040964,The Jungle Book,2016-04-07,HIGH,966550600,364001123.0,602549477.0,37.7,62.3,5.0,3.0,0.6041016329684741,0.0,-2.0,False,False,False,False,"After a threat from the tiger Shere Khan, Mowgli, a man-cub fostered by wolves, is forced to flee the jungle, and he embarks on a journey of self-discovery with the help of the panther, Bagheera, and the free-spirited bear, Baloo.",https://www.boxofficemojo.com/year/world/2016/,True,en,/Users/cedricroetheli/Desktop/BA Cédric/Input/Code/boxoffice-analysis-pipeline/data/raw/subtitles/2016_The_Jungle_Book_tt3040964_1420815.srt,Mowgli,non_human,Shere Khan,non_human,Mowgli,0,0,0,0,high,False,0,False,False,0,0,18,0.0,0.0,success,,
2016,6,The Secret Life of Pets,785,328111.0,tt2709768,The Secret Life of Pets,2016-06-18,HIGH,875697467,368623860.0,507073607.0,42.1,57.9,4.0,9.0,0.7269632158157268,-2.0,3.0,False,False,False,False,"The quiet life of a terrier named Max is upended when his owner takes in Duke, a stray whom Max instantly dislikes.",https://www.boxofficemojo.com/year/world/2016/,True,en,/Users/cedricroetheli/Desktop/BA Cédric/Input/Code/boxoffice-analysis-pipeline/data/raw/subtitles/2016_The_Secret_Life_of_Pets_tt2709768_3690238.srt,Max,non_human,Duke,non_human,Max,0,0,0,0,medium,False,0,False,False,0,0,12,0.0,0.0,success,,
2016,7,Batman v Superman: Dawn of Justice,786,209112.0,tt2975590,Batman v Superman: Dawn of Justice,2016-03-23,HIGH,874360194,330360194.0,544000000.0,37.8,62.2,8.0,6.0,0.607279768382353,1.0,-1.0,False,False,False,False,"Fearing the actions of a god-like Super Hero left unchecked, Gotham City’s own formidable, forceful vigilante takes on Metropolis’s most revered, modern-day savior, while the world wrestles with what sort of hero it really needs. And with Batman and Superman at war with one another, a new threat quickly arises, putting mankind in greater danger than it’s ever known before.",https://www.boxofficemojo.com/year/world/2016/,True,en,/Users/cedricroetheli/Desktop/BA Cédric/Input/Code/boxoffice-analysis-pipeline/data/raw/subtitles/2016_Batman_v_Superman_Dawn_of_Justice_tt2975590_1032546.srt,Batman and Superman,collective_civilian,a new threat,non_human,mankind,3,3,3,6,medium,False,0,False,False,0,0,6,0.0,0.0,success,,
2016,8,Fantastic Beasts and Where to Find Them,787,259316.0,tt3183660,Fantastic Beasts and Where to Find Them,2016-11-16,HIGH,816037575,234037575.0,582000000.0,28.7,71.3,12.0,4.0,0.4021264175257732,4.0,-4.0,False,False,False,False,"In 1926, Newt Scamander arrives at the Magical Congress of the United States of America with a magically expanded briefcase, which houses a number of dangerous creatures and their habitats. When the creatures escape from the briefcase, it sends the American wizarding authorities after Newt, and threatens to strain even further the state of magical and non-magical relations.",https://www.boxofficemojo.com/year/world/2016/,True,en,/Users/cedricroetheli/Desktop/BA Cédric/Input/Code/boxoffice-analysis-pipeline/data/raw/subtitles/2016_Fantastic_Beasts_and_Where_to_Find_Them_tt3183660_4378265.srt,Newt Scamander,individual_civilian,escaped magical creatures,non_human,magical and non-magical relations in America,2,2,1,4,medium,False,0,False,False,0,0,17,0.0,0.0,success,,
2016,9,Deadpool,788,293660.0,tt1431045,Deadpool,2016-02-09,HIGH,782612155,363070709.0,419541446.0,46.4,53.6,6.0,12.0,0.86539890745383,-3.0,3.0,False,False,False,False,"The origin story of former Special Forces operative turned mercenary Wade Wilson, who, after being subjected to a rogue experiment that leaves him with accelerated healing powers, adopts the alter ego Deadpool. Armed with his new abilities and a dark, twisted sense of humor, Deadpool hunts down the man who nearly destroyed his life.",https://www.boxofficemojo.com/year/world/2016/,True,en,/Users/cedricroetheli/Desktop/BA Cédric/Input/Code/boxoffice-analysis-pipeline/data/raw/subtitles/2016_Deadpool_tt1431045_6524762.srt,Wade Wilson / Deadpool,individual_civilian,the man who nearly destroyed Wade Wilson's life,individual_civilian,Wade Wilson,0,0,0,0,high,True,1,False,True,0,1,6,0.0,0.1666666666666666,success,,
2016,10,Suicide Squad,789,297761.0,tt1386697,Suicide Squad,2016-08-03,HIGH,749200054,325100054.0,424100000.0,43.4,56.6,9.0,11.0,0.766564616835652,-1.0,1.0,False,False,False,False,"From DC Comics comes the Suicide Squad, an antihero team of incarcerated supervillains who act as deniable assets for the United States government, undertaking high-risk black ops missions in exchange for commuted prison sentences.",https://www.boxofficemojo.com/year/world/2016/,True,en,/Users/cedricroetheli/Desktop/BA Cédric/Input/Code/boxoffice-analysis-pipeline/data/raw/subtitles/2016_Suicide_Squad_tt1386697_4871019.srt,Suicide Squad,collective_civilian,unresolved black ops threat,none,the United States government and public it seeks to protect,2,2,1,4,medium,True,1,False,True,0,1,6,0.0,0.1666666666666666,success_with_warnings,villain_actor unresolved (none),
2016,11,Doctor Strange,790,284052.0,tt1211837,Doctor Strange,2016-10-25,HIGH,677718395,232641920.0,445076475.0,34.3,65.7,13.0,10.0,0.522701003237702,2.0,-1.0,False,False,False,False,"After his career is destroyed, a brilliant but arrogant surgeon gets a new lease on life when a sorcerer takes him under her wing and trains him to defend the world against evil.",https://www.boxofficemojo.com/year/world/2016/,True,en,/Users/cedricroetheli/Desktop/BA Cédric/Input/Code/boxoffice-analysis-pipeline/data/raw/subtitles/2016_Doctor_Strange_tt1211837_5076404.srt,Doctor Strange,individual_civilian,evil,non_human,the world,3,3,3,6,medium,False,0,False,False,0,0,14,0.0,0.0,success,,
2016,12,Moana,791,277834.0,tt3521164,Moana,2016-10-13,HIGH,643331111,248757044.0,394574067.0,38.7,61.3,11.0,13.0,0.6304444838236163,-1.0,1.0,False,False,False,False,"In Ancient Polynesia, when a terrible curse incurred by Maui reaches an impetuous Chieftain's daughter's island, she answers the Ocean's call to seek out the demigod to set things right.",https://www.boxofficemojo.com/year/world/2016/,True,en,/Users/cedricroetheli/Desktop/BA Cédric/Input/Code/boxoffice-analysis-pipeline/data/raw/subtitles/2016_Moana_tt3521164_7591051.srt,Moana,individual_civilian,the curse incurred by Maui,non_human,Moana's island,1,0,0,1,medium,False,0,False,False,0,0,23,0.0,0.0,success,,
2016,13,Sing,792,335797.0,tt3470600,Sing,2016-11-23,HIGH,634151679,270395425.0,363756254.0,42.6,57.4,10.0,17.0,0.74334233989555,-3.0,4.0,False,False,False,False,A koala named Buster recruits his best friend to help him drum up business for his theater by hosting a singing competition.,https://www.boxofficemojo.com/year/world/2016/,True,en,/Users/cedricroetheli/Desktop/BA Cédric/Input/Code/boxoffice-analysis-pipeline/data/raw/subtitles/2016_Sing_tt3470600_1163960.srt,Buster,non_human,financial failure of the theater,none,Buster's theater,0,0,0,0,medium,False,0,False,False,0,0,8,0.0,0.0,success_with_warnings,villain_actor unresolved (none),
2016,14,The Mermaid,793,381890.0,tt4701660,The Mermaid,2016-02-08,HIGH,553810228,3232685.0,550577543.0,0.6,99.4,135.0,5.0,0.005871443616072,121.0,-9.0,False,False,False,False,"When Xuan's real estate project threatens the home of mermaids, Shan is sent to stop him. When they fall in love, he is encouraged to cancel the project. However, he must save them from bigger danger.",https://www.boxofficemojo.com/year/world/2016/,True,en,/Users/cedricroetheli/Desktop/BA Cédric/Input/Code/boxoffice-analysis-pipeline/data/raw/subtitles/2016_The_Mermaid_tt4701660_3383384.srt,Shan,individual_civilian,Xuan's real estate project,corporate_institutional,the mermaids,1,0,0,1,medium,False,0,False,False,0,0,1,0.0,0.0,success,,
2016,15,X-Men: Apocalypse,794,246655.0,tt3385516,X-Men: Apocalypse,2016-05-18,HIGH,543934105,155442489.0,388491616.0,28.6,71.4,17.0,15.0,0.4001180015169233,2.0,0.0,False,False,False,False,"After the re-emergence of the world's first mutant, world-destroyer Apocalypse, the X-Men must unite to defeat his extinction level plan.",https://www.boxofficemojo.com/year/world/2016/,True,en,/Users/cedricroetheli/Desktop/BA Cédric/Input/Code/boxoffice-analysis-pipeline/data/raw/subtitles/2016_X_Men_Apocalypse_tt3385516_9477290.srt,the X-Men,collective_civilian,Apocalypse,non_human,the world,3,3,3,6,high,False,0,False,False,0,0,11,0.0,0.0,success,,
2016,16,Kung Fu Panda 3,795,140300.0,tt2267968,Kung Fu Panda 3,2016-01-23,HIGH,521170825,143528619.0,377642206.0,27.5,72.5,20.0,16.0,0.3800650899703726,4.0,0.0,False,False,False,False,"While Po and his father are visiting a secret panda village, an evil spirit threatens all of China, forcing Po to form a ragtag army to fight back.",https://www.boxofficemojo.com/year/world/2016/,True,en,/Users/cedricroetheli/Desktop/BA Cédric/Input/Code/boxoffice-analysis-pipeline/data/raw/subtitles/2016_Kung_Fu_Panda_3_tt2267968_153989.srt,Po,individual_civilian,an evil spirit,non_human,all of China,2,2,1,4,high,False,0,False,False,0,0,15,0.0,0.0,success,,
2016,17,La La Land,796,313369.0,tt3783958,La La Land,2016-12-01,HIGH,447407695,151101803.0,296305892.0,33.8,66.2,19.0,20.0,0.5099520700722346,2.0,3.0,False,False,False,False,"Mia, an aspiring actress, serves lattes to movie stars in between auditions and Sebastian, a jazz musician, scrapes by playing cocktail party gigs in dingy bars, but as success mounts they are faced with decisions that begin to fray the fragile fabric of their love affair, and the dreams they worked so hard to maintain in each other threaten to rip them apart.",https://www.boxofficemojo.com/year/world/2016/,True,en,/Users/cedricroetheli/Desktop/BA Cédric/Input/Code/boxoffice-analysis-pipeline/data/raw/subtitles/2016_La_La_Land_tt3783958_6541977.srt,Mia and Sebastian,collective_civilian,their conflicting ambitions and career pressures,none,their love affair,0,0,0,0,medium,False,0,False,False,0,0,26,0.0,0.0,success_with_warnings,villain_actor unresolved (none),
2016,18,Warcraft,797,68735.0,tt0803096,Warcraft,2016-05-25,HIGH,439048914,47365290.0,391683624.0,10.8,89.2,68.0,14.0,0.1209274197279179,50.0,-4.0,False,False,False,False,"The peaceful realm of Azeroth stands on the brink of war as its civilization faces a fearsome race of invaders: orc warriors fleeing their dying home to colonize another. As a portal opens to connect the two worlds, one army faces destruction and the other faces extinction. From opposing sides, two heroes are set on a collision course that will decide the fate of their family, their people, and their home.",https://www.boxofficemojo.com/year/world/2016/,True,en,/Users/cedricroetheli/Desktop/BA Cédric/Input/Code/boxoffice-analysis-pipeline/data/raw/subtitles/2016_Warcraft_tt0803096_905258.srt,two heroes from opposing sides,collective_civilian,the invading orc warriors,collective_civilian,the peoples of Azeroth and the invading orcs' people,2,2,2,4,medium,False,0,False,False,0,0,17,0.0,0.0,success,,
2016,19,Jason Bourne,798,324668.0,tt4196776,Jason Bourne,2016-07-27,HIGH,415484914,162434410.0,253050504.0,39.1,60.9,15.0,26.0,0.6419051036547234,-4.0,7.0,False,False,False,False,The most dangerous former operative of the CIA is drawn out of hiding to uncover hidden truths about his past.,https://www.boxofficemojo.com/year/world/2016/,True,en,/Users/cedricroetheli/Desktop/BA Cédric/Input/Code/boxoffice-analysis-pipeline/data/raw/subtitles/2016_Jason_Bourne_tt4196776_727171.srt,Jason Bourne,individual_civilian,the CIA,state_military,Jason Bourne,0,0,2,0,medium,False,0,False,False,0,0,15,0.0,0.0,success,,
2016,20,Ice Age: Collision Course,799,278154.0,tt3416828,Ice Age: Collision Course,2016-06-23,HIGH,408579038,64063008.0,344516030.0,15.7,84.3,48.0,19.0,0.1859507321038153,28.0,-1.0,False,False,False,False,"Set after the events of Continental Drift, Scrat's epic pursuit of his elusive acorn catapults him outside of Earth, where he accidentally sets off a series of cosmic events that transform and threaten the planet. To save themselves from peril, Manny, Sid, Diego, and the rest of the herd leave their home and embark on a quest full of thrills and spills, highs and lows, laughter and adventure while traveling to exotic new lands and locations.",https://www.boxofficemojo.com/year/world/2016/,True,en,/Users/cedricroetheli/Desktop/BA Cédric/Input/Code/boxoffice-analysis-pipeline/data/raw/subtitles/2016_Ice_Age_Collision_Course_tt3416828_69715.srt,"Manny, Sid, Diego, and the herd",collective_civilian,cosmic events accidentally triggered by Scrat,non_human,the planet and its inhabitants,3,3,3,6,high,False,0,False,False,0,0,9,0.0,0.0,success,,
2017,1,Star Wars: Episode VIII - The Last Jedi,800,181808.0,tt2527336,Star Wars: The Last Jedi,2017-12-13,MANUAL_ACCEPTED,1332539889,620181382.0,712358507.0,46.5,53.5,1.0,5.0,0.8706028999524533,0.0,4.0,False,False,False,False,"Rey develops her newly discovered abilities with the guidance of Luke Skywalker, who is unsettled by the strength of her powers. Meanwhile, the Resistance prepares to do battle with the First Order.",https://www.boxofficemojo.com/year/world/2017/,True,en,/Users/cedricroetheli/Desktop/BA Cédric/Input/Code/boxoffice-analysis-pipeline/data/raw/subtitles/2017_Star_Wars_Episode_VIII_The_Last_Jedi_tt2527336_5239849.srt,the Resistance,state_military,the First Order,state_military,the Resistance,1,0,2,1,medium,False,0,False,False,0,0,9,0.0,0.0,success,,
2017,2,Beauty and the Beast,801,321612.0,tt2771200,Beauty and the Beast,2017-03-16,HIGH,1263521126,504014165.0,759506961.0,39.9,60.1,2.0,4.0,0.6636070383560316,0.0,2.0,False,False,False,False,A live-action adaptation of Disney's version of the classic tale of a cursed prince and a beautiful young woman who helps him break the spell.,https://www.boxofficemojo.com/year/world/2017/,True,en,/Users/cedricroetheli/Desktop/BA Cédric/Input/Code/boxoffice-analysis-pipeline/data/raw/subtitles/2017_Beauty_and_the_Beast_tt2771200_964429.srt,Belle,individual_civilian,the Beast's curse,non_human,the cursed prince,0,0,0,0,medium,False,0,False,False,0,0,15,0.0,0.0,success,,
2017,3,The Fate of the Furious,802,337339.0,tt4630562,The Fate of the Furious,2017-04-12,HIGH,1236005118,226008385.0,1009996733.0,18.3,81.7,12.0,1.0,0.2237714020407628,9.0,-2.0,False,False,False,False,"When a mysterious woman seduces Dom into the world of crime and a betrayal of those closest to him, the crew face trials that will test them as never before.",https://www.boxofficemojo.com/year/world/2017/,True,en,/Users/cedricroetheli/Desktop/BA Cédric/Input/Code/boxoffice-analysis-pipeline/data/raw/subtitles/2017_The_Fate_of_the_Furious_tt4630562_5352640.srt,the crew,collective_civilian,a mysterious woman,individual_civilian,those closest to Dom / the crew,1,0,0,1,medium,False,0,False,False,0,0,10,0.0,0.0,success,,
2017,4,Despicable Me 3,803,324852.0,tt3469046,Despicable Me 3,2017-06-15,HIGH,1034799409,264624300.0,770175109.0,25.6,74.4,9.0,3.0,0.3435897848524211,5.0,-1.0,False,False,False,False,Gru and his wife Lucy must stop former '80s child star Balthazar Bratt from achieving world domination.,https://www.boxofficemojo.com/year/world/2017/,True,en,/Users/cedricroetheli/Desktop/BA Cédric/Input/Code/boxoffice-analysis-pipeline/data/raw/subtitles/2017_Despicable_Me_3_tt3469046_4382301.srt,Gru and Lucy,collective_civilian,Balthazar Bratt,individual_civilian,the world,3,3,3,6,high,True,2,False,True,0,2,6,0.0,0.3333333333333333,success,,
2017,5,Jumanji: Welcome to the Jungle,804,353486.0,tt2283362,Jumanji: Welcome to the Jungle,2017-12-09,HIGH,962077546,404515480.0,557562066.0,42.0,58.0,4.0,8.0,0.7255075347970319,-1.0,3.0,False,False,False,False,"Four teenagers in detention discover an old video game console with a game they’ve never heard of. When they decide to play, they are immediately sucked into the jungle world of Jumanji in the bodies of their avatars. They’ll have to complete the adventure of their lives filled with fun, thrills and danger or be stuck in the game forever!",https://www.boxofficemojo.com/year/world/2017/,True,en,/Users/cedricroetheli/Desktop/BA Cédric/Input/Code/boxoffice-analysis-pipeline/data/raw/subtitles/2017_Jumanji_Welcome_to_the_Jungle_tt2283362_1210848.srt,four teenagers trapped in Jumanji,collective_civilian,Jumanji game world,non_human,the four teenagers,1,0,0,1,medium,True,1,False,True,0,1,13,0.0,0.0769230769230769,success,,
2017,6,Spider-Man: Homecoming,805,315635.0,tt2250912,Spider-Man: Homecoming,2017-07-05,HIGH,880166924,334201140.0,545965784.0,38.0,62.0,6.0,9.0,0.612128360043896,0.0,3.0,False,False,False,False,"Following the events of Captain America: Civil War, Peter Parker, with the help of his mentor Tony Stark, tries to balance his life as an ordinary high school student in Queens, New York City, with fighting crime as his superhero alter ego Spider-Man as a new threat, the Vulture, emerges.",https://www.boxofficemojo.com/year/world/2017/,True,en,/Users/cedricroetheli/Desktop/BA Cédric/Input/Code/boxoffice-analysis-pipeline/data/raw/subtitles/2017_Spider_Man_Homecoming_tt2250912_4379642.srt,Peter Parker / Spider-Man,individual_civilian,the Vulture,individual_civilian,"Queens, New York City community",1,1,0,2,medium,False,0,False,False,0,0,12,0.0,0.0,success,,
2017,7,Wolf Warrior 2,806,452557.0,tt7131870,Wolf Warrior 2,2017-07-27,HIGH,870325439,2721100.0,867604339.0,0.3,99.7,120.0,2.0,0.003136337472835,113.0,-5.0,False,False,False,False,"China's deadliest special forces operative settles into a quiet life on the sea. When sadistic mercenaries begin targeting nearby civilians, he must leave his newfound peace behind and return to his duties as a soldier and protector.",https://www.boxofficemojo.com/year/world/2017/,True,en,/Users/cedricroetheli/Desktop/BA Cédric/Input/Code/boxoffice-analysis-pipeline/data/raw/subtitles/2017_Wolf_Warrior_2_tt7131870_5114162.srt,China's deadliest special forces operative,state_military,sadistic mercenaries,collective_civilian,nearby civilians,1,1,0,2,high,False,0,False,False,0,0,2,0.0,0.0,success,,
2017,8,Guardians of the Galaxy Vol. 2,807,283995.0,tt3896198,Guardians of the Galaxy Vol. 2,2017-04-19,HIGH,863756051,389813101.0,473942950.0,45.1,54.9,5.0,12.0,0.8224895021647648,-3.0,4.0,False,False,False,False,The Guardians must fight to keep their newfound family together as they unravel the mysteries of Peter Quill's true parentage.,https://www.boxofficemojo.com/year/world/2017/,True,en,/Users/cedricroetheli/Desktop/BA Cédric/Input/Code/boxoffice-analysis-pipeline/data/raw/subtitles/2017_Guardians_of_the_Galaxy_Vol_2_tt3896198_5112728.srt,the Guardians,collective_civilian,Peter Quill's true parentage,none,the Guardians' newfound family,1,0,0,1,low,False,0,False,False,0,0,9,0.0,0.0,success_with_warnings,villain_actor unresolved (none),
2017,9,Thor: Ragnarok,808,284053.0,tt3501632,Thor: Ragnarok,2017-10-02,HIGH,853977126,315058289.0,538918837.0,36.9,63.1,8.0,10.0,0.5846117585234825,-1.0,1.0,False,False,False,False,"Thor is imprisoned on the other side of the universe and finds himself in a race against time to get back to Asgard to stop Ragnarok, the destruction of his home-world and the end of Asgardian civilization, at the hands of a powerful new threat, the ruthless Hela.",https://www.boxofficemojo.com/year/world/2017/,True,en,/Users/cedricroetheli/Desktop/BA Cédric/Input/Code/boxoffice-analysis-pipeline/data/raw/subtitles/2017_Thor_Ragnarok_tt3501632_5240462.srt,Thor,non_human,Hela,non_human,Asgard and Asgardian civilization,2,2,3,4,high,False,0,False,False,0,0,10,0.0,0.0,success,,
2017,10,Wonder Woman,809,297762.0,tt0451279,Wonder Woman,2017-05-30,HIGH,822963408,412563408.0,410400000.0,50.1,49.9,3.0,14.0,1.005271461988304,-7.0,4.0,False,False,False,False,An Amazon princess comes to the world of Man in the grips of the First World War to confront the forces of evil and bring an end to human conflict.,https://www.boxofficemojo.com/year/world/2017/,True,en,/Users/cedricroetheli/Desktop/BA Cédric/Input/Code/boxoffice-analysis-pipeline/data/raw/subtitles/2017_Wonder_Woman_tt0451279_3251544.srt,Wonder Woman,individual_civilian,the forces of evil,collective_civilian,the world of Man,2,3,2,5,medium,True,1,True,True,1,1,17,0.0588235294117647,0.0588235294117647,success,,
2017,11,Coco,810,354912.0,tt2380307,Coco,2017-10-27,HIGH,814641172,210460015.0,604181157.0,25.8,74.2,13.0,7.0,0.3483392564657557,2.0,-4.0,False,False,False,False,"Despite his family’s baffling generations-old ban on music, Miguel dreams of becoming an accomplished musician like his idol, Ernesto de la Cruz. Desperate to prove his talent, Miguel finds himself in the stunning and colorful Land of the Dead following a mysterious chain of events. Along the way, he meets charming trickster Hector, and together, they set off on an extraordinary journey to unlock the real story behind Miguel's family history.",https://www.boxofficemojo.com/year/world/2017/,True,en,/Users/cedricroetheli/Desktop/BA Cédric/Input/Code/boxoffice-analysis-pipeline/data/raw/subtitles/2017_Coco_tt2380307_6622152.srt,Miguel,individual_civilian,the hidden truth and family history surrounding Ernesto de la Cruz,none,Miguel's family,1,0,0,1,medium,False,0,False,False,0,0,16,0.0,0.0,success_with_warnings,villain_actor unresolved (none),
2017,12,Pirates of the Caribbean: Dead Men Tell No Tales,811,166426.0,tt1790809,Pirates of the Caribbean: Dead Men Tell No Tales,2017-05-23,HIGH,794861794,172558876.0,622302918.0,21.7,78.3,19.0,6.0,0.2772908032547583,7.0,-6.0,False,False,False,False,"Thrust into an all-new adventure, a down-on-his-luck Capt. Jack Sparrow feels the winds of ill-fortune blowing even more strongly when deadly ghost sailors led by his old nemesis, the evil Capt. Salazar, escape from the Devil's Triangle. Jack's only hope of survival lies in seeking out the legendary Trident of Poseidon, but to find it, he must forge an uneasy alliance with a brilliant and beautiful astronomer and a headstrong young man in the British navy.",https://www.boxofficemojo.com/year/world/2017/,True,en,/Users/cedricroetheli/Desktop/BA Cédric/Input/Code/boxoffice-analysis-pipeline/data/raw/subtitles/2017_Pirates_of_the_Caribbean_Dead_Men_Tell_No_Tales_tt1790809_4878510.srt,Capt. Jack Sparrow,individual_civilian,Capt. Salazar and his ghost sailors,collective_civilian,Capt. Jack Sparrow,0,0,2,0,high,False,0,False,False,0,0,8,0.0,0.0,success,,
2017,13,It,812,346364.0,tt1396484,It,2017-09-06,HIGH,702781748,327481748.0,375300000.0,46.6,53.4,7.0,17.0,0.8725865920596856,-6.0,4.0,False,False,False,False,"In a small town in Maine, seven children known as The Losers Club come face to face with life problems, bullies and a monster that takes the shape of a clown called Pennywise.",https://www.boxofficemojo.com/year/world/2017/,True,en,/Users/cedricroetheli/Desktop/BA Cédric/Input/Code/boxoffice-analysis-pipeline/data/raw/subtitles/2017_It_tt1396484_1035170.srt,The Losers Club,collective_civilian,Pennywise,non_human,The Losers Club,1,0,0,1,high,False,0,False,False,0,0,26,0.0,0.0,success,,
2017,14,Justice League,813,141052.0,tt0974015,Justice League,2017-11-15,HIGH,661324295,229024295.0,432300000.0,34.6,65.4,10.0,13.0,0.5297809275965765,-4.0,-1.0,False,False,False,False,"Fuelled by his restored faith in humanity and inspired by Superman's selfless act, Bruce Wayne and Diana Prince assemble a team of metahumans consisting of Barry Allen, Arthur Curry and Victor Stone to face the catastrophic threat of Steppenwolf and the Parademons who are on the hunt for three Mother Boxes on Earth.",https://www.boxofficemojo.com/year/world/2017/,True,en,/Users/cedricroetheli/Desktop/BA Cédric/Input/Code/boxoffice-analysis-pipeline/data/raw/subtitles/2017_Justice_League_tt0974015_5048496.srt,Bruce Wayne and Diana Prince's team of metahumans,collective_civilian,Steppenwolf and the Parademons,non_human,Earth,3,3,3,6,high,False,0,False,False,0,0,7,0.0,0.0,success,,
2017,15,Logan,814,263115.0,tt3315342,Logan,2017-02-28,HIGH,619021436,226277068.0,392744368.0,36.6,63.4,11.0,16.0,0.5761433808772021,-4.0,1.0,False,False,False,False,"In the near future, a weary Logan cares for an ailing Professor X in a hideout on the Mexican border. But Logan's attempts to hide from the world and his legacy are upended when a young mutant arrives, pursued by dark forces.",https://www.boxofficemojo.com/year/world/2017/,True,en,/Users/cedricroetheli/Desktop/BA Cédric/Input/Code/boxoffice-analysis-pipeline/data/raw/subtitles/2017_Logan_tt3315342_4984720.srt,Logan,individual_civilian,dark forces pursuing the young mutant,collective_civilian,the young mutant,0,0,2,0,medium,False,0,False,False,0,0,16,0.0,0.0,success,,
2017,16,Transformers: The Last Knight,815,335988.0,tt3371366,Transformers: The Last Knight,2017-06-16,HIGH,605425157,130168683.0,475256474.0,21.5,78.5,25.0,11.0,0.2738914462425608,9.0,-5.0,False,False,False,False,"Humans and Transformers are at war. Optimus Prime is gone. The key to saving our future lies buried in the secrets of the past, in the hidden history of Transformers on Earth. Saving our world falls upon the shoulders of an unlikely alliance: Cade Yeager; Bumblebee; an English Lord; and an Oxford Professor.",https://www.boxofficemojo.com/year/world/2017/,True,en,/Users/cedricroetheli/Desktop/BA Cédric/Input/Code/boxoffice-analysis-pipeline/data/raw/subtitles/2017_Transformers_The_Last_Knight_tt3371366_4883212.srt,"Cade Yeager, Bumblebee, an English Lord, and an Oxford Professor",collective_civilian,the war between humans and Transformers / the Transformer threat to Earth,non_human,our world,3,3,3,6,medium,False,0,False,False,0,0,11,0.0,0.0,success,,
2017,17,Kong: Skull Island,816,293167.0,tt3731562,Kong: Skull Island,2017-03-08,HIGH,568652812,168052812.0,400600000.0,29.6,70.4,20.0,15.0,0.4195027758362456,3.0,-2.0,False,False,False,False,"Explore the mysterious and dangerous home of the king of the apes as a team of explorers ventures deep inside the treacherous, primordial island.",https://www.boxofficemojo.com/year/world/2017/,True,en,/Users/cedricroetheli/Desktop/BA Cédric/Input/Code/boxoffice-analysis-pipeline/data/raw/subtitles/2017_Kong_Skull_Island_tt3731562_1180987.srt,a team of explorers,collective_civilian,"the dangerous threats of Skull Island, including Kong",non_human,the team of explorers,1,0,0,1,medium,False,0,False,False,0,0,18,0.0,0.0,success,,
2017,18,The Boss Baby,817,295693.0,tt3874544,The Boss Baby,2017-03-23,HIGH,527965936,175003033.0,352962903.0,33.1,66.9,17.0,18.0,0.4958114054269323,-1.0,0.0,False,False,False,False,"A story about how a new baby's arrival impacts a family, told from the point of view of a delightfully unreliable narrator, a wildly imaginative 7 year old named Tim.",https://www.boxofficemojo.com/year/world/2017/,True,en,/Users/cedricroetheli/Desktop/BA Cédric/Input/Code/boxoffice-analysis-pipeline/data/raw/subtitles/2017_The_Boss_Baby_tt3874544_3622593.srt,Tim,individual_civilian,the new baby,individual_civilian,Tim's family,1,0,0,1,medium,False,0,False,False,0,0,8,0.0,0.0,success,,
2017,19,Dunkirk,818,374720.0,tt5013056,Dunkirk,2017-07-19,HIGH,526045546,188045546.0,338000000.0,35.7,64.3,14.0,20.0,0.5563477692307692,-5.0,1.0,False,False,False,False,"The story of the miraculous evacuation of Allied soldiers from Belgium, Britain, Canada and France, who were cut off and surrounded by the German army from the beaches and harbour of Dunkirk between May 26th and June 4th 1940 during World War II.",https://www.boxofficemojo.com/year/world/2017/,True,en,/Users/cedricroetheli/Desktop/BA Cédric/Input/Code/boxoffice-analysis-pipeline/data/raw/subtitles/2017_Dunkirk_tt5013056_5070463.srt,Allied evacuation forces,state_military,the German army,state_military,Allied soldiers cut off at Dunkirk,1,0,2,1,high,True,6,True,True,3,6,33,0.0909090909090909,0.1818181818181818,success,,
2017,20,War for the Planet of the Apes,819,281338.0,tt3450958,War for the Planet of the Apes,2017-07-11,HIGH,490719763,146880162.0,343839601.0,29.9,70.1,22.0,19.0,0.4271763972876411,2.0,-1.0,False,False,False,False,"Caesar and his apes are forced into a deadly conflict with an army of humans led by a ruthless Colonel. After the apes suffer unimaginable losses, Caesar wrestles with his darker instincts and begins his own mythic quest to avenge his kind. As the journey finally brings them face to face, Caesar and the Colonel are pitted against each other in an epic battle that will determine the fate of both their species and the future of the planet.",https://www.boxofficemojo.com/year/world/2017/,True,en,/Users/cedricroetheli/Desktop/BA Cédric/Input/Code/boxoffice-analysis-pipeline/data/raw/subtitles/2017_War_for_the_Planet_of_the_Apes_tt3450958_8542732.srt,Caesar,non_human,the Colonel and his human army,state_military,the apes,2,0,1,2,high,True,5,True,True,4,5,55,0.0727272727272727,0.0909090909090909,success,,
2018,1,Avengers: Infinity War,820,299536.0,tt4154756,Avengers: Infinity War,2018-04-25,HIGH,2048359754,678815482.0,1369544272.0,33.1,66.9,2.0,1.0,0.4956506305624562,1.0,0.0,False,False,False,False,"As the Avengers and their allies have continued to protect the world from threats too large for any one hero to handle, a new danger has emerged from the cosmic shadows: Thanos. A despot of intergalactic infamy, his goal is to collect all six Infinity Stones, artifacts of unimaginable power, and use them to inflict his twisted will on all of reality. Everything the Avengers have fought for has led up to this moment - the fate of Earth and existence itself has never been more uncertain.",https://www.boxofficemojo.com/year/world/2018/,True,en,/Users/cedricroetheli/Desktop/BA Cédric/Input/Code/boxoffice-analysis-pipeline/data/raw/subtitles/2018_Avengers_Infinity_War_tt4154756_6721949.srt,the Avengers and their allies,collective_civilian,Thanos,individual_civilian,all of reality,3,3,3,6,high,False,0,False,False,0,0,13,0.0,0.0,success,,
2018,2,Black Panther,821,284054.0,tt1825683,Black Panther,2018-02-13,HIGH,1346913161,700059566.0,646853595.0,52.0,48.0,1.0,5.0,1.0822534981814549,-1.0,3.0,False,False,False,False,"King T'Challa returns home to the reclusive, technologically advanced African nation of Wakanda to serve as his country's new leader. However, T'Challa soon finds that he is challenged for the throne by factions within his own country as well as without. Using powers reserved to Wakandan kings, T'Challa assumes the Black Panther mantle to join with ex-girlfriend Nakia, the queen-mother, his princess-kid sister, members of the Dora Milaje (the Wakandan 'special forces') and an American secret agent, to prevent Wakanda from being dragged into a world war.",https://www.boxofficemojo.com/year/world/2018/,True,en,/Users/cedricroetheli/Desktop/BA Cédric/Input/Code/boxoffice-analysis-pipeline/data/raw/subtitles/2018_Black_Panther_tt1825683_5274577.srt,T'Challa / Black Panther,individual_civilian,factions challenging for the Wakandan throne,collective_civilian,Wakanda and the wider world threatened by war,2,2,2,4,medium,False,0,False,False,0,0,6,0.0,0.0,success,,
2018,3,Jurassic World: Fallen Kingdom,822,351286.0,tt4881806,Jurassic World: Fallen Kingdom,2018-06-06,HIGH,1308467944,417719760.0,890748184.0,31.9,68.1,4.0,2.0,0.4689538160203535,1.0,-1.0,False,False,False,False,"Three years after Jurassic World was destroyed, Isla Nublar now sits abandoned. When the island's dormant volcano begins roaring to life, Owen and Claire mount a campaign to rescue the remaining dinosaurs from this extinction-level event.",https://www.boxofficemojo.com/year/world/2018/,True,en,/Users/cedricroetheli/Desktop/BA Cédric/Input/Code/boxoffice-analysis-pipeline/data/raw/subtitles/2018_Jurassic_World_Fallen_Kingdom_tt4881806_4885546.srt,Owen and Claire,collective_civilian,the volcanic extinction event on Isla Nublar,non_human,the remaining dinosaurs on Isla Nublar,1,1,0,2,high,False,0,False,False,0,0,10,0.0,0.0,success,,
2018,4,Incredibles 2,823,260513.0,tt3606756,Incredibles 2,2018-06-14,HIGH,1242805359,608581744.0,634223615.0,49.0,51.0,3.0,7.0,0.9595696684993352,-1.0,3.0,False,False,False,False,"Elastigirl springs into action to save the day, while Mr. Incredible faces his greatest challenge yet – taking care of the problems of his three children.",https://www.boxofficemojo.com/year/world/2018/,True,en,/Users/cedricroetheli/Desktop/BA Cédric/Input/Code/boxoffice-analysis-pipeline/data/raw/subtitles/2018_Incredibles_2_tt3606756_4777491.srt,Elastigirl,individual_civilian,unresolved supervillain threat,individual_civilian,the public,2,1,0,3,medium,False,0,False,False,0,0,11,0.0,0.0,success,,
2018,5,Aquaman,824,297802.0,tt1477834,Aquaman,2018-12-07,HIGH,1151961807,335061807.0,816900000.0,29.1,70.9,5.0,3.0,0.4101625743665075,0.0,-2.0,False,False,False,False,"Half-human, half-Atlantean Arthur Curry is taken on the journey of his lifetime to discover if he is worth of being a king.",https://www.boxofficemojo.com/year/world/2018/,True,en,/Users/cedricroetheli/Desktop/BA Cédric/Input/Code/boxoffice-analysis-pipeline/data/raw/subtitles/2018_Aquaman_tt1477834_5045439.srt,Arthur Curry,individual_civilian,the threat to the Atlantean throne and kingdom,none,Atlantis,2,2,1,4,low,False,0,False,False,0,0,14,0.0,0.0,success_with_warnings,villain_actor unresolved (none),
2018,6,Bohemian Rhapsody,825,424694.0,tt1727824,Bohemian Rhapsody,2018-10-24,HIGH,903655259,216428042.0,687227217.0,24.0,76.0,10.0,4.0,0.3149293809182764,4.0,-2.0,False,False,False,False,"Singer Freddie Mercury, guitarist Brian May, drummer Roger Taylor and bass guitarist John Deacon take the music world by storm when they form the rock 'n' roll band Queen in 1970. Hit songs become instant classics. When Mercury's increasingly wild lifestyle starts to spiral out of control, Queen soon faces its greatest challenge yet – finding a way to keep the band together amid the success and excess.",https://www.boxofficemojo.com/year/world/2018/,True,en,/Users/cedricroetheli/Desktop/BA Cédric/Input/Code/boxoffice-analysis-pipeline/data/raw/subtitles/2018_Bohemian_Rhapsody_tt1727824_4975532.srt,Queen,collective_civilian,Freddie Mercury's spiraling lifestyle and internal band tensions,collective_civilian,Queen,1,0,0,1,medium,False,0,False,False,0,0,15,0.0,0.0,success,,
2018,7,Venom,826,335983.0,tt1270797,Venom,2018-09-28,HIGH,856085151,213515506.0,642569645.0,24.9,75.1,13.0,6.0,0.3322838351631129,6.0,-1.0,False,False,False,False,"Investigative journalist Eddie Brock attempts a comeback following a scandal, but accidentally becomes the host of Venom, a violent, super powerful alien symbiote. Soon, he must rely on his newfound powers to protect the world from a shadowy organization looking for a symbiote of their own.",https://www.boxofficemojo.com/year/world/2018/,True,en,/Users/cedricroetheli/Desktop/BA Cédric/Input/Code/boxoffice-analysis-pipeline/data/raw/subtitles/2018_Venom_tt1270797_6528244.srt,Eddie Brock,individual_civilian,the shadowy organization seeking a symbiote,corporate_institutional,the world,3,3,3,6,high,False,0,False,False,0,0,12,0.0,0.0,success,,
2018,8,Mission: Impossible - Fallout,827,353081.0,tt4912910,Mission: Impossible - Fallout,2018-07-25,HIGH,791115104,220159104.0,570956000.0,27.8,72.2,8.0,9.0,0.3855973209844541,0.0,1.0,False,False,False,False,"When an IMF mission ends badly, the world is faced with dire consequences. As Ethan Hunt takes it upon himself to fulfill his original briefing, the CIA begin to question his loyalty and his motives. The IMF team find themselves in a race against time, hunted by assassins while trying to prevent a global catastrophe.",https://www.boxofficemojo.com/year/world/2018/,True,en,/Users/cedricroetheli/Desktop/BA Cédric/Input/Code/boxoffice-analysis-pipeline/data/raw/subtitles/2018_Mission_Impossible_Fallout_tt4912910_7777057.srt,Ethan Hunt,state_military,assassins and the threat behind the failed IMF mission,collective_civilian,the world,3,3,3,6,medium,True,1,False,True,0,1,32,0.0,0.03125,success,,
2018,9,Deadpool 2,828,383498.0,tt5463162,Deadpool 2,2018-05-15,HIGH,734546611,318491426.0,416055185.0,43.4,56.6,6.0,14.0,0.765502840686867,-3.0,5.0,False,False,False,False,Wisecracking mercenary Deadpool battles the evil and powerful Cable and other bad guys to save a boy's life.,https://www.boxofficemojo.com/year/world/2018/,True,en,/Users/cedricroetheli/Desktop/BA Cédric/Input/Code/boxoffice-analysis-pipeline/data/raw/subtitles/2018_Deadpool_2_tt5463162_5350106.srt,Deadpool,individual_civilian,Cable,individual_civilian,a boy,0,1,0,1,high,True,1,False,True,0,1,10,0.0,0.1,success,,
2018,10,Fantastic Beasts: The Crimes of Grindelwald,829,338952.0,tt4123430,Fantastic Beasts: The Crimes of Grindelwald,2018-11-14,HIGH,655755901,159555901.0,496200000.0,24.3,75.7,20.0,11.0,0.3215556247480854,10.0,1.0,False,False,False,False,"Gellert Grindelwald has escaped imprisonment and has begun gathering followers to his cause—elevating wizards above all non-magical beings. The only one capable of putting a stop to him is the wizard he once called his closest friend, Albus Dumbledore. However, Dumbledore will need to seek help from the wizard who had thwarted Grindelwald once before, his former student Newt Scamander, who agrees to help, unaware of the dangers that lie ahead. Lines are drawn as love and loyalty are tested, even among the truest friends and family, in an increasingly divided wizarding world.",https://www.boxofficemojo.com/year/world/2018/,True,en,/Users/cedricroetheli/Desktop/BA Cédric/Input/Code/boxoffice-analysis-pipeline/data/raw/subtitles/2018_Fantastic_Beasts_The_Crimes_of_Grindelwald_tt4123430_4983288.srt,Newt Scamander,individual_civilian,Gellert Grindelwald,individual_civilian,the wizarding world,2,2,2,4,medium,False,0,False,False,0,0,15,0.0,0.0,success,,
2018,11,Ant-Man and the Wasp,830,363088.0,tt5095030,Ant-Man and the Wasp,2018-07-04,HIGH,622674139,216648740.0,406025399.0,34.8,65.2,9.0,15.0,0.5335842056521198,-2.0,4.0,False,False,False,False,"Just when his time under house arrest is about to end, Scott Lang once again puts his freedom at risk to help Hope van Dyne and Dr. Hank Pym dive into the quantum realm and try to accomplish, against time and any chance of success, a very dangerous rescue mission.",https://www.boxofficemojo.com/year/world/2018/,True,en,/Users/cedricroetheli/Desktop/BA Cédric/Input/Code/boxoffice-analysis-pipeline/data/raw/subtitles/2018_Ant_Man_and_the_Wasp_tt5095030_5010724.srt,"Scott Lang, Hope van Dyne, and Dr. Hank Pym",collective_civilian,time and the dangers of the quantum realm,non_human,Janet van Dyne,0,0,0,0,medium,False,0,False,False,0,0,33,0.0,0.0,success,,
2018,12,Ready Player One,831,333339.0,tt1677720,Ready Player One,2018-03-28,HIGH,583490172,137690172.0,445800000.0,23.6,76.4,24.0,13.0,0.3088608613728129,12.0,1.0,False,False,False,False,"When the creator of a popular video game system dies, a virtual contest is created to compete for his fortune.",https://www.boxofficemojo.com/year/world/2018/,True,en,/Users/cedricroetheli/Desktop/BA Cédric/Input/Code/boxoffice-analysis-pipeline/data/raw/subtitles/2018_Ready_Player_One_tt1677720_1219838.srt,contest participants seeking the fortune,collective_civilian,the virtual contest,corporate_institutional,contest participants,1,0,,1,low,False,0,False,False,0,0,17,0.0,0.0,success_with_warnings,conflict_scale unresolved (none),
2018,13,Operation Red Sea,832,460555.0,tt6878882,Operation Red Sea,2018-02-16,HIGH,579330426,1543547.0,577786879.0,0.3,99.7,126.0,8.0,0.0026714815723601,113.0,-5.0,False,False,False,False,"A squad of the Jiaolong Commando Unit - Sea Dragon, a spec ops team of the Chinese Navy, carries out a hostage rescue operation in the nation of Yewaire, on the Arabian Peninsula, and fiercely fights against local rebel groups and Zaka, a terrorist organization.",https://www.boxofficemojo.com/year/world/2018/,True,en,/Users/cedricroetheli/Desktop/BA Cédric/Input/Code/boxoffice-analysis-pipeline/data/raw/subtitles/2018_Operation_Red_Sea_tt6878882_4879286.srt,Jiaolong Commando Unit (Sea Dragon),state_military,local rebel groups and Zaka,collective_civilian,hostages in Yewaire,1,2,2,3,medium,False,0,False,False,0,0,8,0.0,0.0,success,,
2018,14,Detective Chinatown 2,833,505513.0,tt7752454,Detective Chinatown 2,2018-02-16,HIGH,544185156,1983984.0,542201172.0,0.4,99.6,123.0,10.0,0.0036591289404295,109.0,-4.0,False,False,False,False,"Driven by the desire for the huge reward, Tang Ren tricked Qin Feng to New York, to attend the World Detective Contest. Later on, behind the crazy competition, Qin and Tang discovered the real hidden facts of this contest.",https://www.boxofficemojo.com/year/world/2018/,True,en,/Users/cedricroetheli/Desktop/BA Cédric/Input/Code/boxoffice-analysis-pipeline/data/raw/subtitles/2018_Detective_Chinatown_2_tt7752454_4683516.srt,Qin Feng and Tang Ren,collective_civilian,the hidden organizer or force behind the World Detective Contest,none,World Detective Contest participants,1,1,0,2,low,False,0,False,False,0,0,4,0.0,0.0,success_with_warnings,villain_actor unresolved (none),
2018,15,Ralph Breaks the Internet,834,404368.0,tt5848272,Ralph Breaks the Internet,2018-11-20,HIGH,529323962,201091711.0,328232251.0,38.0,62.0,14.0,21.0,0.6126506776447145,-1.0,6.0,False,False,False,False,"Video game bad guy Ralph and fellow misfit Vanellope von Schweetz must risk it all by traveling to the World Wide Web in search of a replacement part to save Vanellope's video game, Sugar Rush. In way over their heads, Ralph and Vanellope rely on the citizens of the internet — the netizens — to help navigate their way, including an entrepreneur named Yesss, who is the head algorithm and the heart and soul of trend-making site BuzzzTube.",https://www.boxofficemojo.com/year/world/2018/,True,en,/Users/cedricroetheli/Desktop/BA Cédric/Input/Code/boxoffice-analysis-pipeline/data/raw/subtitles/2018_Ralph_Breaks_the_Internet_tt5848272_4904814.srt,Ralph and Vanellope von Schweetz,collective_civilian,the threat to Sugar Rush caused by its missing replacement part,non_human,Sugar Rush,0,0,3,0,medium,False,0,False,False,0,0,9,0.0,0.0,success,,
2018,16,The Meg,835,345940.0,tt4779682,The Meg,2018-08-09,HIGH,529243742,145443742.0,383800000.0,27.5,72.5,22.0,16.0,0.3789571182907764,6.0,0.0,False,False,False,False,"A deep sea submersible pilot revisits his past fears in the Mariana Trench, and accidentally unleashes the seventy foot ancestor of the Great White Shark believed to be extinct.",https://www.boxofficemojo.com/year/world/2018/,True,en,/Users/cedricroetheli/Desktop/BA Cédric/Input/Code/boxoffice-analysis-pipeline/data/raw/subtitles/2018_The_Meg_tt4779682_4740568.srt,a deep sea submersible pilot,individual_civilian,the seventy foot ancestor of the Great White Shark,non_human,the submersible crew and people endangered by the unleashed shark,1,1,0,2,medium,False,0,False,False,0,0,14,0.0,0.0,success,,
2018,17,Hotel Transylvania 3: Summer Vacation,836,400155.0,tt5220122,Hotel Transylvania 3: Summer Vacation,2018-06-28,HIGH,528583774,167510016.0,361073758.0,31.7,68.3,19.0,18.0,0.4639218782551348,2.0,1.0,False,False,False,False,"Dracula, Mavis, Johnny and the rest of the Drac Pack take a vacation on a luxury Monster Cruise Ship, where Dracula falls in love with the ship’s captain, Ericka, who’s secretly a descendant of Abraham Van Helsing, the notorious monster slayer.",https://www.boxofficemojo.com/year/world/2018/,True,en,/Users/cedricroetheli/Desktop/BA Cédric/Input/Code/boxoffice-analysis-pipeline/data/raw/subtitles/2018_Hotel_Transylvania_3_Summer_Vacation_tt5220122_5071845.srt,Dracula,individual_civilian,Ericka Van Helsing,individual_civilian,Dracula and the Drac Pack,1,0,2,1,medium,False,0,False,False,0,0,7,0.0,0.0,success,,
2018,18,The Grinch,837,360920.0,tt2709692,The Grinch,2018-11-08,HIGH,512715682,271740675.0,240975007.0,53.0,47.0,7.0,26.0,1.127671613679007,-11.0,8.0,False,False,False,False,The Grinch hatches a scheme to ruin Christmas when the residents of Whoville plan their annual holiday celebration.,https://www.boxofficemojo.com/year/world/2018/,True,en,/Users/cedricroetheli/Desktop/BA Cédric/Input/Code/boxoffice-analysis-pipeline/data/raw/subtitles/2018_The_Grinch_tt2709692_11699614.srt,the residents of Whoville,collective_civilian,the Grinch,individual_civilian,the residents of Whoville,1,0,0,1,medium,False,0,False,False,0,0,6,0.0,0.0,success,,
2018,19,Bumblebee,838,424783.0,tt4701182,Bumblebee,2018-11-22,HIGH,467989645,127195589.0,340794056.0,27.2,72.8,25.0,20.0,0.373233003218812,6.0,1.0,False,False,False,False,"On the run in the year 1987, Bumblebee finds refuge in a junkyard in a small Californian beach town. Charlie, on the cusp of turning 18 and trying to find her place in the world, discovers Bumblebee, battle-scarred and broken.  When Charlie revives him, she quickly learns this is no ordinary yellow VW bug.",https://www.boxofficemojo.com/year/world/2018/,True,en,/Users/cedricroetheli/Desktop/BA Cédric/Input/Code/boxoffice-analysis-pipeline/data/raw/subtitles/2018_Bumblebee_tt4701182_4917811.srt,Charlie,individual_civilian,unresolved hostile pursuers of Bumblebee,non_human,Bumblebee,0,0,0,0,medium,False,0,False,False,0,0,7,0.0,0.0,success,,
2018,20,Dying to Survive,839,532753.0,tt7362036,Dying to Survive,2018-07-06,HIGH,451176639,,451176639.0,,100.0,,12.0,,,-8.0,True,False,False,True,A Chinese leukaemia patient smuggles cheap but untested pharmaceuticals from India to help hundreds of Chinese people suffering from cancer.,https://www.boxofficemojo.com/year/world/2018/,True,en,/Users/cedricroetheli/Desktop/BA Cédric/Input/Code/boxoffice-analysis-pipeline/data/raw/subtitles/2018_Dying_to_Survive_tt7362036_5008973.srt,a Chinese leukaemia patient,individual_civilian,cancer and lack of affordable treatment,non_human,Chinese people suffering from cancer,1,1,1,2,medium,False,0,False,False,0,0,1,0.0,0.0,success,,
2019,1,Avengers: Endgame,840,299534.0,tt4154796,Avengers: Endgame,2019-04-24,HIGH,2799439100,858373000.0,1941066100.0,30.7,69.3,1.0,1.0,0.4422172949184986,0.0,0.0,False,False,False,False,"After the devastating events of Avengers: Infinity War, the universe is in ruins due to the efforts of the Mad Titan, Thanos. With the help of remaining allies, the Avengers must assemble once more in order to undo Thanos' actions and restore order to the universe once and for all, no matter what consequences may be in store.",https://www.boxofficemojo.com/year/world/2019/,True,en,/Users/cedricroetheli/Desktop/BA Cédric/Input/Code/boxoffice-analysis-pipeline/data/raw/subtitles/2019_Avengers_Endgame_tt4154796_5274826.srt,the Avengers,collective_civilian,Thanos,non_human,the universe,3,3,3,6,high,False,0,False,False,0,0,14,0.0,0.0,success,,
2019,2,The Lion King,841,420818.0,tt6105098,The Lion King,2019-07-12,HIGH,1656943394,543638043.0,1113305351.0,32.8,67.2,2.0,2.0,0.4883099165127429,0.0,0.0,False,False,False,False,"Simba idolizes his father, King Mufasa, and takes to heart his own royal destiny. But not everyone in the kingdom celebrates the new cub's arrival. Scar, Mufasa's brother—and former heir to the throne—has plans of his own. The battle for Pride Rock is ravaged with betrayal, tragedy and drama, ultimately resulting in Simba's exile. With help from a curious pair of newfound friends, Simba will have to figure out how to grow up and take back what is rightfully his.",https://www.boxofficemojo.com/year/world/2019/,True,en,/Users/cedricroetheli/Desktop/BA Cédric/Input/Code/boxoffice-analysis-pipeline/data/raw/subtitles/2019_The_Lion_King_tt6105098_5105786.srt,Simba,non_human,Scar,non_human,the Pride Rock kingdom,2,1,0,3,high,False,0,False,False,0,0,14,0.0,0.0,success,,
2019,3,Frozen II,842,330457.0,tt4520988,Frozen II,2019-11-20,HIGH,1450026933,477373578.0,972653355.0,32.9,67.1,4.0,3.0,0.4907951795426645,1.0,0.0,False,False,False,False,"Elsa, Anna, Kristoff and Olaf head far into the forest to learn the truth about an ancient mystery of their kingdom.",https://www.boxofficemojo.com/year/world/2019/,True,en,/Users/cedricroetheli/Desktop/BA Cédric/Input/Code/boxoffice-analysis-pipeline/data/raw/subtitles/2019_Frozen_II_tt4520988_5257001.srt,Elsa and Anna,collective_civilian,an ancient mystery affecting their kingdom,none,their kingdom,2,2,1,4,medium,False,0,False,False,0,0,16,0.0,0.0,success_with_warnings,villain_actor unresolved (none),
2019,4,Spider-Man: Far from Home,843,429617.0,tt6320628,Spider-Man: Far From Home,2019-06-28,HIGH,1131927996,390532085.0,741395911.0,34.5,65.5,7.0,5.0,0.5267524128548909,3.0,1.0,False,False,False,False,"Peter Parker and his friends go on a summer trip to Europe. However, they will hardly be able to rest - Peter will have to agree to help Nick Fury uncover the mystery of creatures that cause natural disasters and destruction throughout the continent.",https://www.boxofficemojo.com/year/world/2019/,True,en,/Users/cedricroetheli/Desktop/BA Cédric/Input/Code/boxoffice-analysis-pipeline/data/raw/subtitles/2019_Spider_Man_Far_from_Home_tt6320628_10549094.srt,Peter Parker,individual_civilian,creatures that cause natural disasters and destruction,non_human,people across Europe,2,3,2,5,medium,False,0,False,False,0,0,14,0.0,0.0,success,,
2019,5,Captain Marvel,844,299537.0,tt4154664,Captain Marvel,2019-03-06,HIGH,1128274794,426829839.0,701444955.0,37.8,62.2,6.0,7.0,0.6085008323996001,1.0,2.0,False,False,False,False,"The story follows Carol Danvers as she becomes one of the universe’s most powerful heroes when Earth is caught in the middle of a galactic war between two alien races. Set in the 1990s, Captain Marvel is an all-new adventure from a previously unseen period in the history of the Marvel Cinematic Universe.",https://www.boxofficemojo.com/year/world/2019/,True,en,/Users/cedricroetheli/Desktop/BA Cédric/Input/Code/boxoffice-analysis-pipeline/data/raw/subtitles/2019_Captain_Marvel_tt4154664_5046274.srt,Carol Danvers,individual_civilian,the galactic war between two alien races,collective_civilian,Earth,2,2,2,4,medium,False,0,False,False,0,0,13,0.0,0.0,success,,
2019,6,Joker,845,475557.0,tt7286456,Joker,2019-10-01,HIGH,1078751311,335451311.0,743300000.0,31.1,68.9,9.0,4.0,0.451300028252388,3.0,-2.0,False,False,False,False,"During the 1980s, a failed stand-up comedian is driven insane and turns to a life of crime and chaos in Gotham City while becoming an infamous psychopathic crime figure.",https://www.boxofficemojo.com/year/world/2019/,True,en,/Users/cedricroetheli/Desktop/BA Cédric/Input/Code/boxoffice-analysis-pipeline/data/raw/subtitles/2019_Joker_tt7286456_5276958.srt,Arthur Fleck/Joker,individual_civilian,Arthur Fleck's descent into crime and chaos,individual_civilian,Gotham City,2,1,0,3,medium,False,0,False,False,0,0,24,0.0,0.0,success,,
2019,7,Star Wars: Episode IX - The Rise of Skywalker,846,181812.0,tt2527338,Star Wars: The Rise of Skywalker,2019-12-18,MANUAL_ACCEPTED,1074144248,515202542.0,558941706.0,48.0,52.0,3.0,12.0,0.9217464656323212,-4.0,5.0,False,False,False,False,"The surviving Resistance faces the First Order once again as the journey of Rey, Finn and Poe Dameron continues. With the power and knowledge of generations behind them, the final battle begins.",https://www.boxofficemojo.com/year/world/2019/,True,en,/Users/cedricroetheli/Desktop/BA Cédric/Input/Code/boxoffice-analysis-pipeline/data/raw/subtitles/2019_Star_Wars_Episode_IX_The_Rise_of_Skywalker_tt2527338_5242722.srt,"Rey, Finn, Poe Dameron, and the Resistance",collective_civilian,the First Order,state_military,the Resistance and the galaxy,2,1,2,3,medium,False,0,False,False,0,0,1,0.0,0.0,success,,
2019,8,Toy Story 4,847,301528.0,tt1979376,Toy Story 4,2019-06-19,HIGH,1073394593,434038008.0,639356585.0,40.4,59.6,5.0,10.0,0.6788668767679933,-3.0,2.0,False,False,False,False,"Woody has always been confident about his place in the world, devoted to taking care of his kid—whether that's Andy or Bonnie. But after Bonnie creates a reluctant new toy called ""Forky"", a road trip adventure alongside old and new friends challenges everything Woody believes about loyalty, purpose, and what it truly means to be a toy.",https://www.boxofficemojo.com/year/world/2019/,True,en,/Users/cedricroetheli/Desktop/BA Cédric/Input/Code/boxoffice-analysis-pipeline/data/raw/subtitles/2019_Toy_Story_4_tt1979376_8055362.srt,Woody,non_human,Woody's crisis of purpose and loyalty,none,Forky,0,0,0,0,medium,False,0,False,False,0,0,11,0.0,0.0,success_with_warnings,villain_actor unresolved (none),
2019,9,Aladdin,848,420817.0,tt6139732,Aladdin,2019-05-22,HIGH,1050693953,355559216.0,695134737.0,33.8,66.2,8.0,8.0,0.5114968323040372,-1.0,-1.0,False,False,False,False,A kindhearted street urchin named Aladdin embarks on a magical adventure after finding a lamp that releases a wisecracking genie while a power-hungry Grand Vizier vies for the same lamp that has the power to make their deepest wishes come true.,https://www.boxofficemojo.com/year/world/2019/,True,en,/Users/cedricroetheli/Desktop/BA Cédric/Input/Code/boxoffice-analysis-pipeline/data/raw/subtitles/2019_Aladdin_tt6139732_5253901.srt,Aladdin,individual_civilian,the Grand Vizier,state_military,Agrabah,2,1,0,3,medium,False,0,False,False,0,0,20,0.0,0.0,success,,
2019,10,Jumanji: The Next Level,849,512200.0,tt7975244,Jumanji: The Next Level,2019-12-04,HIGH,801693929,320314960.0,481378969.0,40.0,60.0,10.0,13.0,0.6654112053657251,0.0,3.0,False,False,False,False,"As the gang return to Jumanji to rescue one of their own, they discover that nothing is as they expect. The players will have to brave parts unknown and unexplored in order to escape the world’s most dangerous game.",https://www.boxofficemojo.com/year/world/2019/,True,en,/Users/cedricroetheli/Desktop/BA Cédric/Input/Code/boxoffice-analysis-pipeline/data/raw/subtitles/2019_Jumanji_The_Next_Level_tt7975244_6483845.srt,the gang,collective_civilian,Jumanji / the world's most dangerous game,non_human,one of their own,0,0,0,0,medium,False,0,False,False,0,0,9,0.0,0.0,success,,
2019,11,Fast & Furious Presents: Hobbs & Shaw,850,384018.0,tt6806448,Fast & Furious Presents: Hobbs & Shaw,2019-07-31,HIGH,760732926,173956935.0,586775991.0,22.9,77.1,13.0,11.0,0.2964622576045378,2.0,0.0,False,False,False,False,"Ever since US Diplomatic Security Service Agent Hobbs and lawless outcast Shaw first faced off, they just have traded smack talk and body blows. But when cyber-genetically enhanced anarchist Brixton's ruthless actions threaten the future of humanity, they join forces to defeat him.",https://www.boxofficemojo.com/year/world/2019/,True,en,/Users/cedricroetheli/Desktop/BA Cédric/Input/Code/boxoffice-analysis-pipeline/data/raw/subtitles/2019_Fast_Furious_Presents_Hobbs_Shaw_tt6806448_7984238.srt,Hobbs and Shaw,collective_civilian,Brixton,individual_civilian,humanity,3,3,3,6,high,False,0,False,False,0,0,15,0.0,0.0,success,,
2019,12,Ne Zha,851,615453.0,tt10627720,Ne Zha,2019-07-26,HIGH,726024868,3695533.0,722329335.0,0.5,99.5,125.0,6.0,0.0051161330724578,113.0,-6.0,False,False,False,False,"A young boy is born as the reincarnation of a demonic power, into a society that hates and fears him. Destined by prophecy to bring destruction to the world, Nezha must choose between good and evil to see if he can change his fate.",https://www.boxofficemojo.com/year/world/2019/,True,en,/Users/cedricroetheli/Desktop/BA Cédric/Input/Code/boxoffice-analysis-pipeline/data/raw/subtitles/2019_Ne_Zha_tt10627720_9428986.srt,Nezha,individual_civilian,the demonic power and prophecy of destruction,non_human,the world,3,3,3,6,medium,False,0,False,False,0,0,7,0.0,0.0,success,,
2019,13,The Wandering Earth,852,535167.0,tt7605074,The Wandering Earth,2019-02-05,HIGH,699856699,5971413.0,693885286.0,0.9,99.1,119.0,9.0,0.0086057639792638,106.0,-4.0,False,False,False,False,"When the Sun begins to expand in such a way that it will inevitably engulf and destroy the Earth in a hundred years, united mankind finds a way to avoid extinction by propelling the planet out of the Solar System using gigantic engines, moving it to a new home located four light years away, an epic journey that will last thousands of years.",https://www.boxofficemojo.com/year/world/2019/,True,en,/Users/cedricroetheli/Desktop/BA Cédric/Input/Code/boxoffice-analysis-pipeline/data/raw/subtitles/2019_The_Wandering_Earth_tt7605074_8066809.srt,united mankind,collective_civilian,the expanding Sun,non_human,Earth and humanity,3,3,3,6,high,False,0,False,False,0,0,13,0.0,0.0,success,,
2019,14,How to Train Your Dragon: The Hidden World,853,166428.0,tt2386490,How to Train Your Dragon: The Hidden World,2019-01-03,HIGH,521799505,160799505.0,361000000.0,30.8,69.2,16.0,17.0,0.4454279916897506,2.0,3.0,False,False,False,False,"As Hiccup fulfills his dream of creating a peaceful dragon utopia, Toothless’ discovery of an untamed, elusive mate draws the Night Fury away. When danger mounts at home and Hiccup’s reign as village chief is tested, both dragon and rider must make impossible decisions to save their kind.",https://www.boxofficemojo.com/year/world/2019/,True,en,/Users/cedricroetheli/Desktop/BA Cédric/Input/Code/boxoffice-analysis-pipeline/data/raw/subtitles/2019_How_to_Train_Your_Dragon_The_Hidden_World_tt2386490_4977273.srt,Hiccup,individual_civilian,the danger threatening dragons and Berk,none,their kind,1,0,0,1,medium,False,0,False,False,0,0,56,0.0,0.0,success_with_warnings,villain_actor unresolved (none),
2019,15,Maleficent: Mistress of Evil,854,420809.0,tt4777008,Maleficent: Mistress of Evil,2019-10-16,HIGH,491730089,113929605.0,377800484.0,23.2,76.8,24.0,16.0,0.3015602409868803,9.0,1.0,False,False,False,False,"Maleficent and her goddaughter Aurora begin to question the complex family ties that bind them as they are pulled in different directions by impending nuptials, unexpected allies, and dark new forces at play.",https://www.boxofficemojo.com/year/world/2019/,True,en,/Users/cedricroetheli/Desktop/BA Cédric/Input/Code/boxoffice-analysis-pipeline/data/raw/subtitles/2019_Maleficent_Mistress_of_Evil_tt4777008_5264428.srt,Maleficent and Aurora,collective_civilian,dark new forces,collective_civilian,Maleficent and Aurora's family bond,0,0,0,0,low,False,0,False,False,0,0,5,0.0,0.0,success,,
2019,16,It: Chapter Two,855,474350.0,tt7349950,It Chapter Two,2019-09-04,HIGH,473093228,211593228.0,261500000.0,44.7,55.3,11.0,23.0,0.8091519235181645,-5.0,7.0,False,False,False,False,"27 years after overcoming the malevolent supernatural entity Pennywise, the former members of the Losers' Club, who have grown up and moved away from Derry, are brought back together by a devastating phone call.",https://www.boxofficemojo.com/year/world/2019/,True,en,/Users/cedricroetheli/Desktop/BA Cédric/Input/Code/boxoffice-analysis-pipeline/data/raw/subtitles/2019_It_Chapter_Two_tt7349950_5295559.srt,the Losers' Club,collective_civilian,Pennywise,non_human,the Losers' Club,1,0,0,1,medium,False,0,False,False,0,0,15,0.0,0.0,success,,
2019,17,"My People, My Country",856,612845.0,tt10147382,"My People, My Country",2019-09-30,HIGH,450064993,2356683.0,447708310.0,0.5,99.5,127.0,14.0,0.0052638804046322,110.0,-3.0,False,False,False,False,Anthology of short films directed by several different directors.,https://www.boxofficemojo.com/year/world/2019/,True,en,/Users/cedricroetheli/Desktop/BA Cédric/Input/Code/boxoffice-analysis-pipeline/data/raw/subtitles/2019_My_People_My_Country_tt10147382_6919035.srt,,none,,none,,,,,,low,False,0,False,False,0,0,1,0.0,0.0,success_with_warnings,hero_actor unresolved (none) | villain_actor unresolved (none) | conflict_scale unresolved (none) | hero_victim_distance unresolved (none) | victim_level unresolved (none),
2019,18,Pokémon: Detective Pikachu,857,447404.0,tt5884052,Pokémon Detective Pikachu,2019-05-03,HIGH,433305346,144105346.0,289200000.0,33.3,66.7,19.0,20.0,0.4982895781466113,1.0,2.0,False,False,False,False,"In a world where people collect pocket-size monsters (Pokémon) to do battle, a boy comes across an intelligent monster who seeks to be a detective.",https://www.boxofficemojo.com/year/world/2019/,True,en,/Users/cedricroetheli/Desktop/BA Cédric/Input/Code/boxoffice-analysis-pipeline/data/raw/subtitles/2019_Pok_mon_Detective_Pikachu_tt5884052_6516725.srt,a boy and an intelligent monster detective,collective_civilian,,none,,,,,,low,False,0,False,False,0,0,11,0.0,0.0,success_with_warnings,villain_actor unresolved (none) | conflict_scale unresolved (none) | hero_victim_distance unresolved (none) | victim_level unresolved (none),
2019,19,The Secret Life of Pets 2,858,412117.0,tt5113040,The Secret Life of Pets 2,2019-05-24,HIGH,431164459,158980250.0,272184209.0,36.9,63.1,18.0,22.0,0.5840906442886259,-1.0,3.0,False,False,False,False,"Max the terrier must cope with some major life changes when his owner gets married and has a baby. When the family takes a trip to the countryside, nervous Max has numerous run-ins with canine-intolerant cows, hostile foxes and a scary turkey. Luckily for Max, he soon catches a break when he meets Rooster, a gruff farm dog who tries to cure the lovable pooch of his neuroses.",https://www.boxofficemojo.com/year/world/2019/,True,en,/Users/cedricroetheli/Desktop/BA Cédric/Input/Code/boxoffice-analysis-pipeline/data/raw/subtitles/2019_The_Secret_Life_of_Pets_2_tt5113040_5055910.srt,Max,individual_civilian,Max's anxiety and the hostile farm animals,non_human,Max,0,0,0,0,medium,False,0,False,False,0,0,7,0.0,0.0,success,,
2019,20,The Captain,859,589712.0,tt10218664,The Captain,2019-09-30,HIGH,417863545,706572.0,417156973.0,0.2,99.8,134.0,15.0,0.0016937796698414,114.0,-5.0,False,False,False,False,Based on the true story of a pilot who had to ensure the safety of 128 passengers and crew members on the plane when its windshield became damaged mid-flight. The incident is regarded as one of the miracles in aviation history.,https://www.boxofficemojo.com/year/world/2019/,True,en,/Users/cedricroetheli/Desktop/BA Cédric/Input/Code/boxoffice-analysis-pipeline/data/raw/subtitles/2019_The_Captain_tt10218664_6722566.srt,the pilot,individual_civilian,the damaged windshield and in-flight mechanical failure,non_human,128 passengers and crew members on the plane,1,1,0,2,high,False,0,False,False,0,0,0,0.0,0.0,success,,
2020,1,Demon Slayer: Kimetsu no Yaiba - The Movie: Mugen Train,860,635302.0,tt11032374,Demon Slayer -Kimetsu no Yaiba- The Movie: Mugen Train,2020-10-16,HIGH,469119320,49505008.0,419614312.0,10.6,89.4,10.0,3.0,0.1179774058802837,9.0,2.0,False,False,False,False,"Tanjiro Kamado, joined with Inosuke Hashibira, a boy raised by boars who wears a boar's head, and Zenitsu Agatsuma, a scared boy who reveals his true power when he sleeps, boards the Infinity Train on a new mission with the Fire Hashira, Kyojuro Rengoku, to defeat a demon who has been tormenting the people and killing the demon slayers who oppose it!",https://www.boxofficemojo.com/year/world/2020/,True,en,/Users/cedricroetheli/Desktop/BA Cédric/Input/Code/boxoffice-analysis-pipeline/data/raw/subtitles/2020_Demon_Slayer_Kimetsu_no_Yaiba_The_Movie_Mugen_Train_tt11032374_6840838.srt,Tanjiro Kamado,individual_civilian,the demon on the Infinity Train,non_human,the people on the train and the demon slayers opposing it,1,1,0,2,high,False,0,False,False,0,0,18,0.0,0.0,success,,
2020,2,The Eight Hundred,861,508935.0,tt7294150,The Eight Hundred,2020-08-14,HIGH,461421559,372755.0,461048804.0,0.1,99.9,56.0,1.0,0.0008084935841195,54.0,-1.0,False,False,False,False,"In 1937, eight hundred Chinese soldiers fight under siege from a warehouse in the middle of the Shanghai battlefield, completely surrounded by the Japanese army.",https://www.boxofficemojo.com/year/world/2020/,True,en,/Users/cedricroetheli/Desktop/BA Cédric/Input/Code/boxoffice-analysis-pipeline/data/raw/subtitles/2020_The_Eight_Hundred_tt7294150_7061841.srt,eight hundred Chinese soldiers,state_military,the Japanese army,state_military,eight hundred Chinese soldiers,1,0,1,1,high,False,0,False,False,0,0,2,0.0,0.0,success,,
2020,3,Bad Boys for Life,862,38700.0,tt1502397,Bad Boys for Life,2020-01-15,HIGH,426505244,206305244.0,220200000.0,48.4,51.6,1.0,6.0,0.9368993823796548,-2.0,3.0,False,False,False,False,"Marcus and Mike are forced to confront new threats, career changes, and midlife crises as they join the newly created elite team AMMO of the Miami police department to take down the ruthless Armando Armas, the vicious leader of a Miami drug cartel.",https://www.boxofficemojo.com/year/world/2020/,True,en,/Users/cedricroetheli/Desktop/BA Cédric/Input/Code/boxoffice-analysis-pipeline/data/raw/subtitles/2020_Bad_Boys_for_Life_tt1502397_6767543.srt,Marcus and Mike with AMMO,state_military,Armando Armas and his Miami drug cartel,collective_civilian,Miami community,2,1,0,3,high,False,0,False,False,0,0,16,0.0,0.0,success,,
2020,4,"My People, My Homeland",863,734778.0,tt12363162,"My People, My Homeland",2020-10-01,HIGH,422390820,,422390820.0,,100.0,,2.0,,,-2.0,True,False,False,True,"In different parts of rural China, various people explore what makes their communities unique.",https://www.boxofficemojo.com/year/world/2020/,True,en,/Users/cedricroetheli/Desktop/BA Cédric/Input/Code/boxoffice-analysis-pipeline/data/raw/subtitles/2020_My_People_My_Homeland_tt12363162_6918609.srt,various people in rural China,collective_civilian,,none,their communities,1,1,0,2,low,False,0,False,False,0,0,1,0.0,0.0,success_with_warnings,villain_actor unresolved (none),
2020,5,Tenet,864,577922.0,tt6723592,Tenet,2020-08-22,HIGH,365304105,58504105.0,306800000.0,16.0,84.0,9.0,4.0,0.1906913461538461,4.0,-1.0,False,False,False,False,"Armed with only one word - Tenet - and fighting for the survival of the entire world, the Protagonist journeys through a twilight world of international espionage on a mission that will unfold in something beyond real time.",https://www.boxofficemojo.com/year/world/2020/,True,en,/Users/cedricroetheli/Desktop/BA Cédric/Input/Code/boxoffice-analysis-pipeline/data/raw/subtitles/2020_Tenet_tt6723592_10184265.srt,the Protagonist,individual_civilian,the threat behind the international espionage mission,none,the entire world,3,3,3,6,medium,True,3,True,True,1,3,18,0.0555555555555555,0.1666666666666666,success_with_warnings,villain_actor unresolved (none),
2020,6,Sonic the Hedgehog,865,454626.0,tt3794354,Sonic the Hedgehog,2020-02-12,HIGH,319715683,148974665.0,170741018.0,46.6,53.4,2.0,10.0,0.8725183130863141,-4.0,4.0,False,False,False,False,"Powered with incredible speed, Sonic The Hedgehog embraces his new home on Earth. That is, until Sonic sparks the attention of super-uncool evil genius Dr. Robotnik. Now it’s super-villain vs. super-sonic in an all-out race across the globe to stop Robotnik from using Sonic’s unique power for world domination.",https://www.boxofficemojo.com/year/world/2020/,True,en,/Users/cedricroetheli/Desktop/BA Cédric/Input/Code/boxoffice-analysis-pipeline/data/raw/subtitles/2020_Sonic_the_Hedgehog_tt3794354_6994525.srt,Sonic,non_human,Dr. Robotnik,individual_civilian,the world,3,3,3,6,high,True,1,False,True,0,1,15,0.0,0.0666666666666666,success,,
2020,7,Dolittle,866,448119.0,tt6673612,Dolittle,2020-01-02,HIGH,251410631,77047065.0,174363566.0,30.6,69.4,4.0,9.0,0.4418759421334615,-3.0,2.0,False,False,False,False,"After losing his wife seven years earlier, the eccentric Dr. John Dolittle, famed doctor and veterinarian of Queen Victoria’s England, hermits himself away behind the high walls of Dolittle Manor with only his menagerie of exotic animals for company. But when the young queen falls gravely ill, a reluctant Dolittle is forced to set sail on an epic adventure to a mythical island in search of a cure, regaining his wit and courage as he crosses old adversaries and discovers wondrous creatures.",https://www.boxofficemojo.com/year/world/2020/,True,en,/Users/cedricroetheli/Desktop/BA Cédric/Input/Code/boxoffice-analysis-pipeline/data/raw/subtitles/2020_Dolittle_tt6673612_5248986.srt,Dr. John Dolittle,individual_civilian,old adversaries,collective_civilian,the young queen,0,2,2,2,medium,False,0,False,False,0,0,10,0.0,0.0,success,,
2020,8,Jiang Ziya,867,635389.0,tt11177804,Jiang Ziya,2020-10-01,HIGH,240646355,214670.0,240431685.0,0.1,99.9,58.0,5.0,0.0008928523709343,50.0,-3.0,False,False,False,False,"Atop the ruins of war, top commander Jiang Ziya is given the task to banish the Nine-tailed Fox Demon who threatens all mortals' very existence. When he discovers the Nine-tailed Fox's life linked to the soul of an innocent girl, he is faced with a challenging decision: follow the will of heaven or find his own path to righteousness.",https://www.boxofficemojo.com/year/world/2020/,True,en,/Users/cedricroetheli/Desktop/BA Cédric/Input/Code/boxoffice-analysis-pipeline/data/raw/subtitles/2020_Jiang_Ziya_tt11177804_6712887.srt,Jiang Ziya,individual_civilian,Nine-tailed Fox Demon,non_human,all mortals,3,3,3,6,high,False,0,False,False,0,0,11,0.0,0.0,success,,
2020,9,A Little Red Flower,868,716815.0,tt12497408,A Little Red Flower,2020-12-31,HIGH,216000000,,216000000.0,,100.0,,7.0,,,-2.0,True,False,False,True,"The film tells a warm and realistic story, thinking and facing the ultimate problem that every ordinary person will face-imagining that death may come at any time, the only thing we have to do is love and cherish.",https://www.boxofficemojo.com/year/world/2020/,True,en,/Users/cedricroetheli/Desktop/BA Cédric/Input/Code/boxoffice-analysis-pipeline/data/raw/subtitles/2020_A_Little_Red_Flower_tt12497408_10338043.srt,,none,death,non_human,ordinary people,2,3,,5,low,False,0,False,False,0,0,4,0.0,0.0,success_with_warnings,hero_actor unresolved (none) | conflict_scale unresolved (none),
2020,10,The Croods: A New Age,869,529203.0,tt2850386,The Croods: A New Age,2020-11-25,HIGH,215905815,58568815.0,157337000.0,27.1,72.9,8.0,12.0,0.3722507420377915,-2.0,2.0,False,False,False,False,"Searching for a safer habitat, the prehistoric Crood family discovers an idyllic, walled-in paradise that meets all of its needs. Unfortunately, they must also learn to live with the Bettermans -- a family that's a couple of steps above the Croods on the evolutionary ladder. As tensions between the new neighbors start to rise, a new threat soon propels both clans on an epic adventure that forces them to embrace their differences, draw strength from one another, and survive together.",https://www.boxofficemojo.com/year/world/2020/,True,en,/Users/cedricroetheli/Desktop/BA Cédric/Input/Code/boxoffice-analysis-pipeline/data/raw/subtitles/2020_The_Croods_A_New_Age_tt2850386_6693609.srt,the Croods and the Bettermans,collective_civilian,the new threat,non_human,the Croods and the Bettermans,1,0,0,1,medium,False,0,False,False,0,0,9,0.0,0.0,success,,
2020,11,Birds of Prey and the Fantabulous Emancipation of One Harley Quinn,870,495764.0,tt7713068,Birds of Prey (and the Fantabulous Emancipation of One Harley Quinn),2020-02-05,HIGH,205358461,84158461.0,121200000.0,41.0,59.0,3.0,15.0,0.6943767409240924,-8.0,4.0,False,False,False,False,"Harley Quinn joins forces with a singer, an assassin and a police detective to help a young girl who had a hit placed on her after she stole a rare diamond from a crime lord.",https://www.boxofficemojo.com/year/world/2020/,True,en,/Users/cedricroetheli/Desktop/BA Cédric/Input/Code/boxoffice-analysis-pipeline/data/raw/subtitles/2020_Birds_of_Prey_and_the_Fantabulous_Emancipation_of_One_Harley_Quinn_tt7713068_5252936.srt,Harley Quinn,individual_civilian,the crime lord,individual_civilian,the young girl,0,1,0,1,high,True,1,False,True,0,1,31,0.0,0.032258064516129,success,,
2020,12,Shock Wave 2,871,559974.0,tt9597838,Shock Wave 2,2020-12-24,HIGH,198921659,,198921659.0,,100.0,,8.0,,,-4.0,True,False,False,True,"After suffering life changing injuries in the line of duty, bomb disposal officer Fung turns his back on the police. But when a devastating series of bombings sweep Hong Kong, the police suspect their former ally may be involved after he is found unconscious at a crime scene. Now faced with memory loss and recalling only fragments of his former life, Fung sets out to uncover the truth and find out who he really is.",https://www.boxofficemojo.com/year/world/2020/,True,en,/Users/cedricroetheli/Desktop/BA Cédric/Input/Code/boxoffice-analysis-pipeline/data/raw/subtitles/2020_Shock_Wave_2_tt9597838_6900380.srt,Fung,individual_civilian,the perpetrators behind the bombings,collective_civilian,Hong Kong,2,1,0,3,medium,False,0,False,False,0,0,0,0.0,0.0,success,,
2020,13,Wonder Woman 1984,872,464052.0,tt7126948,Wonder Woman 1984,2020-12-16,HIGH,169601036,46801036.0,122800000.0,27.6,72.4,11.0,14.0,0.3811159283387622,-2.0,1.0,False,False,False,False,A botched store robbery places Wonder Woman in a global battle against a powerful and mysterious ancient force that puts her powers in jeopardy.,https://www.boxofficemojo.com/year/world/2020/,True,en,/Users/cedricroetheli/Desktop/BA Cédric/Input/Code/boxoffice-analysis-pipeline/data/raw/subtitles/2020_Wonder_Woman_1984_tt7126948_6880364.srt,Wonder Woman,individual_civilian,a powerful and mysterious ancient force,non_human,the world,3,3,3,6,medium,False,0,False,False,0,0,6,0.0,0.0,success,,
2020,14,The Sacrifice,873,748685.0,tt13000980,The Sacrifice,2020-10-23,HIGH,161047608,,161047608.0,,100.0,,11.0,,,-3.0,True,False,False,True,"In 1953 the Korean War is entering the final stage. The People's Volunteer Army of China has launched its last major battle in Kumsong. In order to arrive on time and deliver enough ammo to the Kumsong front line, the soldiers have to defend themselves against the never ending bombardments of enemy bombers and race against time to repair the last bridge, all while facing supply shortages and with inferior equipment.",https://www.boxofficemojo.com/year/world/2020/,True,en,/Users/cedricroetheli/Desktop/BA Cédric/Input/Code/boxoffice-analysis-pipeline/data/raw/subtitles/2020_The_Sacrifice_tt13000980_7138432.srt,the People's Volunteer Army of China soldiers,state_military,enemy bombers,state_military,the Kumsong front line and Chinese forces depending on the ammo delivery,1,1,0,2,medium,True,1,True,True,1,1,5,0.2,0.2,success,,
2020,15,The Invisible Man,874,570670.0,tt1051906,The Invisible Man,2020-02-26,HIGH,144492724,70410000.0,74082724.0,48.7,51.3,5.0,19.0,0.9504240151860508,-10.0,4.0,False,False,False,False,"When Cecilia's abusive ex takes his own life and leaves her his fortune, she suspects his death was a hoax. As a series of coincidences turn lethal, Cecilia works to prove that she is being hunted by someone nobody can see.",https://www.boxofficemojo.com/year/world/2020/,True,en,/Users/cedricroetheli/Desktop/BA Cédric/Input/Code/boxoffice-analysis-pipeline/data/raw/subtitles/2020_The_Invisible_Man_tt1051906_5242604.srt,Cecilia,individual_civilian,Cecilia's abusive ex,individual_civilian,Cecilia,0,0,0,0,high,False,0,False,False,0,0,17,0.0,0.0,success,,
2020,16,Onward,875,508439.0,tt7146812,Onward,2020-02-29,HIGH,141914643,61555145.0,80359498.0,43.4,56.6,7.0,18.0,0.7659971320378333,-9.0,2.0,False,False,False,False,"In a suburban fantasy world, two teenage elf brothers embark on an extraordinary quest to discover if there is still a little magic left out there.",https://www.boxofficemojo.com/year/world/2020/,True,en,/Users/cedricroetheli/Desktop/BA Cédric/Input/Code/boxoffice-analysis-pipeline/data/raw/subtitles/2020_Onward_tt7146812_5272649.srt,two teenage elf brothers,collective_civilian,,none,two teenage elf brothers,0,0,0,0,low,False,0,False,False,0,0,7,0.0,0.0,success_with_warnings,villain_actor unresolved (none),
2020,17,Warm Hug,876,743413.0,tt13529418,Warm Hug,2020-12-31,HIGH,129240236,,129240236.0,,100.0,,13.0,,,-4.0,True,False,False,True,"About a boy with an OCD, who originally thought he was an insulator of friendship and love, but after meeting a unique doctor and a careless girl, staged a love story about the healing of yin and yang.",https://www.boxofficemojo.com/year/world/2020/,True,en,/Users/cedricroetheli/Desktop/BA Cédric/Input/Code/boxoffice-analysis-pipeline/data/raw/subtitles/2020_Warm_Hug_tt13529418_6813362.srt,a boy with OCD,individual_civilian,his OCD and emotional isolation,none,the boy with OCD,0,0,0,0,medium,False,0,False,False,0,0,0,0.0,0.0,success_with_warnings,villain_actor unresolved (none),
2020,18,Soul,877,508442.0,tt2948372,Soul,2020-12-25,HIGH,121903885,946154.0,120957731.0,0.8,99.2,48.0,16.0,0.0078221870745905,30.0,-2.0,False,False,False,False,"Joe Gardner is a middle school teacher with a love for jazz music. After a successful audition at the Half Note Club, he suddenly gets into an accident that separates his soul from his body and is transported to the You Seminar, a center in which souls develop and gain passions before being transported to a newborn child. Joe must enlist help from the other souls-in-training, like 22, a soul who has spent eons in the You Seminar, in order to get back to Earth.",https://www.boxofficemojo.com/year/world/2020/,True,en,/Users/cedricroetheli/Desktop/BA Cédric/Input/Code/boxoffice-analysis-pipeline/data/raw/subtitles/2020_Soul_tt2948372_6782138.srt,Joe Gardner,individual_civilian,Joe's accidental separation from his body and the afterlife system keeping him from Earth,non_human,Joe Gardner,0,0,0,0,medium,False,0,False,False,0,0,11,0.0,0.0,success,,
2020,19,The Call of the Wild,878,481848.0,tt7504726,The Call of the Wild,2020-02-19,HIGH,111166669,62342368.0,48824301.0,56.1,43.9,6.0,29.0,1.2768716955108073,-13.0,10.0,False,False,False,False,"Buck is a big-hearted dog whose blissful domestic life is turned upside down when he is suddenly uprooted from his California home and transplanted to the exotic wilds of the Yukon during the Gold Rush of the 1890s. As the newest rookie on a mail delivery dog sled team—and later its leader—Buck experiences the adventure of a lifetime, ultimately finding his true place in the world and becoming his own master.",https://www.boxofficemojo.com/year/world/2020/,True,en,/Users/cedricroetheli/Desktop/BA Cédric/Input/Code/boxoffice-analysis-pipeline/data/raw/subtitles/2020_The_Call_of_the_Wild_tt7504726_5280182.srt,Buck,non_human,uprooting human owners and exploitative frontier conditions,collective_civilian,Buck,0,0,0,0,medium,False,0,False,False,0,0,11,0.0,0.0,success,,
2020,20,Caught in Time,879,751820.0,tt9877138,Caught in Time,2020-11-27,HIGH,80543319,,80543319.0,,100.0,,17.0,,,-3.0,True,False,False,True,"Based on real life events from the 1990s, a ruthless gang manages to pull off several high risk – high reward heists, meticulously planned out and executed over nearly a decade. When a police detective thinks he's figured out their pattern, the head of the gang starts to openly taunt him, resulting in a race to the ultimate showdown between cops and robbers.",https://www.boxofficemojo.com/year/world/2020/,True,en,/Users/cedricroetheli/Desktop/BA Cédric/Input/Code/boxoffice-analysis-pipeline/data/raw/subtitles/2020_Caught_in_Time_tt9877138_7147861.srt,the police detective,state_military,the head of the gang,collective_civilian,targets of the gang's heists and the public order they threaten,1,1,0,2,medium,False,0,False,False,0,0,0,0.0,0.0,success,,
2021,1,Spider-Man: No Way Home,880,634649.0,tt10872600,Spider-Man: No Way Home,2021-12-15,HIGH,1910982770,804793477.0,1106189293.0,42.1,57.9,1.0,1.0,0.7275368529534303,0.0,0.0,False,False,False,False,"Peter Parker is unmasked and no longer able to separate his normal life from the high-stakes of being a super-hero. When he asks for help from Doctor Strange the stakes become even more dangerous, forcing him to discover what it truly means to be Spider-Man.",https://www.boxofficemojo.com/year/world/2021/,True,en,/Users/cedricroetheli/Desktop/BA Cédric/Input/Code/boxoffice-analysis-pipeline/data/raw/subtitles/2021_Spider_Man_No_Way_Home_tt10872600_8542801.srt,Peter Parker / Spider-Man,individual_civilian,the dangerous consequences of Doctor Strange's spell,non_human,Peter Parker and those around him,1,0,0,1,medium,False,0,False,False,0,0,25,0.0,0.0,success,,
2021,2,The Battle at Lake Changjin,881,779029.0,tt13462900,The Battle at Lake Changjin,2021-09-30,HIGH,902548476,342411.0,902206065.0,0.1,100.0,97.0,2.0,0.0003795263779345,95.0,0.0,False,False,False,False,"Korean War, winter 1950. In the frozen and snowy area of Changjin Lake, a bloody battle is about to begin between the elite troops of the United States and China.",https://www.boxofficemojo.com/year/world/2021/,True,en,/Users/cedricroetheli/Desktop/BA Cédric/Input/Code/boxoffice-analysis-pipeline/data/raw/subtitles/2021_The_Battle_at_Lake_Changjin_tt13462900_7610484.srt,Chinese troops,state_military,United States troops,state_military,Chinese troops and the Chinese side in the battle,1,0,2,1,medium,False,0,False,False,0,0,2,0.0,0.0,success,,
2021,3,"Hi, Mom",882,758891.0,tt13364790,"Hi, Mom",2021-02-12,HIGH,822009764,,822009764.0,,100.0,,3.0,,,0.0,True,False,False,True,"Devastated after her mom's serious accident and grief-stricken because she hasn't become the daughter she wanted to be for her mother, Jia Xiaoling finds herself transported back in time to the year 1981, where she meets her young mother before she was her mom.",https://www.boxofficemojo.com/year/world/2021/,True,en,/Users/cedricroetheli/Desktop/BA Cédric/Input/Code/boxoffice-analysis-pipeline/data/raw/subtitles/2021_Hi_Mom_tt13364790_6828919.srt,Jia Xiaoling,individual_civilian,her mother's serious accident and Jia Xiaoling's regret,none,Jia Xiaoling's mother,0,0,0,0,medium,False,0,False,False,0,0,2,0.0,0.0,success_with_warnings,villain_actor unresolved (none),
2021,4,No Time to Die,883,370172.0,tt2382320,No Time to Die,2021-09-29,HIGH,774153007,160891007.0,613262000.0,20.8,79.2,8.0,5.0,0.2623528067938336,4.0,1.0,False,False,False,False,"Bond has left active service and is enjoying a tranquil life in Jamaica. His peace is short-lived when his old friend Felix Leiter from the CIA turns up asking for help. The mission to rescue a kidnapped scientist turns out to be far more treacherous than expected, leading Bond onto the trail of a mysterious villain armed with dangerous new technology.",https://www.boxofficemojo.com/year/world/2021/,True,en,/Users/cedricroetheli/Desktop/BA Cédric/Input/Code/boxoffice-analysis-pipeline/data/raw/subtitles/2021_No_Time_to_Die_tt2382320_7140536.srt,James Bond,individual_civilian,a mysterious villain armed with dangerous new technology,individual_civilian,the kidnapped scientist,0,2,2,2,medium,True,1,False,True,0,1,16,0.0,0.0625,success,,
2021,5,F9: The Fast Saga,884,385128.0,tt5433138,F9,2021-05-19,MANUAL_ACCEPTED,726229501,173005945.0,553223556.0,23.8,76.2,5.0,6.0,0.3127233884451587,0.0,1.0,False,False,False,False,Dominic Toretto and his crew battle the most skilled assassin and high-performance driver they've ever encountered: his forsaken brother.,https://www.boxofficemojo.com/year/world/2021/,True,en,/Users/cedricroetheli/Desktop/BA Cédric/Input/Code/boxoffice-analysis-pipeline/data/raw/subtitles/2021_F9_The_Fast_Saga_tt5433138_6978051.srt,Dominic Toretto and his crew,collective_civilian,Dominic Toretto's forsaken brother,individual_civilian,Dominic Toretto and his crew,1,0,,1,medium,False,0,False,False,0,0,9,0.0,0.0,success_with_warnings,conflict_scale unresolved (none),
2021,6,Detective Chinatown 3,885,602666.0,tt10370822,Detective Chinatown 3,2021-02-12,HIGH,686257563,,686257563.0,,100.0,,4.0,,,-2.0,True,False,False,True,"Tang Ren and Qin Feng travel to Japan to investigate the death of a mafia head. As they suspect foul play, they engage in a battle of wits against foreign detectives.",https://www.boxofficemojo.com/year/world/2021/,True,en,/Users/cedricroetheli/Desktop/BA Cédric/Input/Code/boxoffice-analysis-pipeline/data/raw/subtitles/2021_Detective_Chinatown_3_tt10370822_6819685.srt,Tang Ren and Qin Feng,collective_civilian,the killer behind the mafia head's death and rival foreign detectives,collective_civilian,the murdered mafia head and those affected by the case,0,3,0,3,medium,False,0,False,False,0,0,0,0.0,0.0,success,,
2021,7,Venom: Let There Be Carnage,886,580489.0,tt7097896,Venom: Let There Be Carnage,2021-09-30,HIGH,506813864,213550366.0,293263498.0,42.1,57.9,3.0,9.0,0.7281859742394534,-4.0,2.0,False,False,False,False,"After finding a host body in investigative reporter Eddie Brock, the alien symbiote must face a new enemy, Carnage, the alter ego of serial killer Cletus Kasady.",https://www.boxofficemojo.com/year/world/2021/,True,en,/Users/cedricroetheli/Desktop/BA Cédric/Input/Code/boxoffice-analysis-pipeline/data/raw/subtitles/2021_Venom_Let_There_Be_Carnage_tt7097896_7131835.srt,Eddie Brock and Venom,individual_civilian,Carnage / Cletus Kasady,individual_civilian,Eddie Brock and those threatened by Carnage,1,0,0,1,medium,False,0,False,False,0,0,12,0.0,0.0,success,,
2021,8,Godzilla vs. Kong,887,399566.0,tt5034838,Godzilla vs. Kong,2021-03-24,HIGH,470116094,100916094.0,369200000.0,21.5,78.5,14.0,7.0,0.2733371993499458,6.0,-1.0,False,False,False,False,"In a time when monsters walk the Earth, humanity’s fight for its future sets Godzilla and Kong on a collision course that will see the two most powerful forces of nature on the planet collide in a spectacular battle for the ages.",https://www.boxofficemojo.com/year/world/2021/,True,en,/Users/cedricroetheli/Desktop/BA Cédric/Input/Code/boxoffice-analysis-pipeline/data/raw/subtitles/2021_Godzilla_vs_Kong_tt5034838_6873150.srt,humanity,collective_civilian,Godzilla and Kong,non_human,humanity,3,0,3,3,medium,False,0,False,False,0,0,10,0.0,0.0,success,,
2021,9,Shang-Chi and the Legend of the Ten Rings,888,566525.0,tt9376612,Shang-Chi and the Legend of the Ten Rings,2021-09-01,HIGH,432243292,224543292.0,207700000.0,51.9,48.1,2.0,14.0,1.0810943283582088,-7.0,5.0,False,False,False,False,Shang-Chi must confront the past he thought he left behind when he is drawn into the web of the mysterious Ten Rings organization.,https://www.boxofficemojo.com/year/world/2021/,True,en,/Users/cedricroetheli/Desktop/BA Cédric/Input/Code/boxoffice-analysis-pipeline/data/raw/subtitles/2021_Shang_Chi_and_the_Legend_of_the_Ten_Rings_tt9376612_9383281.srt,Shang-Chi,individual_civilian,the Ten Rings organization,collective_civilian,Shang-Chi,0,0,2,0,medium,False,0,False,False,0,0,9,0.0,0.0,success,,
2021,10,Sing 2,889,438695.0,tt6467266,Sing 2,2021-12-01,HIGH,408402685,162790990.0,245611695.0,39.9,60.1,7.0,10.0,0.6627982026670187,-3.0,0.0,False,False,False,False,"Buster and his new cast now have their sights set on debuting a new show at the Crystal Tower Theater in glamorous Redshore City. But with no connections, he and his singers must sneak into the Crystal Entertainment offices, run by the ruthless wolf mogul Jimmy Crystal, where the gang pitches the ridiculous idea of casting the lion rock legend Clay Calloway in their show. Buster must embark on a quest to find the now-isolated Clay and persuade him to return to the stage.",https://www.boxofficemojo.com/year/world/2021/,True,en,/Users/cedricroetheli/Desktop/BA Cédric/Input/Code/boxoffice-analysis-pipeline/data/raw/subtitles/2021_Sing_2_tt6467266_7162903.srt,Buster,individual_civilian,Jimmy Crystal,corporate_institutional,Buster and his cast,1,0,0,1,medium,False,0,False,False,0,0,12,0.0,0.0,success,,
2021,11,Dune: Part One,890,438631.0,tt1160419,Dune,2021-09-15,MANUAL_ACCEPTED,402127830,108327830.0,293800000.0,26.9,73.1,13.0,8.0,0.3687128318584071,2.0,-3.0,False,False,False,False,"Paul Atreides, a brilliant and gifted young man born into a great destiny beyond his understanding, must travel to the most dangerous planet in the universe to ensure the future of his family and his people. As malevolent forces explode into conflict over the planet's exclusive supply of the most precious resource in existence-a commodity capable of unlocking humanity's greatest potential-only those who can conquer their fear will survive.",https://www.boxofficemojo.com/year/world/2021/,True,en,/Users/cedricroetheli/Desktop/BA Cédric/Input/Code/boxoffice-analysis-pipeline/data/raw/subtitles/2021_Dune_Part_One_tt1160419_9919581.srt,Paul Atreides,individual_civilian,malevolent forces fighting over Arrakis and its spice,collective_civilian,Paul Atreides's family and his people,2,0,2,2,medium,True,1,False,True,0,1,30,0.0,0.0333333333333333,success,,
2021,12,Eternals,891,524434.0,tt9032400,Eternals,2021-11-03,HIGH,402064899,164870234.0,237194665.0,41.0,59.0,6.0,11.0,0.6950840736658221,-6.0,-1.0,False,False,False,False,"The Eternals are a team of ancient aliens who have been living on Earth in secret for thousands of years. When an unexpected tragedy forces them out of the shadows, they are forced to reunite against mankind’s most ancient enemy, the Deviants.",https://www.boxofficemojo.com/year/world/2021/,True,en,/Users/cedricroetheli/Desktop/BA Cédric/Input/Code/boxoffice-analysis-pipeline/data/raw/subtitles/2021_Eternals_tt9032400_7599436.srt,the Eternals,collective_civilian,the Deviants,non_human,mankind,3,3,3,6,high,False,0,False,False,0,0,12,0.0,0.0,success,,
2021,13,Black Widow,892,497698.0,tt3480822,Black Widow,2021-07-07,HIGH,379751655,183651655.0,196100000.0,48.4,51.6,4.0,17.0,0.936520423253442,-9.0,4.0,False,False,False,False,"Natasha Romanoff, also known as Black Widow, confronts the darker parts of her ledger when a dangerous conspiracy with ties to her past arises. Pursued by a force that will stop at nothing to bring her down, Natasha must deal with her history as a spy and the broken relationships left in her wake long before she became an Avenger.",https://www.boxofficemojo.com/year/world/2021/,True,en,/Users/cedricroetheli/Desktop/BA Cédric/Input/Code/boxoffice-analysis-pipeline/data/raw/subtitles/2021_Black_Widow_tt3480822_7070817.srt,Natasha Romanoff,individual_civilian,a dangerous conspiracy tied to Natasha's past,collective_civilian,Natasha Romanoff,0,0,2,0,medium,True,2,True,True,1,2,11,0.0909090909090909,0.1818181818181818,success,,
2021,14,Free Guy,893,550988.0,tt6264654,Free Guy,2021-08-11,HIGH,331526598,121626598.0,209900000.0,36.7,63.3,11.0,13.0,0.5794502048594569,-3.0,-1.0,False,False,False,False,"A bank teller discovers he is actually a background player in an open-world video game, and decides to become the hero of his own story. Now, in a world where there are no limits, he is determined to be the guy who saves his world his way before it's too late.",https://www.boxofficemojo.com/year/world/2021/,True,en,/Users/cedricroetheli/Desktop/BA Cédric/Input/Code/boxoffice-analysis-pipeline/data/raw/subtitles/2021_Free_Guy_tt6264654_7023855.srt,Guy,individual_civilian,the video game system threatening Guy's world,corporate_institutional,Guy's world,2,1,0,3,medium,False,0,False,False,0,0,14,0.0,0.0,success,,
2021,15,A Quiet Place Part II,894,520763.0,tt8332922,A Quiet Place Part II,2021-05-21,HIGH,297372261,160072261.0,137300000.0,53.8,46.2,9.0,23.0,1.1658576911871814,-6.0,8.0,False,False,False,False,"Following the events at home, the Abbott family now face the terrors of the outside world. Forced to venture into the unknown, they realize that the creatures that hunt by sound are not the only threats that lurk beyond the sand path.",https://www.boxofficemojo.com/year/world/2021/,True,en,/Users/cedricroetheli/Desktop/BA Cédric/Input/Code/boxoffice-analysis-pipeline/data/raw/subtitles/2021_A_Quiet_Place_Part_II_tt8332922_6910151.srt,the Abbott family,collective_civilian,the creatures that hunt by sound and other outside threats,non_human,the Abbott family,1,0,0,1,medium,False,0,False,False,0,0,28,0.0,0.0,success,,
2021,16,Encanto,895,568124.0,tt2953050,Encanto,2021-10-13,HIGH,256786742,96093622.0,160693120.0,37.4,62.6,15.0,19.0,0.5979946247854295,-1.0,3.0,False,False,False,False,"The tale of an extraordinary family, the Madrigals, who live hidden in the mountains of Colombia, in a magical house, in a vibrant town, in a wondrous, charmed place called an Encanto. The magic of the Encanto has blessed every child in the family—every child except one, Mirabel. But when she discovers that the magic surrounding the Encanto is in danger, Mirabel decides that she, the only ordinary Madrigal, might just be her exceptional family's last hope.",https://www.boxofficemojo.com/year/world/2021/,True,en,/Users/cedricroetheli/Desktop/BA Cédric/Input/Code/boxoffice-analysis-pipeline/data/raw/subtitles/2021_Encanto_tt2953050_8542606.srt,Mirabel,individual_civilian,the danger threatening the Encanto's magic,none,the Madrigal family and the Encanto,1,0,0,1,medium,True,1,True,True,1,1,19,0.0526315789473684,0.0526315789473684,success_with_warnings,villain_actor unresolved (none),
2021,17,Cruella,896,337404.0,tt3228774,Cruella,2021-05-26,HIGH,233503234,86103234.0,147400000.0,36.9,63.1,17.0,21.0,0.5841467706919946,0.0,4.0,False,False,False,False,"In 1970s London amidst the punk rock revolution, a young grifter named Estella is determined to make a name for herself with her designs. She befriends a pair of young thieves who appreciate her appetite for mischief, and together they are able to build a life for themselves on the London streets. One day, Estella’s flair for fashion catches the eye of the Baroness von Hellman, a fashion legend who is devastatingly chic and terrifyingly haute. But their relationship sets in motion a course of events and revelations that will cause Estella to embrace her wicked side and become the raucous, fashionable and revenge-bent Cruella.",https://www.boxofficemojo.com/year/world/2021/,True,en,/Users/cedricroetheli/Desktop/BA Cédric/Input/Code/boxoffice-analysis-pipeline/data/raw/subtitles/2021_Cruella_tt3228774_7090211.srt,Estella / Cruella,individual_civilian,the Baroness von Hellman,individual_civilian,Estella / Cruella,0,0,0,0,medium,False,0,False,False,0,0,8,0.0,0.0,success,,
2021,18,"My Country, My Parents",897,869724.0,tt15465312,"My Country, My Parents",2021-09-30,HIGH,221831086,177133.0,221653953.0,0.1,99.9,100.0,12.0,0.0007991420753051,82.0,-6.0,False,False,False,False,"This anthology drama presents four short films honoring Chinese families, spotlighting the struggles of key groups across four pivotal eras: the revolution, construction, reform and opening up, and the new era, while highlighting their perseverance, dedication to ideals, and commitment to passing on the national spirit through generations.",https://www.boxofficemojo.com/year/world/2021/,True,en,/Users/cedricroetheli/Desktop/BA Cédric/Input/Code/boxoffice-analysis-pipeline/data/raw/subtitles/2021_My_Country_My_Parents_tt15465312_7210637.srt,Chinese families across four eras,collective_civilian,"historical hardships across revolution, construction, reform, and the new era",none,Chinese families and the national community,2,1,1,3,medium,False,0,False,False,0,0,0,0.0,0.0,success_with_warnings,villain_actor unresolved (none),
2021,19,Jungle Cruise,898,451048.0,tt0870154,Jungle Cruise,2021-07-28,HIGH,220889446,116987516.0,103901930.0,53.0,47.0,12.0,32.0,1.125941702911582,-7.0,13.0,False,False,False,False,"Dr. Lily Houghton enlists the aid of wisecracking skipper Frank Wolff to take her down the Amazon in his dilapidated boat. Together, they search for an ancient tree that holds the power to heal – a discovery that will change the future of medicine.",https://www.boxofficemojo.com/year/world/2021/,True,en,/Users/cedricroetheli/Desktop/BA Cédric/Input/Code/boxoffice-analysis-pipeline/data/raw/subtitles/2021_Jungle_Cruise_tt0870154_7028189.srt,Dr. Lily Houghton and Frank Wolff,collective_civilian,unresolved antagonistic forces seeking the ancient tree,none,future patients and medicine,2,3,2,5,medium,False,0,False,False,0,0,5,0.0,0.0,success_with_warnings,villain_actor unresolved (none),
2021,20,The Conjuring: The Devil Made Me Do It,899,423108.0,tt7069210,The Conjuring: The Devil Made Me Do It,2021-05-25,HIGH,206431050,65631050.0,140800000.0,31.8,68.2,19.0,22.0,0.4661296164772727,-1.0,2.0,False,False,False,False,"Paranormal investigators Ed and Lorraine Warren encounter what would become one of the most sensational cases from their files. The fight for the soul of a young boy takes them beyond anything they'd ever seen before, to mark the first time in U.S. history that a murder suspect would claim demonic possession as a defense.",https://www.boxofficemojo.com/year/world/2021/,True,en,/Users/cedricroetheli/Desktop/BA Cédric/Input/Code/boxoffice-analysis-pipeline/data/raw/subtitles/2021_The_Conjuring_The_Devil_Made_Me_Do_It_tt7069210_6959818.srt,Ed and Lorraine Warren,collective_civilian,demonic possession,non_human,a young boy,0,1,0,1,medium,False,0,False,False,0,0,8,0.0,0.0,success,,
2022,1,Avatar: The Way of Water,900,76600.0,tt1630029,Avatar: The Way of Water,2022-12-14,HIGH,2320631329,684075767.0,1636555562.0,29.5,70.5,2.0,1.0,0.4179972760374878,1.0,0.0,False,False,False,False,"Set more than a decade after the events of the first film, learn the story of the Sully family (Jake, Neytiri, and their kids), the trouble that follows them, the lengths they go to keep each other safe, the battles they fight to stay alive, and the tragedies they endure.",https://www.boxofficemojo.com/year/world/2022/,True,en,/Users/cedricroetheli/Desktop/BA Cédric/Input/Code/boxoffice-analysis-pipeline/data/raw/subtitles/2022_Avatar_The_Way_of_Water_tt1630029_10530160.srt,the Sully family,collective_civilian,the trouble that follows the Sully family,none,the Sully family,1,0,0,1,medium,True,1,True,True,1,1,15,0.0666666666666666,0.0666666666666666,success_with_warnings,villain_actor unresolved (none),
2022,2,Top Gun: Maverick,901,361743.0,tt1745960,Top Gun: Maverick,2022-05-21,HIGH,1495696292,718732821.0,776963471.0,48.1,51.9,1.0,2.0,0.9250535550596046,-1.0,0.0,False,False,False,False,"After more than thirty years of service as one of the Navy’s top aviators, and dodging the advancement in rank that would ground him, Pete “Maverick” Mitchell finds himself training a detachment of TOP GUN graduates for a specialized mission the likes of which no living pilot has ever seen.",https://www.boxofficemojo.com/year/world/2022/,True,en,/Users/cedricroetheli/Desktop/BA Cédric/Input/Code/boxoffice-analysis-pipeline/data/raw/subtitles/2022_Top_Gun_Maverick_tt1745960_8542850.srt,"Pete ""Maverick"" Mitchell",state_military,an unnamed hostile target/defense force,state_military,the Navy mission team and U.S. military interests,1,1,2,2,medium,True,2,True,True,1,2,11,0.0909090909090909,0.1818181818181818,success,,
2022,3,Jurassic World: Dominion,902,507086.0,tt8041270,Jurassic World Dominion,2022-06-01,HIGH,1001978080,376851080.0,625127000.0,37.6,62.4,5.0,4.0,0.6028392310682469,2.0,1.0,False,False,False,False,"Four years after Isla Nublar was destroyed, dinosaurs now live—and hunt—alongside humans all over the world. This fragile balance will reshape the future and determine, once and for all, whether human beings are to remain the apex predators on a planet they now share with history's most fearsome creatures.",https://www.boxofficemojo.com/year/world/2022/,True,en,/Users/cedricroetheli/Desktop/BA Cédric/Input/Code/boxoffice-analysis-pipeline/data/raw/subtitles/2022_Jurassic_World_Dominion_tt8041270_8542639.srt,human beings,collective_civilian,dinosaurs,non_human,human beings,3,0,3,3,medium,False,0,False,False,0,0,15,0.0,0.0,success,,
2022,4,Doctor Strange in the Multiverse of Madness,903,453395.0,tt9419884,Doctor Strange in the Multiverse of Madness,2022-05-04,HIGH,955775804,411331607.0,544444197.0,43.0,57.0,4.0,6.0,0.7555073766356996,0.0,2.0,False,False,False,False,"Doctor Strange, with the help of mystical allies both old and new, traverses the mind-bending and dangerous alternate realities of the Multiverse to confront a mysterious new adversary.",https://www.boxofficemojo.com/year/world/2022/,True,en,/Users/cedricroetheli/Desktop/BA Cédric/Input/Code/boxoffice-analysis-pipeline/data/raw/subtitles/2022_Doctor_Strange_in_the_Multiverse_of_Madness_tt9419884_8542698.srt,Doctor Strange,individual_civilian,a mysterious new adversary,individual_civilian,the Multiverse and its inhabitants,3,3,3,6,medium,False,0,False,False,0,0,7,0.0,0.0,success,,
2022,5,Minions: The Rise of Gru,904,438148.0,tt5113044,Minions: The Rise of Gru,2022-06-29,HIGH,940482695,370549695.0,569933000.0,39.4,60.6,6.0,5.0,0.6501636069502906,1.0,0.0,False,False,False,False,"A fanboy of a supervillain supergroup known as the Vicious 6, Gru hatches a plan to become evil enough to join them, with the backup of his followers, the Minions.",https://www.boxofficemojo.com/year/world/2022/,True,en,/Users/cedricroetheli/Desktop/BA Cédric/Input/Code/boxoffice-analysis-pipeline/data/raw/subtitles/2022_Minions_The_Rise_of_Gru_tt5113044_7676841.srt,Gru,individual_civilian,the Vicious 6,collective_civilian,Gru,0,0,0,0,medium,False,0,False,False,0,0,6,0.0,0.0,success,,
2022,6,Black Panther: Wakanda Forever,905,505642.0,tt9114286,Black Panther: Wakanda Forever,2022-11-09,HIGH,859208836,453829060.0,405379776.0,52.8,47.2,3.0,9.0,1.11951578955927,-3.0,3.0,False,False,False,False,"Queen Ramonda, Shuri, M’Baku, Okoye and the Dora Milaje fight to protect their nation from intervening world powers in the wake of King T’Challa’s death.  As the Wakandans strive to embrace their next chapter, the heroes must band together with the help of War Dog Nakia and Everett Ross and forge a new path for the kingdom of Wakanda.",https://www.boxofficemojo.com/year/world/2022/,True,en,/Users/cedricroetheli/Desktop/BA Cédric/Input/Code/boxoffice-analysis-pipeline/data/raw/subtitles/2022_Black_Panther_Wakanda_Forever_tt9114286_8049689.srt,"Queen Ramonda, Shuri, M’Baku, Okoye and the Dora Milaje",state_military,intervening world powers,state_military,the kingdom of Wakanda,2,1,2,3,medium,False,0,False,False,0,0,17,0.0,0.0,success,,
2022,7,The Batman,906,414906.0,tt1877830,The Batman,2022-03-01,HIGH,772245583,369345583.0,402900000.0,47.8,52.2,7.0,10.0,0.9167177537850584,0.0,3.0,False,False,False,False,"In his second year of fighting crime, Batman uncovers corruption in Gotham City that connects to his own family while facing a serial killer known as the Riddler.",https://www.boxofficemojo.com/year/world/2022/,True,en,/Users/cedricroetheli/Desktop/BA Cédric/Input/Code/boxoffice-analysis-pipeline/data/raw/subtitles/2022_The_Batman_tt1877830_7585913.srt,Batman,individual_civilian,the Riddler,individual_civilian,Gotham City,2,1,0,3,high,True,1,False,True,0,1,25,0.0,0.04,success,,
2022,8,Thor: Love and Thunder,907,616037.0,tt10648342,Thor: Love and Thunder,2022-07-06,HIGH,760928081,343256830.0,417671251.0,45.1,54.9,8.0,8.0,0.8218349459728556,0.0,0.0,False,False,False,False,"After his retirement is interrupted by Gorr the God Butcher, a galactic killer who seeks the extinction of the gods, Thor Odinson enlists the help of King Valkyrie, Korg, and ex-girlfriend Jane Foster, who now wields Mjolnir as the Mighty Thor. Together they embark upon a harrowing cosmic adventure to uncover the mystery of the God Butcher’s vengeance and stop him before it’s too late.",https://www.boxofficemojo.com/year/world/2022/,True,en,/Users/cedricroetheli/Desktop/BA Cédric/Input/Code/boxoffice-analysis-pipeline/data/raw/subtitles/2022_Thor_Love_and_Thunder_tt10648342_7700938.srt,Thor Odinson,non_human,Gorr the God Butcher,individual_civilian,the gods,2,2,2,4,high,False,0,False,False,0,0,15,0.0,0.0,success,,
2022,9,Water Gate Bridge,908,928123.0,tt16194408,The Battle at Lake Changjin II: Water Gate Bridge,2022-02-01,MANUAL_ACCEPTED,626571697,117294.0,626454403.0,0.1,100.0,125.0,3.0,0.0001872346964731,116.0,-6.0,False,False,False,False,Commander Wu Qianli leads the 7th Infantry Company soldiers to Funchilin Pass where they are tasked to destroy a bridge to stop enemy troops from retreating.,https://www.boxofficemojo.com/year/world/2022/,True,en,/Users/cedricroetheli/Desktop/BA Cédric/Input/Code/boxoffice-analysis-pipeline/data/raw/subtitles/2022_Water_Gate_Bridge_tt16194408_7649651.srt,Commander Wu Qianli and the 7th Infantry Company soldiers,state_military,enemy troops,state_military,the 7th Infantry Company and their side's military position,1,1,2,2,medium,False,0,False,False,0,0,5,0.0,0.0,success,,
2022,10,Puss in Boots: The Last Wish,909,315162.0,tt3915174,Puss in Boots: The Last Wish,2022-12-07,HIGH,480466413,186090535.0,294375878.0,38.7,61.3,10.0,12.0,0.6321527981990427,0.0,2.0,False,False,False,False,"Puss in Boots discovers that his passion for adventure has taken its toll: He has burned through eight of his nine lives, leaving him with only one life left. Puss sets out on an epic journey to find the mythical Last Wish and restore his nine lives.",https://www.boxofficemojo.com/year/world/2022/,True,en,/Users/cedricroetheli/Desktop/BA Cédric/Input/Code/boxoffice-analysis-pipeline/data/raw/subtitles/2022_Puss_in_Boots_The_Last_Wish_tt3915174_8270199.srt,Puss in Boots,non_human,the loss of Puss in Boots's remaining lives / mortality,non_human,Puss in Boots,0,0,0,0,medium,False,0,False,False,0,0,8,0.0,0.0,success,,
2022,11,Moon Man,910,801803.0,tt14557302,Moon Man,2022-07-29,HIGH,460237662,,460237662.0,,100.0,,7.0,,,-4.0,True,False,False,True,"Working as a maintenance crew member on the moon, Duguyue is left behind after the evacuation mission forgets about him. A meteorite then destroys planet Earth, leaving him as the only man left alive in existence.",https://www.boxofficemojo.com/year/world/2022/,True,en,/Users/cedricroetheli/Desktop/BA Cédric/Input/Code/boxoffice-analysis-pipeline/data/raw/subtitles/2022_Moon_Man_tt14557302_8061979.srt,Duguyue,individual_civilian,the meteorite,non_human,planet Earth,3,3,3,6,high,False,0,False,False,0,0,2,0.0,0.0,success,,
2022,12,Fantastic Beasts: The Secrets of Dumbledore,911,338953.0,tt4123432,Fantastic Beasts: The Secrets of Dumbledore,2022-04-06,HIGH,407150844,95850844.0,311300000.0,23.5,76.5,20.0,11.0,0.3079050562158689,8.0,-1.0,False,False,False,False,"Professor Albus Dumbledore knows the powerful, dark wizard Gellert Grindelwald is moving to seize control of the wizarding world. Unable to stop him alone, he entrusts magizoologist Newt Scamander to lead an intrepid team of wizards and witches. They soon encounter an array of old and new beasts as they clash with Grindelwald's growing legion of followers.",https://www.boxofficemojo.com/year/world/2022/,True,en,/Users/cedricroetheli/Desktop/BA Cédric/Input/Code/boxoffice-analysis-pipeline/data/raw/subtitles/2022_Fantastic_Beasts_The_Secrets_of_Dumbledore_tt4123432_8542614.srt,Newt Scamander,individual_civilian,Gellert Grindelwald,individual_civilian,the wizarding world,2,2,2,4,high,True,2,True,True,1,2,17,0.0588235294117647,0.1176470588235294,success,,
2022,13,Uncharted,912,335787.0,tt1464335,Uncharted,2022-02-10,HIGH,407141258,148648820.0,258492438.0,36.5,63.5,13.0,13.0,0.5750606135719916,0.0,0.0,False,False,False,False,"A young street-smart, Nathan Drake and his wisecracking partner Victor “Sully” Sullivan embark on a dangerous pursuit of “the greatest treasure never found” while also tracking clues that may lead to Nathan’s long-lost brother.",https://www.boxofficemojo.com/year/world/2022/,True,en,/Users/cedricroetheli/Desktop/BA Cédric/Input/Code/boxoffice-analysis-pipeline/data/raw/subtitles/2022_Uncharted_tt1464335_7431221.srt,Nathan Drake,individual_civilian,rival treasure hunters,collective_civilian,"Nathan Drake and Victor ""Sully"" Sullivan",1,0,2,1,medium,False,0,False,False,0,0,7,0.0,0.0,success,,
2022,14,Sonic the Hedgehog 2,913,675353.0,tt12412888,Sonic the Hedgehog 2,2022-03-30,HIGH,405421518,190872904.0,214548614.0,47.1,52.9,9.0,17.0,0.889648739469368,-5.0,3.0,False,False,False,False,"After settling in Green Hills, Sonic is eager to prove he has what it takes to be a true hero. His test comes when Dr. Robotnik returns, this time with a new partner, Knuckles, in search for an emerald that has the power to destroy civilizations. Sonic teams up with his own sidekick, Tails, and together they embark on a globe-trotting journey to find the emerald before it falls into the wrong hands.",https://www.boxofficemojo.com/year/world/2022/,True,en,/Users/cedricroetheli/Desktop/BA Cédric/Input/Code/boxoffice-analysis-pipeline/data/raw/subtitles/2022_Sonic_the_Hedgehog_2_tt12412888_7549972.srt,Sonic,non_human,Dr. Robotnik,individual_civilian,civilizations,2,3,2,5,high,False,0,False,False,0,0,10,0.0,0.0,success,,
2022,15,Black Adam,914,436270.0,tt6443346,Black Adam,2022-10-19,HIGH,393452111,168152111.0,225300000.0,42.7,57.3,11.0,15.0,0.7463475854416334,-4.0,0.0,False,False,False,False,"Nearly 5,000 years after he was bestowed with the almighty powers of the Egyptian gods—and imprisoned just as quickly—Black Adam is freed from his earthly tomb, ready to unleash his unique form of justice on the modern world.",https://www.boxofficemojo.com/year/world/2022/,True,en,/Users/cedricroetheli/Desktop/BA Cédric/Input/Code/boxoffice-analysis-pipeline/data/raw/subtitles/2022_Black_Adam_tt6443346_8090553.srt,Black Adam,non_human,,none,the modern world,3,3,3,6,medium,False,0,False,False,0,0,9,0.0,0.0,success_with_warnings,villain_actor unresolved (none),
2022,16,Elvis,915,614934.0,tt3704428,Elvis,2022-06-22,HIGH,287740048,151040048.0,136700000.0,52.5,47.5,12.0,23.0,1.104901594732992,-4.0,7.0,False,False,False,False,"The life story of Elvis Presley as seen through the complicated relationship with his enigmatic manager, Colonel Tom Parker.",https://www.boxofficemojo.com/year/world/2022/,True,en,/Users/cedricroetheli/Desktop/BA Cédric/Input/Code/boxoffice-analysis-pipeline/data/raw/subtitles/2022_Elvis_tt3704428_7681575.srt,Elvis Presley,individual_civilian,Colonel Tom Parker,individual_civilian,Elvis Presley,0,0,0,0,medium,False,0,False,False,0,0,11,0.0,0.0,success,,
2022,17,The Bad Guys,916,629542.0,tt8115900,The Bad Guys,2022-03-17,HIGH,250387888,97459240.0,152928648.0,38.9,61.1,19.0,21.0,0.6372856967910944,2.0,4.0,False,False,False,False,"When the Bad Guys, a crew of criminal animals, are finally caught after years of heists and being the world’s most-wanted villains, Mr. Wolf brokers a deal to save them all from prison.",https://www.boxofficemojo.com/year/world/2022/,True,en,/Users/cedricroetheli/Desktop/BA Cédric/Input/Code/boxoffice-analysis-pipeline/data/raw/subtitles/2022_The_Bad_Guys_tt8115900_7601185.srt,Mr. Wolf,individual_civilian,prison/incarceration threat,corporate_institutional,the Bad Guys,1,0,1,1,medium,False,0,False,False,0,0,24,0.0,0.0,success,,
2022,18,The First Slam Dunk,917,783675.0,tt15242330,The First Slam Dunk,2022-12-03,HIGH,246868956,1291869.0,245577087.0,0.5,99.5,109.0,14.0,0.0052605437086237,91.0,-4.0,False,False,False,False,"Shohoku's “speedster” and point guard, Ryota Miyagi, always plays with brains and lightning speed, running circles around his opponents while feigning composure. In his second year of high school, Ryota plays with the Shohoku High School basketball team along with Sakuragi, Rukawa, Akagi, and Mitsui as they take the stage at the Inter-High School National Championship. And now, they are on the brink of challenging the reigning champions, Sannoh Kogyo High School.",https://www.boxofficemojo.com/year/world/2022/,True,en,/Users/cedricroetheli/Desktop/BA Cédric/Input/Code/boxoffice-analysis-pipeline/data/raw/subtitles/2022_The_First_Slam_Dunk_tt15242330_8580838.srt,Ryota Miyagi and the Shohoku High School basketball team,collective_civilian,Sannoh Kogyo High School,collective_civilian,Shohoku High School basketball team,1,0,1,1,medium,False,0,False,False,0,0,19,0.0,0.0,success,,
2022,19,Bullet Train,918,718930.0,tt12593682,Bullet Train,2022-08-03,HIGH,239268602,103368602.0,135900000.0,43.2,56.8,18.0,24.0,0.7606225312729948,-1.0,5.0,False,False,False,False,"Unlucky assassin Ladybug is determined to do his job peacefully after one too many gigs gone off the rails. Fate, however, may have other plans, as Ladybug's latest mission puts him on a collision course with lethal adversaries from around the globe—all with connected, yet conflicting, objectives—on the world's fastest train.",https://www.boxofficemojo.com/year/world/2022/,True,en,/Users/cedricroetheli/Desktop/BA Cédric/Input/Code/boxoffice-analysis-pipeline/data/raw/subtitles/2022_Bullet_Train_tt12593682_7737844.srt,Ladybug,individual_civilian,lethal adversaries from around the globe,collective_civilian,Ladybug,0,0,2,0,medium,False,0,False,False,0,0,20,0.0,0.0,success,,
2022,20,Lightyear,919,718789.0,tt10298810,Lightyear,2022-06-15,HIGH,226425420,118307188.0,108118232.0,52.2,47.8,15.0,28.0,1.0942390178929304,-5.0,8.0,False,False,False,False,Legendary Space Ranger Buzz Lightyear embarks on an intergalactic adventure alongside a group of ambitious recruits and his robot companion Sox.,https://www.boxofficemojo.com/year/world/2022/,True,en,/Users/cedricroetheli/Desktop/BA Cédric/Input/Code/boxoffice-analysis-pipeline/data/raw/subtitles/2022_Lightyear_tt10298810_7642962.srt,Buzz Lightyear,individual_civilian,unresolved central threat,none,Buzz Lightyear and his group of recruits,1,0,2,1,low,False,0,False,False,0,0,13,0.0,0.0,success_with_warnings,villain_actor unresolved (none),
2023,1,Barbie,920,346698.0,tt1517268,Barbie,2023-07-19,HIGH,1447138421,636238421.0,810900000.0,44.0,56.0,1.0,1.0,0.7846077457146381,0.0,0.0,False,False,False,False,"Barbie and Ken are having the time of their lives in the colorful and seemingly perfect world of Barbie Land. However, when they get a chance to go to the real world, they soon discover the joys and perils of living among humans.",https://www.boxofficemojo.com/year/world/2023/,True,en,/Users/cedricroetheli/Desktop/BA Cédric/Input/Code/boxoffice-analysis-pipeline/data/raw/subtitles/2023_Barbie_tt1517268_8342753.srt,Barbie,individual_civilian,the perils of the real world,none,Barbie,0,0,2,0,low,False,0,False,False,0,0,25,0.0,0.0,success_with_warnings,villain_actor unresolved (none),
2023,2,The Super Mario Bros. Movie,921,502356.0,tt6718170,The Super Mario Bros. Movie,2023-04-05,HIGH,1360879735,574934330.0,785945405.0,42.2,57.8,2.0,2.0,0.7315194240495623,0.0,0.0,False,False,False,False,"While working underground to fix a water main, Brooklyn plumbers—and brothers—Mario and Luigi are transported down a mysterious pipe and wander into a magical new world. But when the brothers are separated, Mario embarks on an epic quest to find Luigi.",https://www.boxofficemojo.com/year/world/2023/,True,en,/Users/cedricroetheli/Desktop/BA Cédric/Input/Code/boxoffice-analysis-pipeline/data/raw/subtitles/2023_The_Super_Mario_Bros_Movie_tt6718170_8492005.srt,Mario,individual_civilian,,none,Luigi,0,0,,0,medium,False,0,False,False,0,0,14,0.0,0.0,success_with_warnings,villain_actor unresolved (none) | conflict_scale unresolved (none),
2023,3,Oppenheimer,922,872585.0,tt15398776,Oppenheimer,2023-07-19,HIGH,975811333,330078895.0,645732438.0,33.8,66.2,5.0,4.0,0.511169759447643,2.0,1.0,False,False,False,False,The story of J. Robert Oppenheimer's role in the development of the atomic bomb during World War II.,https://www.boxofficemojo.com/year/world/2023/,True,en,/Users/cedricroetheli/Desktop/BA Cédric/Input/Code/boxoffice-analysis-pipeline/data/raw/subtitles/2023_Oppenheimer_tt15398776_8542672.srt,J. Robert Oppenheimer,individual_civilian,World War II enemy powers,state_military,the United States and its allies,2,2,2,4,medium,True,2,True,True,2,2,25,0.08,0.08,success,,
2023,4,Guardians of the Galaxy Vol. 3,923,447365.0,tt6791350,Guardians of the Galaxy Vol. 3,2023-05-03,HIGH,845555777,358995815.0,486559962.0,42.5,57.5,4.0,8.0,0.7378244061109163,0.0,4.0,False,False,False,False,"Peter Quill, still reeling from the loss of Gamora, must rally his team around him to defend the universe along with protecting one of their own. A mission that, if not completed successfully, could quite possibly lead to the end of the Guardians as we know them.",https://www.boxofficemojo.com/year/world/2023/,True,en,/Users/cedricroetheli/Desktop/BA Cédric/Input/Code/boxoffice-analysis-pipeline/data/raw/subtitles/2023_Guardians_of_the_Galaxy_Vol_3_tt6791350_8242992.srt,Peter Quill and the Guardians,collective_civilian,the threat endangering Rocket and the universe,none,Rocket and the universe,3,0,3,3,medium,False,0,False,False,0,0,19,0.0,0.0,success_with_warnings,villain_actor unresolved (none),
2023,5,Fast X,924,385687.0,tt5433140,Fast X,2023-05-17,HIGH,704875015,146126015.0,558749000.0,20.7,79.3,18.0,6.0,0.261523537402304,13.0,1.0,False,False,False,False,"Over many missions and against impossible odds, Dom Toretto and his family have outsmarted, out-nerved and outdriven every foe in their path. Now, they confront the most lethal opponent they've ever faced: A terrifying threat emerging from the shadows of the past who's fueled by blood revenge, and who is determined to shatter this family and destroy everything—and everyone—that Dom loves, forever.",https://www.boxofficemojo.com/year/world/2023/,True,en,/Users/cedricroetheli/Desktop/BA Cédric/Input/Code/boxoffice-analysis-pipeline/data/raw/subtitles/2023_Fast_X_tt5433140_8251609.srt,Dom Toretto,individual_civilian,a blood-revenge threat from Dom's past,individual_civilian,Dom Toretto's family and loved ones,1,0,2,1,medium,False,0,False,False,0,0,9,0.0,0.0,success,,
2023,6,Spider-Man: Across the Spider-Verse,925,569094.0,tt9362722,Spider-Man: Across the Spider-Verse,2023-05-31,HIGH,690542303,381311319.0,309230984.0,55.2,44.8,3.0,16.0,1.23309544880535,-3.0,10.0,False,False,False,False,"After reuniting with Gwen Stacy, Brooklyn’s full-time, friendly neighborhood Spider-Man is catapulted across the Multiverse, where he encounters the Spider Society, a team of Spider-People charged with protecting the Multiverse's very existence. But when the heroes clash on how to handle a new threat, Miles finds himself pitted against the other Spiders and must set out on his own to save those he loves most.",https://www.boxofficemojo.com/year/world/2023/,True,en,/Users/cedricroetheli/Desktop/BA Cédric/Input/Code/boxoffice-analysis-pipeline/data/raw/subtitles/2023_Spider_Man_Across_the_Spider_Verse_tt9362722_8300600.srt,Miles Morales,individual_civilian,the Spider Society,collective_civilian,those he loves most,0,0,3,0,medium,False,0,False,False,0,0,39,0.0,0.0,success,,
2023,7,Full River Red,926,1066298.0,tt21148018,Full River Red,2023-01-22,HIGH,670491959,,670491959.0,,100.0,,3.0,,,-4.0,True,False,False,True,"During China's Song Dynasty, a mysterious murder occurs at Chancellor Quin Hui's palace after meeting delegates from the neighboring Jin Dynasty. The members become embroiled not just in a murder mystery, but a larger conspiracy concerning the fate of the empire.",https://www.boxofficemojo.com/year/world/2023/,True,en,/Users/cedricroetheli/Desktop/BA Cédric/Input/Code/boxoffice-analysis-pipeline/data/raw/subtitles/2023_Full_River_Red_tt21148018_8332750.srt,members at Qin Hui's palace investigating the conspiracy,collective_civilian,the conspiracy at Chancellor Qin Hui's palace,collective_civilian,the Song empire,2,2,1,4,medium,False,0,False,False,0,0,4,0.0,0.0,success,,
2023,8,Wonka,927,787699.0,tt6166392,Wonka,2023-12-06,HIGH,634502312,218402312.0,416100000.0,34.4,65.6,7.0,10.0,0.5248793847632781,-1.0,2.0,False,False,False,False,"Willy Wonka – chock-full of ideas and determined to change the world one delectable bite at a time – is proof that the best things in life begin with a dream, and if you’re lucky enough to meet Willy Wonka, anything is possible.",https://www.boxofficemojo.com/year/world/2023/,True,en,/Users/cedricroetheli/Desktop/BA Cédric/Input/Code/boxoffice-analysis-pipeline/data/raw/subtitles/2023_Wonka_tt6166392_8511375.srt,Willy Wonka,individual_civilian,,none,,,,,,low,True,1,True,True,1,1,5,0.2,0.2,success_with_warnings,villain_actor unresolved (none) | conflict_scale unresolved (none) | hero_victim_distance unresolved (none) | victim_level unresolved (none),
2023,9,The Wandering Earth II,928,842675.0,tt13539646,The Wandering Earth II,2023-01-22,HIGH,615023132,5023132.0,610000000.0,0.8,99.2,118.0,5.0,0.0082346426229508,109.0,-4.0,False,False,False,False,"Humans built huge engines on the surface of the earth to find a new home. But the road to the universe is perilous. In order to save earth, young people once again have to step forward to start a race against time for life and death.",https://www.boxofficemojo.com/year/world/2023/,True,en,/Users/cedricroetheli/Desktop/BA Cédric/Input/Code/boxoffice-analysis-pipeline/data/raw/subtitles/2023_The_Wandering_Earth_II_tt13539646_8551617.srt,young people,collective_civilian,the perilous journey and threats endangering Earth,non_human,Earth and humanity,3,3,3,6,medium,False,0,False,False,0,0,7,0.0,0.0,success,,
2023,10,Mission: Impossible - Dead Reckoning Part One,929,575264.0,tt9603212,Mission: Impossible - Dead Reckoning Part One,2023-07-08,HIGH,571125435,172640980.0,398484455.0,30.2,69.8,13.0,11.0,0.4332439517621835,3.0,1.0,False,False,False,False,"Ethan Hunt and his IMF team embark on their most dangerous mission yet: To track down a terrifying new weapon that threatens all of humanity before it falls into the wrong hands. With control of the future and the world's fate at stake and dark forces from Ethan's past closing in, a deadly race around the globe begins. Confronted by a mysterious, all-powerful enemy, Ethan must consider that nothing can matter more than his mission—not even the lives of those he cares about most.",https://www.boxofficemojo.com/year/world/2023/,True,en,/Users/cedricroetheli/Desktop/BA Cédric/Input/Code/boxoffice-analysis-pipeline/data/raw/subtitles/2023_Mission_Impossible_Dead_Reckoning_Part_One_tt9603212_8630251.srt,Ethan Hunt and his IMF team,state_military,"a mysterious, all-powerful enemy seeking the new weapon",none,all of humanity,3,3,3,6,medium,True,3,True,True,1,3,20,0.05,0.15,success_with_warnings,villain_actor unresolved (none),
2023,11,The Little Mermaid,930,447277.0,tt5971474,The Little Mermaid,2023-05-18,HIGH,569626289,298172056.0,271454233.0,52.3,47.7,6.0,19.0,1.098424779399185,-5.0,8.0,False,False,False,False,"The youngest of King Triton’s daughters, and the most defiant, Ariel longs to find out more about the world beyond the sea, and while visiting the surface, falls for the dashing Prince Eric. With mermaids forbidden to interact with humans, Ariel makes a deal with the evil sea witch, Ursula, which gives her a chance to experience life on land, but ultimately places her life – and her father’s crown – in jeopardy.",https://www.boxofficemojo.com/year/world/2023/,True,en,/Users/cedricroetheli/Desktop/BA Cédric/Input/Code/boxoffice-analysis-pipeline/data/raw/subtitles/2023_The_Little_Mermaid_tt5971474_8332047.srt,Ariel,individual_civilian,Ursula,individual_civilian,Ariel and King Triton's kingdom,2,0,0,2,medium,False,0,False,False,0,0,5,0.0,0.0,success,,
2023,12,No More Bets,931,1121612.0,tt28076784,No More Bets,2023-08-05,HIGH,532600264,,532600264.0,,100.0,,7.0,,,-5.0,True,False,False,True,"A depressed programmer and a model decide to seek gold as a seemingly good job opportunity, but they inadvertently become involved in a well-planned Internet scam.",https://www.boxofficemojo.com/year/world/2023/,True,en,/Users/cedricroetheli/Desktop/BA Cédric/Input/Code/boxoffice-analysis-pipeline/data/raw/subtitles/2023_No_More_Bets_tt28076784_10133637.srt,a depressed programmer and a model,collective_civilian,a well-planned Internet scam,collective_civilian,the programmer and the model,0,0,0,0,medium,True,1,True,True,1,1,9,0.1111111111111111,0.1111111111111111,success,,
2023,13,Elemental,932,976573.0,tt15789038,Elemental,2023-06-14,HIGH,496444308,154426697.0,342017611.0,31.1,68.9,17.0,13.0,0.4515167992328909,4.0,0.0,False,False,False,False,"In a city where fire, water, land and air residents live together, a fiery young woman and a go-with-the-flow guy will discover something elemental: how much they have in common.",https://www.boxofficemojo.com/year/world/2023/,True,en,/Users/cedricroetheli/Desktop/BA Cédric/Input/Code/boxoffice-analysis-pipeline/data/raw/subtitles/2023_Elemental_tt15789038_8496433.srt,a fiery young woman and a go-with-the-flow guy,collective_civilian,,none,the two protagonists and their relationship,0,0,0,0,low,False,0,False,False,0,0,11,0.0,0.0,success_with_warnings,villain_actor unresolved (none),
2023,14,Lost in the Stars,933,1108211.0,tt17507018,Lost in the Stars,2023-06-22,HIGH,487637474,1721446.0,485916028.0,0.4,99.6,125.0,9.0,0.0035426820701621,111.0,-5.0,False,False,False,False,"He Fei's wife, Li Muzi, disappears during their anniversary trip. When she reappears, he insists that she is not his wife. As Chen Mai, a top lawyer gets involved in this bizarre case, more mysteries start to emerge.",https://www.boxofficemojo.com/year/world/2023/,True,en,/Users/cedricroetheli/Desktop/BA Cédric/Input/Code/boxoffice-analysis-pipeline/data/raw/subtitles/2023_Lost_in_the_Stars_tt17507018_8373058.srt,He Fei,individual_civilian,the woman claiming to be Li Muzi,individual_civilian,Li Muzi,0,0,0,0,medium,False,0,False,False,0,0,5,0.0,0.0,success,,
2023,15,Ant-Man and the Wasp: Quantumania,934,640146.0,tt10954600,Ant-Man and the Wasp: Quantumania,2023-02-15,HIGH,476071180,214504909.0,261566271.0,45.1,54.9,8.0,20.0,0.8200786293275558,-7.0,5.0,False,False,False,False,"Super-Hero partners Scott Lang and Hope van Dyne, along with with Hope's parents Janet van Dyne and Hank Pym, and Scott's daughter Cassie Lang, find themselves exploring the Quantum Realm, interacting with strange new creatures and embarking on an adventure that will push them beyond the limits of what they thought possible.",https://www.boxofficemojo.com/year/world/2023/,True,en,/Users/cedricroetheli/Desktop/BA Cédric/Input/Code/boxoffice-analysis-pipeline/data/raw/subtitles/2023_Ant_Man_and_the_Wasp_Quantumania_tt10954600_8105925.srt,Scott Lang and his family,collective_civilian,the threats within the Quantum Realm,none,Scott Lang and his family,1,0,0,1,low,False,0,False,False,0,0,11,0.0,0.0,success_with_warnings,villain_actor unresolved (none),
2023,16,John Wick: Chapter 4,935,603692.0,tt10366206,John Wick: Chapter 4,2023-03-22,HIGH,447142521,187131806.0,260010715.0,41.9,58.1,9.0,21.0,0.7197080551084212,-7.0,5.0,False,False,False,False,"With the price on his head ever increasing, John Wick uncovers a path to defeating The High Table. But before he can earn his freedom, Wick must face off against a new enemy with powerful alliances across the globe and forces that turn old friends into foes.",https://www.boxofficemojo.com/year/world/2023/,True,en,/Users/cedricroetheli/Desktop/BA Cédric/Input/Code/boxoffice-analysis-pipeline/data/raw/subtitles/2023_John_Wick_Chapter_4_tt10366206_8149489.srt,John Wick,individual_civilian,The High Table and its new enemy,corporate_institutional,John Wick,0,0,2,0,high,False,0,False,False,0,0,20,0.0,0.0,success,,
2023,17,Transformers: Rise of the Beasts,936,667538.0,tt5090568,Transformers: Rise of the Beasts,2023-06-06,HIGH,441656550,157341749.0,284314801.0,35.6,64.4,15.0,18.0,0.553406816833289,-2.0,1.0,False,False,False,False,"When a new threat capable of destroying the entire planet emerges, Optimus Prime and the Autobots must team up with a powerful faction known as the Maximals. With the fate of humanity hanging in the balance, humans Noah and Elena will do whatever it takes to help the Transformers as they engage in the ultimate battle to save Earth.",https://www.boxofficemojo.com/year/world/2023/,True,en,/Users/cedricroetheli/Desktop/BA Cédric/Input/Code/boxoffice-analysis-pipeline/data/raw/subtitles/2023_Transformers_Rise_of_the_Beasts_tt5090568_8369890.srt,Optimus Prime and the Autobots,non_human,a new planet-destroying threat,non_human,humanity and Earth,3,3,3,6,high,False,0,False,False,0,0,9,0.0,0.0,success,,
2023,18,Aquaman and the Lost Kingdom,937,572802.0,tt9663764,Aquaman and the Lost Kingdom,2023-12-20,HIGH,440181226,124481226.0,315700000.0,28.3,71.7,21.0,15.0,0.3943022679759265,3.0,-3.0,False,False,False,False,"Black Manta seeks revenge on Aquaman for his father's death. Wielding the Black Trident's power, he becomes a formidable foe. To defend Atlantis, Arthur (Aquaman) forges an alliance with his imprisoned brother. They must protect the kingdom.",https://www.boxofficemojo.com/year/world/2023/,True,en,/Users/cedricroetheli/Desktop/BA Cédric/Input/Code/boxoffice-analysis-pipeline/data/raw/subtitles/2023_Aquaman_and_the_Lost_Kingdom_tt9663764_8586093.srt,Arthur Curry (Aquaman),individual_civilian,Black Manta,individual_civilian,Atlantis,2,1,1,3,high,False,0,False,False,0,0,11,0.0,0.0,success,,
2023,19,Meg 2: The Trench,938,615656.0,tt9224104,Meg 2: The Trench,2023-08-02,HIGH,398500317,82600317.0,315900000.0,20.7,79.3,31.0,14.0,0.2614761538461538,12.0,-5.0,False,False,False,False,An exploratory dive into the deepest depths of the ocean of a daring research team spirals into chaos when a malevolent mining operation threatens their mission and forces them into a high-stakes battle for survival.,https://www.boxofficemojo.com/year/world/2023/,True,en,/Users/cedricroetheli/Desktop/BA Cédric/Input/Code/boxoffice-analysis-pipeline/data/raw/subtitles/2023_Meg_2_The_Trench_tt9224104_8417634.srt,a daring research team,collective_civilian,a malevolent mining operation,corporate_institutional,the research team,1,0,0,1,high,False,0,False,False,0,0,12,0.0,0.0,success,,
2023,20,Indiana Jones and the Dial of Destiny,939,335977.0,tt1462764,Indiana Jones and the Dial of Destiny,2023-06-25,HIGH,383963057,174480468.0,209482589.0,45.4,54.6,12.0,25.0,0.8329115504678052,-8.0,5.0,False,False,False,False,"Finding himself in a new era, and approaching retirement, Indy wrestles with fitting into a world that seems to have outgrown him. But as the tentacles of an all-too-familiar evil return in the form of an old rival, Indy must don his hat and pick up his whip once more to make sure an ancient and powerful artifact doesn't fall into the wrong hands.",https://www.boxofficemojo.com/year/world/2023/,True,en,/Users/cedricroetheli/Desktop/BA Cédric/Input/Code/boxoffice-analysis-pipeline/data/raw/subtitles/2023_Indiana_Jones_and_the_Dial_of_Destiny_tt1462764_8460764.srt,Indiana Jones,individual_civilian,an old rival,individual_civilian,the world threatened by the artifact falling into the wrong hands,3,3,3,6,medium,False,0,False,False,0,0,12,0.0,0.0,success,,
2024,1,Inside Out 2,940,1022789.0,tt22022452,Inside Out 2,2024-06-11,HIGH,1698863816,652980194.0,1045883622.0,38.4,61.6,1.0,1.0,0.6243335111714753,0.0,0.0,False,False,False,False,"Teenager Riley's mind headquarters is undergoing a sudden demolition to make room for something entirely unexpected: new Emotions! Joy, Sadness, Anger, Fear and Disgust, who’ve long been running a successful operation by all accounts, aren’t sure how to feel when Anxiety shows up. And it looks like she’s not alone.",https://www.boxofficemojo.com/year/world/2024/,True,en,/Users/cedricroetheli/Desktop/BA Cédric/Input/Code/boxoffice-analysis-pipeline/data/raw/subtitles/2024_Inside_Out_2_tt22022452_10012097.srt,"Joy, Sadness, Anger, Fear and Disgust",collective_civilian,Anxiety and the new Emotions,collective_civilian,Riley,0,0,0,0,medium,False,0,False,False,0,0,17,0.0,0.0,success,,
2024,2,Deadpool & Wolverine,941,533535.0,tt6263850,Deadpool & Wolverine,2024-07-24,HIGH,1338073645,636745858.0,701327787.0,47.6,52.4,2.0,2.0,0.9079147722404446,0.0,0.0,False,False,False,False,"A listless Wade Wilson toils away in civilian life with his days as the morally flexible mercenary, Deadpool, behind him. But when his homeworld faces an existential threat, Wade must reluctantly suit-up again with an even more reluctant Wolverine.",https://www.boxofficemojo.com/year/world/2024/,True,en,/Users/cedricroetheli/Desktop/BA Cédric/Input/Code/boxoffice-analysis-pipeline/data/raw/subtitles/2024_Deadpool_Wolverine_tt6263850_10767927.srt,Wade Wilson (Deadpool),individual_civilian,the existential threat to Wade's homeworld,none,Wade's homeworld,2,2,3,4,medium,False,0,False,False,0,0,10,0.0,0.0,success_with_warnings,villain_actor unresolved (none),
2024,3,Moana 2,942,1241982.0,tt13622970,Moana 2,2024-11-21,HIGH,1059242164,460405297.0,598836867.0,43.5,56.5,4.0,4.0,0.7688325859202654,1.0,1.0,False,False,False,False,"After receiving an unexpected call from her wayfinding ancestors, Moana journeys alongside Maui and a new crew to the far seas of Oceania and into dangerous, long-lost waters for an adventure unlike anything she's ever faced.",https://www.boxofficemojo.com/year/world/2024/,True,en,/Users/cedricroetheli/Desktop/BA Cédric/Input/Code/boxoffice-analysis-pipeline/data/raw/subtitles/2024_Moana_2_tt13622970_10897625.srt,Moana,individual_civilian,"dangerous, long-lost waters",non_human,Moana and her crew,1,0,2,1,medium,False,0,False,False,0,0,12,0.0,0.0,success,,
2024,4,Despicable Me 4,943,519182.0,tt7510222,Despicable Me 4,2024-06-20,HIGH,972021410,361004205.0,611017205.0,37.1,62.9,5.0,3.0,0.5908249424825934,1.0,-1.0,False,False,False,False,"Gru and Lucy and their girls—Margo, Edith and Agnes—welcome a new member to the Gru family, Gru Jr., who is intent on tormenting his dad. Gru also faces a new nemesis in Maxime Le Mal and his femme fatale girlfriend Valentina, forcing the family to go on the run.",https://www.boxofficemojo.com/year/world/2024/,True,en,/Users/cedricroetheli/Desktop/BA Cédric/Input/Code/boxoffice-analysis-pipeline/data/raw/subtitles/2024_Despicable_Me_4_tt7510222_10313594.srt,Gru and his family,collective_civilian,Maxime Le Mal and Valentina,collective_civilian,the Gru family,1,0,0,1,high,False,0,False,False,0,0,8,0.0,0.0,success,,
2024,5,Wicked,944,402431.0,tt1262426,Wicked,2024-10-16,HIGH,758790057,474983975.0,283806082.0,62.6,37.4,3.0,15.0,1.6736215505064476,-2.0,10.0,False,False,False,False,"In the land of Oz, ostracized and misunderstood green-skinned Elphaba is forced to share a room with the popular aristocrat Glinda at Shiz University, and the two's unlikely friendship is tested as they begin to fulfill their respective destinies as Glinda the Good and the Wicked Witch of the West.",https://www.boxofficemojo.com/year/world/2024/,True,en,/Users/cedricroetheli/Desktop/BA Cédric/Input/Code/boxoffice-analysis-pipeline/data/raw/subtitles/2024_Wicked_tt1262426_10801460.srt,Elphaba,individual_civilian,social ostracism and misunderstanding in Oz,collective_civilian,Elphaba and her friendship with Glinda,1,0,0,1,medium,True,1,True,True,1,1,30,0.0333333333333333,0.0333333333333333,success,,
2024,6,Mufasa: The Lion King,945,762509.0,tt13186482,Mufasa: The Lion King,2024-12-18,HIGH,722631756,254567693.0,468064063.0,35.2,64.8,9.0,5.0,0.5438736128733729,3.0,-1.0,False,False,False,False,"Mufasa, a cub lost and alone, meets a sympathetic lion named Taka, the heir to a royal bloodline. The chance meeting sets in motion an expansive journey of a group of misfits searching for their destiny.",https://www.boxofficemojo.com/year/world/2024/,True,en,/Users/cedricroetheli/Desktop/BA Cédric/Input/Code/boxoffice-analysis-pipeline/data/raw/subtitles/2024_Mufasa_The_Lion_King_tt13186482_11061297.srt,Mufasa,non_human,,none,Mufasa and the group of misfits,1,0,0,1,low,False,0,False,False,0,0,12,0.0,0.0,success_with_warnings,villain_actor unresolved (none),
2024,7,Dune: Part Two,946,693134.0,tt15239678,Dune: Part Two,2024-02-27,HIGH,714844358,282144358.0,432700000.0,39.5,60.5,7.0,6.0,0.652055368615669,0.0,-1.0,False,False,False,False,"Follow the mythic journey of Paul Atreides as he unites with Chani and the Fremen while on a path of revenge against the conspirators who destroyed his family. Facing a choice between the love of his life and the fate of the known universe, Paul endeavors to prevent a terrible future only he can foresee.",https://www.boxofficemojo.com/year/world/2024/,True,en,/Users/cedricroetheli/Desktop/BA Cédric/Input/Code/boxoffice-analysis-pipeline/data/raw/subtitles/2024_Dune_Part_Two_tt15239678_8684554.srt,Paul Atreides,individual_civilian,the conspirators who destroyed House Atreides,collective_civilian,the known universe,3,3,3,6,medium,False,0,False,False,0,0,26,0.0,0.0,success,,
2024,8,Godzilla x Kong: The New Empire,947,823464.0,tt14539740,Godzilla x Kong: The New Empire,2024-03-27,HIGH,572050016,196350016.0,375700000.0,34.3,65.7,11.0,10.0,0.5226244769763109,3.0,2.0,False,False,False,False,"Following their explosive showdown, Godzilla and Kong must reunite against a colossal undiscovered threat hidden within our world, challenging their very existence – and our own.",https://www.boxofficemojo.com/year/world/2024/,True,en,/Users/cedricroetheli/Desktop/BA Cédric/Input/Code/boxoffice-analysis-pipeline/data/raw/subtitles/2024_Godzilla_x_Kong_The_New_Empire_tt14539740_8739439.srt,Godzilla and Kong,non_human,a colossal undiscovered threat hidden within our world,non_human,our world and the existence of Godzilla and Kong,3,3,3,6,medium,False,0,False,False,0,0,12,0.0,0.0,success,,
2024,9,Kung Fu Panda 4,948,1011985.0,tt21692408,Kung Fu Panda 4,2024-03-02,HIGH,547946428,193590620.0,354355808.0,35.3,64.7,12.0,11.0,0.5463170509117209,3.0,2.0,False,False,False,False,"Po is gearing up to become the spiritual leader of his Valley of Peace, but also needs someone to take his place as Dragon Warrior. As such, he will train a new kung fu practitioner for the spot and will encounter a villain called the Chameleon who conjures villains from the past.",https://www.boxofficemojo.com/year/world/2024/,True,en,/Users/cedricroetheli/Desktop/BA Cédric/Input/Code/boxoffice-analysis-pipeline/data/raw/subtitles/2024_Kung_Fu_Panda_4_tt21692408_8743519.srt,Po,non_human,the Chameleon,non_human,the Valley of Peace,1,1,0,2,medium,True,1,True,True,1,1,14,0.0714285714285714,0.0714285714285714,success,,
2024,10,Sonic the Hedgehog 3,949,939243.0,tt18259086,Sonic the Hedgehog 3,2024-12-19,HIGH,492162604,236115100.0,256047504.0,48.0,52.0,10.0,16.0,0.9221534922675912,0.0,6.0,False,False,False,False,"Sonic, Knuckles, and Tails reunite against a powerful new adversary, Shadow, a mysterious villain with powers unlike anything they have faced before. With their abilities outmatched in every way, Team Sonic must seek out an unlikely alliance in hopes of stopping Shadow and protecting the planet.",https://www.boxofficemojo.com/year/world/2024/,True,en,/Users/cedricroetheli/Desktop/BA Cédric/Input/Code/boxoffice-analysis-pipeline/data/raw/subtitles/2024_Sonic_the_Hedgehog_3_tt18259086_10748064.srt,Team Sonic,collective_civilian,Shadow,non_human,the planet,3,3,3,6,high,False,0,False,False,0,0,13,0.0,0.0,success,,
2024,11,Venom: The Last Dance,950,912649.0,tt16366836,Venom: The Last Dance,2024-10-22,HIGH,478937618,139755882.0,339181736.0,29.2,70.8,18.0,12.0,0.4120383474893235,7.0,1.0,False,False,False,False,"Eddie and Venom are on the run. Hunted by both of their worlds and with the net closing in, the duo are forced into a devastating decision that will bring the curtains down on Venom and Eddie's last dance.",https://www.boxofficemojo.com/year/world/2024/,True,en,/Users/cedricroetheli/Desktop/BA Cédric/Input/Code/boxoffice-analysis-pipeline/data/raw/subtitles/2024_Venom_The_Last_Dance_tt16366836_10581722.srt,Eddie and Venom,non_human,the forces hunting Eddie and Venom from both of their worlds,collective_civilian,Eddie and Venom,0,0,,0,medium,False,0,False,False,0,0,9,0.0,0.0,success_with_warnings,conflict_scale unresolved (none),
2024,12,Gladiator II,951,558449.0,tt9218128,Gladiator II,2024-11-13,HIGH,462180717,172438016.0,289742701.0,37.3,62.7,14.0,14.0,0.5951418807267901,2.0,2.0,False,False,False,False,"Years after witnessing the death of the revered hero Maximus at the hands of his uncle, Lucius is forced to enter the Colosseum after his home is conquered by the tyrannical Emperors who now lead Rome with an iron fist. With rage in his heart and the future of the Empire at stake, Lucius must look to his past to find strength and honor to return the glory of Rome to its people.",https://www.boxofficemojo.com/year/world/2024/,True,en,/Users/cedricroetheli/Desktop/BA Cédric/Input/Code/boxoffice-analysis-pipeline/data/raw/subtitles/2024_Gladiator_II_tt9218128_10862318.srt,Lucius,individual_civilian,the tyrannical Emperors of Rome,state_military,Rome and its people,2,2,1,4,high,False,0,False,False,0,0,9,0.0,0.0,success,,
2024,13,Beetlejuice Beetlejuice,952,917496.0,tt2049403,Beetlejuice Beetlejuice,2024-09-04,HIGH,452000435,294100435.0,157900000.0,65.1,34.9,6.0,25.0,1.862574002533249,-7.0,12.0,False,False,False,False,"After a family tragedy, three generations of the Deetz family return home to Winter River. Still haunted by Betelgeuse, Lydia's life is turned upside down when her teenage daughter, Astrid, accidentally opens the portal to the Afterlife.",https://www.boxofficemojo.com/year/world/2024/,True,en,/Users/cedricroetheli/Desktop/BA Cédric/Input/Code/boxoffice-analysis-pipeline/data/raw/subtitles/2024_Beetlejuice_Beetlejuice_tt2049403_10280395.srt,Lydia Deetz,individual_civilian,Betelgeuse,non_human,Astrid and the Deetz family,1,0,0,1,medium,False,0,False,False,0,0,14,0.0,0.0,success,,
2024,14,Yolo,953,1229349.0,tt28151876,Yolo,2024-02-10,HIGH,433606094,2001584.0,431604510.0,0.5,99.5,119.0,7.0,0.0046375419014968,105.0,-7.0,False,False,False,False,"After an argument with her younger sister, Le Ying moves out on her own. She meets a boxing trainer and starts boxing.",https://www.boxofficemojo.com/year/world/2024/,True,en,/Users/cedricroetheli/Desktop/BA Cédric/Input/Code/boxoffice-analysis-pipeline/data/raw/subtitles/2024_Yolo_tt28151876_9409415.srt,Le Ying,individual_civilian,Le Ying's personal and interpersonal struggles,none,Le Ying,0,0,0,0,medium,False,0,False,False,0,0,2,0.0,0.0,success_with_warnings,villain_actor unresolved (none),
2024,15,Pegasus 2,954,1228891.0,tt30829309,Pegasus 2,2024-02-10,HIGH,422878491,,422878491.0,,100.0,,8.0,,,-7.0,True,False,False,True,"The former champion driver Zhang Chi became a driving school instructor in troubled times, living a life of relying on his reputation to make ends meet. Unexpectedly, pie in the sky falls, and the director of Laotoule Automobile Factor, who is on the verge of suspending production, offers to sponsor Zhang Chi to form a team to compete in the last Bayinbrook Rally.",https://www.boxofficemojo.com/year/world/2024/,True,en,/Users/cedricroetheli/Desktop/BA Cédric/Input/Code/boxoffice-analysis-pipeline/data/raw/subtitles/2024_Pegasus_2_tt30829309_11540671.srt,Zhang Chi,individual_civilian,competitive and financial pressures surrounding the Bayinbrook Rally,none,Zhang Chi and his rally team,1,0,0,1,medium,False,0,False,False,0,0,0,0.0,0.0,success_with_warnings,villain_actor unresolved (none),
2024,16,Successor,955,1299537.0,tt32613601,Successor,2024-07-13,HIGH,422307398,,422307398.0,,100.0,,9.0,,,-7.0,True,False,False,True,"Ma Chenggang, a wealthy man in Xihong City, worries that his eldest son is too spoiled to succeed him. Determined to raise a capable successor, he takes an unconventional approach. They conceal their wealth, moving the family to a dilapidated neighborhood, and maintain an illusion of poverty, so that his son could develop qualities such as hard work, knowledge, careful budgeting, physical fitness, and perseverance.",https://www.boxofficemojo.com/year/world/2024/,True,en,/Users/cedricroetheli/Desktop/BA Cédric/Input/Code/boxoffice-analysis-pipeline/data/raw/subtitles/2024_Successor_tt32613601_11042324.srt,Ma Chenggang,individual_civilian,the son's spoiled upbringing and incompetence,none,Ma Chenggang's eldest son,0,0,0,0,medium,False,0,False,False,0,0,1,0.0,0.0,success_with_warnings,villain_actor unresolved (none),
2024,17,Bad Boys: Ride or Die,956,573435.0,tt4919268,Bad Boys: Ride or Die,2024-06-05,HIGH,404550184,193573217.0,210976967.0,47.8,52.2,13.0,20.0,0.9175087676750988,-4.0,3.0,False,False,False,False,"After their late former Captain is framed, Lowrey and Burnett try to clear his name, only to end up on the run themselves.",https://www.boxofficemojo.com/year/world/2024/,True,en,/Users/cedricroetheli/Desktop/BA Cédric/Input/Code/boxoffice-analysis-pipeline/data/raw/subtitles/2024_Bad_Boys_Ride_or_Die_tt4919268_9330118.srt,Mike Lowrey and Marcus Burnett,state_military,the forces framing their former Captain,none,their late former Captain's name and Mike Lowrey and Marcus Burnett,1,0,0,1,medium,False,0,False,False,0,0,8,0.0,0.0,success_with_warnings,villain_actor unresolved (none),
2024,18,Kingdom of the Planet of the Apes,957,653346.0,tt11389872,Kingdom of the Planet of the Apes,2024-05-08,HIGH,397378150,171130165.0,226247985.0,43.1,56.9,15.0,19.0,0.7563831562963975,-3.0,1.0,False,False,False,False,"Several generations following Caesar's reign, apes – now the dominant species – live harmoniously while humans have been reduced to living in the shadows. As a new tyrannical ape leader builds his empire, one young ape undertakes a harrowing journey that will cause him to question all he's known about the past and to make choices that will define a future for apes and humans alike.",https://www.boxofficemojo.com/year/world/2024/,True,en,/Users/cedricroetheli/Desktop/BA Cédric/Input/Code/boxoffice-analysis-pipeline/data/raw/subtitles/2024_Kingdom_of_the_Planet_of_the_Apes_tt11389872_9677945.srt,one young ape,non_human,a new tyrannical ape leader,non_human,apes and humans alike,2,2,1,4,high,False,0,False,False,0,0,23,0.0,0.0,success,,
2024,19,Twisters,958,718821.0,tt12584954,Twisters,2024-07-10,HIGH,372262265,267762265.0,104500000.0,71.9,28.1,8.0,34.0,2.5623183253588517,-11.0,15.0,False,False,False,False,"As storm season intensifies, the paths of former storm chaser Kate Carter and reckless social-media superstar Tyler Owens collide when terrifying phenomena never seen before are unleashed. The pair and their competing teams find themselves squarely in the paths of multiple storm systems converging over central Oklahoma in the fight of their lives.",https://www.boxofficemojo.com/year/world/2024/,True,en,/Users/cedricroetheli/Desktop/BA Cédric/Input/Code/boxoffice-analysis-pipeline/data/raw/subtitles/2024_Twisters_tt12584954_9663494.srt,Kate Carter and Tyler Owens,collective_civilian,multiple converging storm systems,non_human,"Kate Carter, Tyler Owens, and their teams",1,0,0,1,high,False,0,False,False,0,0,17,0.0,0.0,success,,
2024,20,It Ends with Us,959,1079091.0,tt10655524,It Ends with Us,2024-08-07,HIGH,351441044,148518266.0,202922778.0,42.3,57.7,16.0,21.0,0.7318954898202704,-4.0,1.0,False,False,False,False,"When a woman's first love suddenly reenters her life, her relationship with a charming, but abusive neurosurgeon is upended, and she realizes she must learn to rely on her own strength to make an impossible choice for her future.",https://www.boxofficemojo.com/year/world/2024/,True,en,/Users/cedricroetheli/Desktop/BA Cédric/Input/Code/boxoffice-analysis-pipeline/data/raw/subtitles/2024_It_Ends_with_Us_tt10655524_10413167.srt,the woman,individual_civilian,the abusive neurosurgeon,individual_civilian,the woman,0,0,0,0,high,False,0,False,False,0,0,23,0.0,0.0,success,,
2025,1,Ne Zha 2,960,980477.0,tt34956443,Ne Zha 2,2025-01-29,HIGH,2259822417,23308176.0,2236514241.0,1.0,99.0,66.0,1.0,0.0104216532909615,65.0,0.0,False,False,False,False,"After a catastrophic event leaves their bodies destroyed, Ne Zha and Ao Bing are granted a fragile second chance at life. As tensions rise between the dragon clans and celestial forces, the two must undergo a series of perilous trials that will test their bond, challenge their identities, and decide the fate of both mortals and immortals.",https://www.boxofficemojo.com/year/world/2025/,True,en,/Users/cedricroetheli/Desktop/BA Cédric/Input/Code/boxoffice-analysis-pipeline/data/raw/subtitles/2025_Ne_Zha_2_tt34956443_11483436.srt,Ne Zha and Ao Bing,non_human,the conflict between dragon clans and celestial forces,collective_civilian,mortals and immortals,3,3,3,6,medium,False,0,False,False,0,0,7,0.0,0.0,success,,
2025,2,Zootopia 2,961,1084242.0,tt26443597,Zootopia 2,2025-11-26,HIGH,1859242244,425842244.0,1433400000.0,22.9,77.1,1.0,2.0,0.2970854220733919,-1.0,0.0,False,False,False,False,"After cracking the biggest case in Zootopia's history, rookie cops Judy Hopps and Nick Wilde find themselves on the twisting trail of a great mystery when Gary De'Snake arrives and turns the animal metropolis upside down. To crack the case, Judy and Nick must go undercover to unexpected new parts of town, where their growing partnership is tested like never before.",https://www.boxofficemojo.com/year/world/2025/,True,en,/Users/cedricroetheli/Desktop/BA Cédric/Input/Code/boxoffice-analysis-pipeline/data/raw/subtitles/2025_Zootopia_2_tt26443597_11859043.srt,Judy Hopps and Nick Wilde,state_military,Gary De'Snake,individual_civilian,Zootopia,2,1,0,3,medium,True,1,False,True,0,1,16,0.0,0.0625,success,,
2025,3,Avatar: Fire and Ash,962,83533.0,tt1757678,Avatar: Fire and Ash,2025-12-17,HIGH,1480645883,401245883.0,1079400000.0,27.1,72.9,4.0,3.0,0.3717304826755604,1.0,0.0,False,False,False,False,"In the wake of the devastating war against the RDA and the loss of their eldest son, Jake Sully and Neytiri face a new threat on Pandora: the Ash People, a violent and power-hungry Na'vi tribe led by the ruthless Varang. Jake's family must fight for their survival and the future of Pandora in a conflict that pushes them to their emotional and physical limits.",https://www.boxofficemojo.com/year/world/2025/,True,en,/Users/cedricroetheli/Desktop/BA Cédric/Input/Code/boxoffice-analysis-pipeline/data/raw/subtitles/2025_Avatar_Fire_and_Ash_tt1757678_12004000.srt,Jake Sully and his family,collective_civilian,Varang and the Ash People,collective_civilian,Pandora,3,3,3,6,medium,False,0,False,False,0,0,11,0.0,0.0,success,,
2025,4,Lilo & Stitch,963,552524.0,tt11655566,Lilo & Stitch,2025-05-17,HIGH,1038027526,423778855.0,614248671.0,40.8,59.2,3.0,4.0,0.689914158560711,-1.0,0.0,False,False,False,False,The wildly funny and touching story of a lonely Hawaiian girl and the fugitive alien who helps to mend her broken family.,https://www.boxofficemojo.com/year/world/2025/,True,en,/Users/cedricroetheli/Desktop/BA Cédric/Input/Code/boxoffice-analysis-pipeline/data/raw/subtitles/2025_Lilo_Stitch_tt11655566_11466780.srt,Lilo and Stitch,collective_civilian,the fugitive status and forces pursuing Stitch,none,Lilo's broken family,1,0,0,1,medium,False,0,False,False,0,0,17,0.0,0.0,success_with_warnings,villain_actor unresolved (none),
2025,5,A Minecraft Movie,964,950387.0,tt3566834,A Minecraft Movie,2025-03-31,HIGH,961187780,424087780.0,537100000.0,44.1,55.9,2.0,6.0,0.7895881213926643,-3.0,1.0,False,False,False,False,"Four misfits find themselves struggling with ordinary problems when they are suddenly pulled through a mysterious portal into the Overworld: a bizarre, cubic wonderland that thrives on imagination. To get back home, they'll have to master this world while embarking on a magical quest with an unexpected, expert crafter, Steve.",https://www.boxofficemojo.com/year/world/2025/,True,en,/Users/cedricroetheli/Desktop/BA Cédric/Input/Code/boxoffice-analysis-pipeline/data/raw/subtitles/2025_A_Minecraft_Movie_tt3566834_11065391.srt,Four misfits and Steve,collective_civilian,the Overworld and its threats,non_human,the four misfits,1,0,0,1,medium,False,0,False,False,0,0,19,0.0,0.0,success,,
2025,6,Jurassic World: Rebirth,965,1234821.0,tt31036941,Jurassic World Rebirth,2025-07-01,HIGH,869146189,339640400.0,529505789.0,39.1,60.9,7.0,7.0,0.6414290590503818,1.0,1.0,False,False,False,False,"Five years after the events of Jurassic World Dominion, covert operations expert Zora Bennett is contracted to lead a skilled team on a top-secret mission to secure genetic material from the world's three most massive dinosaurs. When Zora's operation intersects with a civilian family whose boating expedition was capsized, they all find themselves stranded on an island where they come face-to-face with a sinister, shocking discovery that's been hidden from the world for decades.",https://www.boxofficemojo.com/year/world/2025/,True,en,/Users/cedricroetheli/Desktop/BA Cédric/Input/Code/boxoffice-analysis-pipeline/data/raw/subtitles/2025_Jurassic_World_Rebirth_tt31036941_11453977.srt,Zora Bennett,individual_civilian,the hidden sinister discovery on the island,non_human,Zora's team and the stranded civilian family,1,1,0,2,medium,True,1,False,True,0,1,10,0.0,0.1,success,,
2025,7,Demon Slayer: Kimetsu no Yaiba Infinity Castle,966,1311031.0,tt32820897,Demon Slayer: Kimetsu no Yaiba Infinity Castle,2025-07-18,HIGH,733029220,134519077.0,598510143.0,18.4,81.6,18.0,5.0,0.2247565535409815,11.0,-2.0,False,False,False,False,"The Demon Slayer Corps are drawn into the Infinity Castle, where Tanjiro, Nezuko, and the Hashira face terrifying Upper Rank demons in a desperate fight as the final battle against Muzan Kibutsuji begins.",https://www.boxofficemojo.com/year/world/2025/,True,en,/Users/cedricroetheli/Desktop/BA Cédric/Input/Code/boxoffice-analysis-pipeline/data/raw/subtitles/2025_Demon_Slayer_Kimetsu_no_Yaiba_Infinity_Castle_tt32820897_11590432.srt,"Tanjiro, Nezuko, and the Demon Slayer Corps",collective_civilian,Muzan Kibutsuji and the Upper Rank demons,non_human,humanity threatened by the demons,3,2,1,5,medium,False,0,False,False,0,0,9,0.0,0.0,success,,
2025,8,How to Train Your Dragon,967,1087192.0,tt26743210,How to Train Your Dragon,2025-06-06,HIGH,636590030,262958100.0,373631930.0,41.3,58.7,10.0,12.0,0.7037891542085282,2.0,4.0,False,False,False,False,"On the rugged isle of Berk, where Vikings and dragons have been bitter enemies for generations, Hiccup stands apart, defying centuries of tradition when he befriends Toothless, a feared Night Fury dragon. Their unlikely bond reveals the true nature of dragons, challenging the very foundations of Viking society.",https://www.boxofficemojo.com/year/world/2025/,True,en,/Users/cedricroetheli/Desktop/BA Cédric/Input/Code/boxoffice-analysis-pipeline/data/raw/subtitles/2025_How_to_Train_Your_Dragon_tt26743210_11429101.srt,Hiccup,individual_civilian,centuries of Viking-dragon enmity,collective_civilian,Vikings and dragons on Berk,1,1,0,2,medium,True,1,False,True,0,1,9,0.0,0.1111111111111111,success,,
2025,9,F1: The Movie,968,911430.0,tt16311594,F1,2025-06-25,MANUAL_ACCEPTED,633342436,189642436.0,443700000.0,29.9,70.1,14.0,9.0,0.4274113950867703,5.0,0.0,False,False,False,False,Racing legend Sonny Hayes is coaxed out of retirement to lead a struggling Formula 1 team—and mentor a young hotshot driver—while chasing one more chance at glory.,https://www.boxofficemojo.com/year/world/2025/,True,en,/Users/cedricroetheli/Desktop/BA Cédric/Input/Code/boxoffice-analysis-pipeline/data/raw/subtitles/2025_F1_The_Movie_tt16311594_11524519.srt,Sonny Hayes,individual_civilian,the struggling circumstances facing the Formula 1 team,none,the struggling Formula 1 team,1,1,2,2,medium,False,0,False,False,0,0,10,0.0,0.0,success_with_warnings,villain_actor unresolved (none),
2025,10,Superman,969,1061474.0,tt5950044,Superman,2025-07-09,HIGH,624323803,354223803.0,270100000.0,56.7,43.3,5.0,15.0,1.3114542873009996,-5.0,5.0,False,False,False,False,"Superman, a journalist in Metropolis, embarks on a journey to reconcile his Kryptonian heritage with his human upbringing as Clark Kent.",https://www.boxofficemojo.com/year/world/2025/,True,en,/Users/cedricroetheli/Desktop/BA Cédric/Input/Code/boxoffice-analysis-pipeline/data/raw/subtitles/2025_Superman_tt5950044_11472618.srt,Superman / Clark Kent,individual_civilian,,none,Superman / Clark Kent,0,0,0,0,low,False,0,False,False,0,0,8,0.0,0.0,success_with_warnings,villain_actor unresolved (none),
2025,11,Mission: Impossible - The Final Reckoning,970,575265.0,tt9603208,Mission: Impossible - The Final Reckoning,2025-05-17,HIGH,598767057,197413515.0,401353542.0,33.0,67.0,12.0,11.0,0.4918693728632897,1.0,0.0,False,False,False,False,"Ethan Hunt and team continue their search for the terrifying AI known as the Entity — which has infiltrated intelligence networks all over the globe — with the world's governments and a mysterious ghost from Hunt's past on their trail. Joined by new allies and armed with the means to shut the Entity down for good, Hunt is in a race against time to prevent the world as we know it from changing forever.",https://www.boxofficemojo.com/year/world/2025/,True,en,/Users/cedricroetheli/Desktop/BA Cédric/Input/Code/boxoffice-analysis-pipeline/data/raw/subtitles/2025_Mission_Impossible_The_Final_Reckoning_tt9603208_11474428.srt,Ethan Hunt and team,collective_civilian,the Entity,non_human,the world as we know it,3,3,3,6,high,True,2,False,True,0,2,29,0.0,0.0689655172413793,success,,
2025,12,Wicked: For Good,971,967941.0,tt19847976,Wicked: For Good,2025-11-19,HIGH,525880815,342915090.0,182965725.0,65.2,34.8,6.0,20.0,1.874203980007731,-6.0,8.0,False,False,False,False,"As an angry mob rises against the Wicked Witch, Glinda and Elphaba will need to come together one final time. With their singular friendship now the fulcrum of their futures, they will need to truly see each other, with honesty and empathy, if they are to change themselves, and all of Oz, for good.",https://www.boxofficemojo.com/year/world/2025/,True,en,/Users/cedricroetheli/Desktop/BA Cédric/Input/Code/boxoffice-analysis-pipeline/data/raw/subtitles/2025_Wicked_For_Good_tt19847976_11817479.srt,Glinda and Elphaba,collective_civilian,the angry mob against the Wicked Witch,collective_civilian,Oz,2,2,1,4,medium,True,1,True,True,1,1,23,0.0434782608695652,0.0434782608695652,success,,
2025,13,The Fantastic Four: First Steps,972,617126.0,tt10676052,The Fantastic 4: First Steps,2025-07-23,MED,521858728,274286610.0,247572118.0,52.6,47.4,9.0,17.0,1.107905899161068,-4.0,4.0,False,False,False,False,"Against the vibrant backdrop of a 1960s-inspired, retro-futuristic world, Marvel's First Family is forced to balance their roles as heroes with the strength of their family bond, while defending Earth from a ravenous space god called Galactus and his enigmatic Herald, Silver Surfer.",https://www.boxofficemojo.com/year/world/2025/,True,en,/Users/cedricroetheli/Desktop/BA Cédric/Input/Code/boxoffice-analysis-pipeline/data/raw/subtitles/2025_The_Fantastic_Four_First_Steps_tt10676052_11510984.srt,Marvel's First Family (the Fantastic Four),collective_civilian,"Galactus and his Herald, Silver Surfer",non_human,Earth,3,3,3,6,high,False,0,False,False,0,0,15,0.0,0.0,success,,
2025,14,Detective Chinatown 1900,973,1357305.0,tt34463310,Detective Chinatown 1900,2025-01-29,HIGH,500282092,2229946.0,498052146.0,0.4,99.6,123.0,8.0,0.0044773343873916,109.0,-6.0,False,False,False,False,"In 1900, a white woman was murdered in Chinatown in San Francisco, and the suspect was a Chinese man. The murder caused social shock, and people demanded the closure of Chinatown.",https://www.boxofficemojo.com/year/world/2025/,True,en,/Users/cedricroetheli/Desktop/BA Cédric/Input/Code/boxoffice-analysis-pipeline/data/raw/subtitles/2025_Detective_Chinatown_1900_tt34463310_11436699.srt,,none,the murderer of the white woman,individual_civilian,Chinatown,1,,0,,low,False,0,False,False,0,0,8,0.0,0.0,success_with_warnings,hero_actor unresolved (none) | hero_victim_distance unresolved (none),
2025,15,The Conjuring: Last Rites,974,1038392.0,tt22898462,The Conjuring: Last Rites,2025-09-03,HIGH,499156445,177756445.0,321400000.0,35.6,64.4,15.0,13.0,0.5530692128189172,0.0,-2.0,False,False,False,False,Paranormal investigators Ed and Lorraine Warren take on one last terrifying case involving mysterious entities they must confront.,https://www.boxofficemojo.com/year/world/2025/,True,en,/Users/cedricroetheli/Desktop/BA Cédric/Input/Code/boxoffice-analysis-pipeline/data/raw/subtitles/2025_The_Conjuring_Last_Rites_tt22898462_11528117.srt,Ed and Lorraine Warren,collective_civilian,mysterious entities,non_human,the people targeted in the Warrens' final case,1,1,0,2,medium,False,0,False,False,0,0,16,0.0,0.0,success,,
2025,16,Dead to Rights,975,1500536.0,tt36598036,Dead to Rights,2025-07-19,HIGH,422785908,,422785908.0,,100.0,,10.0,,,-6.0,True,False,False,True,"During the 1937 Nanjing Massacre, a postman poses as a photo developer, helping Japanese forces while secretly sheltering Chinese refugees. He later risks his life evacuating them and revealing evidence of the atrocities.",https://www.boxofficemojo.com/year/world/2025/,True,en,/Users/cedricroetheli/Desktop/BA Cédric/Input/Code/boxoffice-analysis-pipeline/data/raw/subtitles/2025_Dead_to_Rights_tt36598036_11840162.srt,the postman,individual_civilian,Japanese forces,state_military,Chinese refugees,1,0,1,1,high,False,0,False,False,0,0,14,0.0,0.0,success,,
2025,17,Captain America: Brave New World,976,822119.0,tt14513804,Captain America: Brave New World,2025-02-12,HIGH,415101577,200500001.0,214601576.0,48.3,51.7,11.0,18.0,0.93428950866605,-6.0,1.0,False,False,False,False,"After meeting with newly elected U.S. President Thaddeus Ross, Sam finds himself in the middle of an international incident. He must discover the reason behind a nefarious global plot before the true mastermind has the entire world seeing red.",https://www.boxofficemojo.com/year/world/2025/,True,en,/Users/cedricroetheli/Desktop/BA Cédric/Input/Code/boxoffice-analysis-pipeline/data/raw/subtitles/2025_Captain_America_Brave_New_World_tt14513804_11161999.srt,Sam,individual_civilian,the true mastermind behind the global plot,individual_civilian,the entire world,3,3,3,6,medium,True,2,True,True,2,2,15,0.1333333333333333,0.1333333333333333,success,,
2025,18,The Housemaid,977,1368166.0,tt27543632,The Housemaid,2025-12-18,HIGH,385875445,126271636.0,259603809.0,32.7,67.3,20.0,16.0,0.4864013224089482,2.0,-2.0,False,False,False,False,"Trying to escape her past, Millie Calloway accepts a job as a live-in housemaid for the wealthy Nina and Andrew Winchester. But what begins as a dream job quickly unravels into something far more dangerous—a sexy, seductive game of secrets, scandal, and power.",https://www.boxofficemojo.com/year/world/2025/,True,en,/Users/cedricroetheli/Desktop/BA Cédric/Input/Code/boxoffice-analysis-pipeline/data/raw/subtitles/2025_The_Housemaid_tt27543632_11885352.srt,Millie Calloway,individual_civilian,Nina and Andrew Winchester,collective_civilian,Millie Calloway,0,0,0,0,medium,False,0,False,False,0,0,8,0.0,0.0,success,,
2025,19,Thunderbolts*,978,986056.0,tt20969586,Thunderbolts*,2025-04-30,HIGH,382436917,190274328.0,192162589.0,49.8,50.2,13.0,19.0,0.9901736284371148,-6.0,0.0,False,False,False,False,"After finding themselves ensnared in a death trap, seven disillusioned castoffs must embark on a dangerous mission that will force them to confront the darkest corners of their pasts.",https://www.boxofficemojo.com/year/world/2025/,True,en,/Users/cedricroetheli/Desktop/BA Cédric/Input/Code/boxoffice-analysis-pipeline/data/raw/subtitles/2025_Thunderbolts_tt20969586_11438525.srt,seven disillusioned castoffs,collective_civilian,the death trap / unspecified threat behind the mission,none,seven disillusioned castoffs,1,0,,1,low,True,2,True,True,2,2,18,0.1111111111111111,0.1111111111111111,success_with_warnings,villain_actor unresolved (none) | conflict_scale unresolved (none),
2025,20,Sinners,979,1233413.0,tt31193180,Sinners,2025-04-16,HIGH,369189632,279989632.0,89200000.0,75.8,24.2,8.0,37.0,3.1388972197309415,-12.0,17.0,False,False,False,False,"Trying to leave their troubled lives behind, twin brothers return to their hometown to start again, only to discover that an even greater evil is waiting to welcome them back.",https://www.boxofficemojo.com/year/world/2025/,True,en,/Users/cedricroetheli/Desktop/BA Cédric/Input/Code/boxoffice-analysis-pipeline/data/raw/subtitles/2025_Sinners_tt31193180_11460055.srt,twin brothers,collective_civilian,an even greater evil,none,the twin brothers,0,0,0,0,medium,True,1,False,True,0,1,34,0.0,0.0294117647058823,success_with_warnings,villain_actor unresolved (none),
